record_id,pmid,pmcid,retrieval_status,evidence_url,content_sha256,body_word_count,methods_section,checked_at
R0001,27885969,PMC5493079,not_sought,https://pubmed.ncbi.nlm.nih.gov/27885969/,,,,2026-09-12
R0002,35041590,,not_retrieved,https://pubmed.ncbi.nlm.nih.gov/35041590/,,,,2026-09-12
R0003,38139521,PMC10747670,retrieved_pmc,https://pmc.ncbi.nlm.nih.gov/articles/PMC10747670/,a2a5609898dfe88b07d2e6d1245d1ca45803e8b4bb77b582056c458def6512fb,7870,yes,2026-09-12
R0004,40100883,PMC11957733,not_sought,https://pubmed.ncbi.nlm.nih.gov/40100883/,,,,2026-09-12
R0005,40796769,PMC12344049,retrieved_pmc,https://pmc.ncbi.nlm.nih.gov/articles/PMC12344049/,9a38c2cd8089b0bbc95c1a488b9f34de59a1d75516ad7a6df0023f66fbbb3728,11652,yes,2026-09-12
R0006,40164059,,not_retrieved,https://pubmed.ncbi.nlm.nih.gov/40164059/,,,,2026-09-12
R0007,29546805,PMC5858615,not_sought,https://pubmed.ncbi.nlm.nih.gov/29546805/,,,,2026-09-12
R0008,40006452,PMC11860027,not_sought,https://pubmed.ncbi.nlm.nih.gov/40006452/,,,,2026-09-12
R0009,40096220,PMC11902865,not_sought,https://pubmed.ncbi.nlm.nih.gov/40096220/,,,,2026-09-12
R0010,35088735,,not_retrieved,https://pubmed.ncbi.nlm.nih.gov/35088735/,,,,2026-09-12
R0011,39453291,,not_retrieved,https://pubmed.ncbi.nlm.nih.gov/39453291/,,,,2026-09-12
R0012,41153333,PMC12564096,retrieved_pmc,https://pmc.ncbi.nlm.nih.gov/articles/PMC12564096/,c00058cc3e7e981dc8e6f48205442d7f4389ab7dab6ab0328c3075379decf539,7654,yes,2026-09-12
R0013,37106687,PMC10135816,not_sought,https://pubmed.ncbi.nlm.nih.gov/37106687/,,,,2026-09-12
R0014,40271647,PMC12353991,not_sought,https://pubmed.ncbi.nlm.nih.gov/40271647/,,,,2026-09-12
R0015,38231823,,not_retrieved,https://pubmed.ncbi.nlm.nih.gov/38231823/,,,,2026-09-12
R0016,,,not_sought,https://dl.acm.org/doi/10.1145/3737281,,,,2026-09-12
R0017,37100924,PMC10133304,not_sought,https://pubmed.ncbi.nlm.nih.gov/37100924/,,,,2026-09-12
R0018,29946251,PMC6006917,not_sought,https://pubmed.ncbi.nlm.nih.gov/29946251/,,,,2026-09-12
R0019,37972595,,not_retrieved,https://pubmed.ncbi.nlm.nih.gov/37972595/,,,,2026-09-12
R0020,35878817,,not_sought,https://pubmed.ncbi.nlm.nih.gov/35878817/,,,,2026-09-12
R0021,40039359,,not_retrieved,https://pubmed.ncbi.nlm.nih.gov/40039359/,,,,2026-09-12
R0022,40652630,,not_sought,https://pubmed.ncbi.nlm.nih.gov/40652630/,,,,2026-09-12
R0023,30625000,,not_sought,https://pubmed.ncbi.nlm.nih.gov/30625000/,,,,2026-09-12
R0024,41681083,,not_sought,https://pubmed.ncbi.nlm.nih.gov/41681083/,,,,2026-09-12
R0025,24974775,,not_retrieved,https://pubmed.ncbi.nlm.nih.gov/24974775/,,,,2026-09-12
R0026,39097739,PMC11297625,retrieved_pmc,https://pmc.ncbi.nlm.nih.gov/articles/PMC11297625/,86e64dd379849e525c7151cdaddea9f80d4a299c3149a3d7dbf2e045f6f3fa5b,6260,yes,2026-09-12
R0027,41366265,PMC12689790,not_sought,https://pubmed.ncbi.nlm.nih.gov/41366265/,,,,2026-09-12
R0028,41930234,PMC13039019,not_sought,https://pubmed.ncbi.nlm.nih.gov/41930234/,,,,2026-09-12
R0029,42558820,PMC13438283,retrieved_pmc,https://pmc.ncbi.nlm.nih.gov/articles/PMC13438283/,98ee788ba8eec48e02b9ecf46b72cba04dd24abbbc3abf42ea3c1291a95a5451,7449,yes,2026-09-12
R0030,39788578,PMC11774282,not_sought,https://pubmed.ncbi.nlm.nih.gov/39788578/,,,,2026-09-12
R0031,39845012,PMC11750553,retrieved_pmc,https://pmc.ncbi.nlm.nih.gov/articles/PMC11750553/,c172bd29e90e4467aa05f1637acb914e0bbddcd37eaf6fb6324a38b25a615312,6420,yes,2026-09-12
R0032,33018277,,not_retrieved,https://pubmed.ncbi.nlm.nih.gov/33018277/,,,,2026-09-12
R0033,39333541,PMC11436824,retrieved_pmc,https://pmc.ncbi.nlm.nih.gov/articles/PMC11436824/,950723f2887bcf00798e41e6b6c0a7e8b4128aa4023501c37d2763786f5643f5,8760,yes,2026-09-12
R0034,23574118,PMC3691100,retrieved_pmc,https://pmc.ncbi.nlm.nih.gov/articles/PMC3691100/,4d9e4640f2467c3d611b2e1240e62a5699ef5acb4f8ac96ef597cc3c62d1cd01,5261,yes,2026-09-12
R0035,41251282,,not_retrieved,https://pubmed.ncbi.nlm.nih.gov/41251282/,,,,2026-09-12
R0036,36994457,PMC10041392,not_sought,https://pubmed.ncbi.nlm.nih.gov/36994457/,,,,2026-09-12
R0037,42514252,PMC13412368,not_sought,https://pubmed.ncbi.nlm.nih.gov/42514252/,,,,2026-09-12
R0038,37104439,PMC10141195,not_sought,https://pubmed.ncbi.nlm.nih.gov/37104439/,,,,2026-09-12
R0039,38199191,,not_sought,https://pubmed.ncbi.nlm.nih.gov/38199191/,,,,2026-09-12
R0040,38607660,PMC11053395,not_sought,https://pubmed.ncbi.nlm.nih.gov/38607660/,,,,2026-09-12
R0041,40516197,,not_retrieved,https://pubmed.ncbi.nlm.nih.gov/40516197/,,,,2026-09-12
R0042,41924082,PMC13037636,not_sought,https://pubmed.ncbi.nlm.nih.gov/41924082/,,,,2026-09-12
R0043,42032954,PMC13071591,retrieved_pmc,https://pmc.ncbi.nlm.nih.gov/articles/PMC13071591/,094d3e2f92581969a461dd52a51c4f1b4399c1476972201cabaf8ce0d0fa6a29,457,no,2026-09-12
R0044,39338237,PMC11432921,not_sought,https://pubmed.ncbi.nlm.nih.gov/39338237/,,,,2026-09-12
R0045,37416623,PMC10322534,not_sought,https://pubmed.ncbi.nlm.nih.gov/37416623/,,,,2026-09-12
R0046,42277490,,not_sought,https://pubmed.ncbi.nlm.nih.gov/42277490/,,,,2026-09-12
R0047,42160993,,not_sought,https://pubmed.ncbi.nlm.nih.gov/42160993/,,,,2026-09-12
R0048,42243763,PMC13455303,not_sought,https://pubmed.ncbi.nlm.nih.gov/42243763/,,,,2026-09-12
R0049,37205356,PMC10187402,not_sought,https://pubmed.ncbi.nlm.nih.gov/37205356/,,,,2026-09-12
R0050,41983382,PMC13080763,retrieved_pmc,https://pmc.ncbi.nlm.nih.gov/articles/PMC13080763/,e893142e4cf5de5de3b54c04fe25106292a03ee77e470cd2bcbc6d68aece319a,6027,yes,2026-09-12
R0051,37004311,,not_retrieved,https://pubmed.ncbi.nlm.nih.gov/37004311/,,,,2026-09-12
R0052,35643846,,not_sought,https://pubmed.ncbi.nlm.nih.gov/35643846/,,,,2026-09-12
R0053,38334268,,not_retrieved,https://pubmed.ncbi.nlm.nih.gov/38334268/,,,,2026-09-12
R0054,36085672,,not_retrieved,https://pubmed.ncbi.nlm.nih.gov/36085672/,,,,2026-09-12
R0055,36939418,PMC10018439,retrieved_pmc,https://pmc.ncbi.nlm.nih.gov/articles/PMC10018439/,b415b20d9fdafdf7c749ea1f777c264e9fbaeb5c5fd1b057a1514749b97f8ab1,3469,yes,2026-09-12
R0056,42486150,,not_sought,https://pubmed.ncbi.nlm.nih.gov/42486150/,,,,2026-09-12
R0057,39511381,PMC11543859,not_sought,https://pubmed.ncbi.nlm.nih.gov/39511381/,,,,2026-09-12
R0058,26034245,PMC4485009,not_retrieved,https://pubmed.ncbi.nlm.nih.gov/26034245/,,,,2026-09-12
R0059,41589968,PMC12838980,retrieved_pmc,https://pmc.ncbi.nlm.nih.gov/articles/PMC12838980/,f408317b5a32e23646571c6ae8ea659aa3ea8977412fca96250ac722eb595378,10220,yes,2026-09-12
R0060,38846372,PMC11155325,retrieved_pmc,https://pmc.ncbi.nlm.nih.gov/articles/PMC11155325/,575839240cf6b722a78e456132a62211d7ae50d91b23c4aa8440398fbb41862f,12241,yes,2026-09-12
R0061,39717789,PMC11663861,not_sought,https://pubmed.ncbi.nlm.nih.gov/39717789/,,,,2026-09-12
R0062,41245089,PMC12617409,not_sought,https://pubmed.ncbi.nlm.nih.gov/41245089/,,,,2026-09-12
R0063,34242161,,not_retrieved,https://pubmed.ncbi.nlm.nih.gov/34242161/,,,,2026-09-12
R0064,30440413,PMC6436808,retrieved_pmc,https://pmc.ncbi.nlm.nih.gov/articles/PMC6436808/,b0a9129e7716fba01a00ed4d092b8e03ce2cc721b5947450250431ab2d08e0ae,2860,yes,2026-09-12
R0065,30713485,PMC6352979,retrieved_pmc,https://pmc.ncbi.nlm.nih.gov/articles/PMC6352979/,a6a9a51679479a1ce373a4dba70d4ee1a9d9f561a794f1837d08766bd36fdfa6,5920,yes,2026-09-12
R0066,40251301,PMC12008390,retrieved_pmc,https://pmc.ncbi.nlm.nih.gov/articles/PMC12008390/,cabc185fa721d448d4679f185cd9b3a28557328a65caab9339cdb933f5c6fe21,5424,yes,2026-09-12
R0067,42488365,PMC13388622,not_retrieved,https://pubmed.ncbi.nlm.nih.gov/42488365/,,,,2026-09-12
R0068,35688852,PMC9187730,not_sought,https://pubmed.ncbi.nlm.nih.gov/35688852/,,,,2026-09-12
R0069,39543343,PMC11564822,not_sought,https://pubmed.ncbi.nlm.nih.gov/39543343/,,,,2026-09-12
R0070,36764062,,not_sought,https://pubmed.ncbi.nlm.nih.gov/36764062/,,,,2026-09-12
R0071,31825861,,not_sought,https://pubmed.ncbi.nlm.nih.gov/31825861/,,,,2026-09-12
R0072,42288571,PMC13522443,retrieved_pmc,https://pmc.ncbi.nlm.nih.gov/articles/PMC13522443/,d2305fcb86c1fec8d7b79ec9f7d06667bb6f6cc3af31881f902702b7488f5b8e,6428,yes,2026-09-12
R0073,36086417,,not_retrieved,https://pubmed.ncbi.nlm.nih.gov/36086417/,,,,2026-09-12
R0074,40595349,PMC12218136,retrieved_pmc,https://pmc.ncbi.nlm.nih.gov/articles/PMC12218136/,33197fa050b20cede6b2262ed8df6d8ae48f8b230e4be6221acb20c3b52224ac,5958,yes,2026-09-12
R0075,40039519,,not_retrieved,https://pubmed.ncbi.nlm.nih.gov/40039519/,,,,2026-09-12
R0076,,,not_sought,https://ieeexplore.ieee.org/document/8865626/,,,,2026-09-12
R0077,34068462,PMC8125973,retrieved_pmc,https://pmc.ncbi.nlm.nih.gov/articles/PMC8125973/,b498d1fdc7167158c47fe88424880099f5ad6026595c6dc729c42ed419d70389,8128,yes,2026-09-12
R0078,41206302,,not_sought,https://pubmed.ncbi.nlm.nih.gov/41206302/,,,,2026-09-12
R0079,41894538,PMC13029810,retrieved_pmc,https://pmc.ncbi.nlm.nih.gov/articles/PMC13029810/,80dd930b90f8ff5c31d3a09ab007052d59d930630641db2f9f2de962e78de580,14105,yes,2026-09-12
R0080,42619466,,not_sought,https://pubmed.ncbi.nlm.nih.gov/42619466/,,,,2026-09-12
R0081,32881257,,not_sought,https://pubmed.ncbi.nlm.nih.gov/32881257/,,,,2026-09-12
R0082,41605141,,not_retrieved,https://pubmed.ncbi.nlm.nih.gov/41605141/,,,,2026-09-12
R0083,38994344,PMC11236545,retrieved_pmc,https://pmc.ncbi.nlm.nih.gov/articles/PMC11236545/,b6711ad9e76ad08be9d8f22518fec7dd3e51940b7b0920f2d75529b1b90167f7,7161,yes,2026-09-12
R0084,41749681,PMC12938521,retrieved_pmc,https://pmc.ncbi.nlm.nih.gov/articles/PMC12938521/,2d06e3a985aa7277587da94c373e61bafbcc9340e7fd622080cca3ef40b27363,5440,yes,2026-09-12
R0085,39932700,,not_sought,https://pubmed.ncbi.nlm.nih.gov/39932700/,,,,2026-09-12
R0086,33108311,PMC7704279,not_sought,https://pubmed.ncbi.nlm.nih.gov/33108311/,,,,2026-09-12
R0087,39380108,PMC11463084,not_sought,https://pubmed.ncbi.nlm.nih.gov/39380108/,,,,2026-09-12
R0088,,,checked_curated_source,https://doi.org/10.1145/3449068,,,,2026-09-12
R0089,40745441,PMC12314105,retrieved_pmc,https://pmc.ncbi.nlm.nih.gov/articles/PMC12314105/,c4ca20ad29456bfc7edf14afd10fedd6f52f363aced28f68b76157c2f6b28ce7,4234,yes,2026-09-12
R0090,41348694,PMC12680202,retrieved_pmc,https://pmc.ncbi.nlm.nih.gov/articles/PMC12680202/,20b5e1a741cdf8a2c49d46d87ece75271592aabd2d07c0eb55c0e3886e01c7f8,5294,yes,2026-09-12
R0091,36277167,PMC9582446,retrieved_pmc,https://pmc.ncbi.nlm.nih.gov/articles/PMC9582446/,30d940bec4f7dc2150405f159eef6b630b17c750c9d7632dfc775b35c745dc28,5197,yes,2026-09-12
R0092,40731063,PMC12307811,retrieved_pmc,https://pmc.ncbi.nlm.nih.gov/articles/PMC12307811/,969c21254d8e84f01031250419be529fc50adc90e5a8563399a62e50749c24e2,9599,yes,2026-09-12
R0093,,,not_sought,https://pubmed.ncbi.nlm.nih.gov/11690728/,,,,2026-09-12
R0094,38852434,PMC11418354,not_sought,https://pubmed.ncbi.nlm.nih.gov/38852434/,,,,2026-09-12
R0095,24850309,PMC4121459,not_sought,https://pubmed.ncbi.nlm.nih.gov/24850309/,,,,2026-09-12
R0096,42268376,PMC13250572,not_sought,https://pubmed.ncbi.nlm.nih.gov/42268376/,,,,2026-09-12
R0097,41579132,,not_sought,https://pubmed.ncbi.nlm.nih.gov/41579132/,,,,2026-09-12
R0098,36220864,PMC9553970,not_sought,https://pubmed.ncbi.nlm.nih.gov/36220864/,,,,2026-09-12
R0099,37638532,,not_sought,https://pubmed.ncbi.nlm.nih.gov/37638532/,,,,2026-09-12
R0100,35510947,,not_sought,https://pubmed.ncbi.nlm.nih.gov/35510947/,,,,2026-09-12
R0101,42670051,PMC13527223,not_sought,https://pubmed.ncbi.nlm.nih.gov/42670051/,,,,2026-09-12
R0102,39223215,PMC11369161,retrieved_pmc,https://pmc.ncbi.nlm.nih.gov/articles/PMC11369161/,0aff6f827304027839a0f3ef8a90f52ff1d6c256e89d449cc2c0d074ae9b4ec8,4476,yes,2026-09-12
R0103,39831333,,not_sought,https://pubmed.ncbi.nlm.nih.gov/39831333/,,,,2026-09-12
R0104,41851189,PMC13000268,not_sought,https://pubmed.ncbi.nlm.nih.gov/41851189/,,,,2026-09-12
R0105,39754012,PMC11698723,not_sought,https://pubmed.ncbi.nlm.nih.gov/39754012/,,,,2026-09-12
R0106,34300578,PMC8309734,retrieved_pmc,https://pmc.ncbi.nlm.nih.gov/articles/PMC8309734/,364e7ece7640851715cb630eb4f6e0428243e2e298e690bf3bf153f43fa0a92d,8513,yes,2026-09-12
R0107,34876922,PMC8645396,not_sought,https://pubmed.ncbi.nlm.nih.gov/34876922/,,,,2026-09-12
R0108,,,checked_curated_source,https://doi.org/10.1016/j.pain.2011.11.023,,,,2026-09-12
R0109,35174358,PMC8846566,not_sought,https://pubmed.ncbi.nlm.nih.gov/35174358/,,,,2026-09-12
R0110,42197756,PMC13210414,retrieved_pmc,https://pmc.ncbi.nlm.nih.gov/articles/PMC13210414/,cf39643ebcacb7aef109ec8c6d4c077e41b5f66e7732b3500b706e3e1d383459,8932,yes,2026-09-12
R0111,40382393,PMC12085662,retrieved_pmc,https://pmc.ncbi.nlm.nih.gov/articles/PMC12085662/,61f71faaa55716e5953fc73a349ff15cd7e301f0518e58892d935d98404d6085,4509,yes,2026-09-12
R0112,40982036,PMC12454492,not_sought,https://pubmed.ncbi.nlm.nih.gov/40982036/,,,,2026-09-12
R0113,32793402,PMC7423325,retrieved_pmc,https://pmc.ncbi.nlm.nih.gov/articles/PMC7423325/,b85aba9260744782377208c3c4ef1459d0c81a162930d4dd340f9a3e394b5309,4854,yes,2026-09-12
R0114,41274668,PMC12658508,retrieved_pmc,https://pmc.ncbi.nlm.nih.gov/articles/PMC12658508/,8bec2f53cff777f166924ce2a466729a9ae185c2142d94b3db94d12d7dae4d37,3712,yes,2026-09-12
R0115,41504676,,not_sought,https://pubmed.ncbi.nlm.nih.gov/41504676/,,,,2026-09-12
R0116,36085712,,not_retrieved,https://pubmed.ncbi.nlm.nih.gov/36085712/,,,,2026-09-12
R0117,,,not_sought,https://pubmed.ncbi.nlm.nih.gov/15621359/,,,,2026-09-12
R0118,41145516,PMC12559740,retrieved_pmc,https://pmc.ncbi.nlm.nih.gov/articles/PMC12559740/,e621a6ee7268bc8a05527062ba0de6e314c1570c0b18e82c39580b25b1897d6a,7761,yes,2026-09-12
R0119,37440335,PMC10498882,not_sought,https://pubmed.ncbi.nlm.nih.gov/37440335/,,,,2026-09-12
R0120,31831532,PMC6924806,not_sought,https://pubmed.ncbi.nlm.nih.gov/31831532/,,,,2026-09-12
R0121,36995101,,not_retrieved,https://pubmed.ncbi.nlm.nih.gov/36995101/,,,,2026-09-12
R0122,36561927,PMC9764200,not_sought,https://pubmed.ncbi.nlm.nih.gov/36561927/,,,,2026-09-12
R0123,39732802,PMC11682341,retrieved_pmc,https://pmc.ncbi.nlm.nih.gov/articles/PMC11682341/,bc36c7701a0b8bb916f5144f66b4cb4a909b4bf010927752c1cb86a1d37a033e,6506,yes,2026-09-12
R0124,39941230,PMC11816796,not_sought,https://pubmed.ncbi.nlm.nih.gov/39941230/,,,,2026-09-12
R0125,27148029,PMC4830829,retrieved_pmc,https://pmc.ncbi.nlm.nih.gov/articles/PMC4830829/,e1b75b8b3e81db64451c79360dccc999f9dca66ee3f5cb1500ef3eb936405592,5849,yes,2026-09-12
R0126,35743636,PMC9225619,not_sought,https://pubmed.ncbi.nlm.nih.gov/35743636/,,,,2026-09-12
R0127,40355693,PMC13103195,not_retrieved,https://pubmed.ncbi.nlm.nih.gov/40355693/,,,,2026-09-12
R0128,35372435,PMC8968070,retrieved_pmc,https://pmc.ncbi.nlm.nih.gov/articles/PMC8968070/,fcf580dd51165deb627e6be7c63ef813c05ab0280f5615f022a10fe8125e0d66,4066,yes,2026-09-12
R0129,38428929,PMC11270042,not_sought,https://pubmed.ncbi.nlm.nih.gov/38428929/,,,,2026-09-12
R0130,37674052,PMC10482887,not_sought,https://pubmed.ncbi.nlm.nih.gov/37674052/,,,,2026-09-12
R0131,37146182,PMC10436358,retrieved_pmc,https://pmc.ncbi.nlm.nih.gov/articles/PMC10436358/,33e2d9476da6eedaa66e5bbde62e8049f91d86b3de1cd3ae10a83c3cd35f7b95,4397,yes,2026-09-12
R0132,,,checked_curated_source,https://doi.org/10.1109/fg.2018.00044,,,,2026-09-12
R0133,28207407,,not_retrieved,https://pubmed.ncbi.nlm.nih.gov/28207407/,,,,2026-09-12
R0134,37399159,,not_retrieved,https://pubmed.ncbi.nlm.nih.gov/37399159/,,,,2026-09-12
R0135,40554083,,not_sought,https://pubmed.ncbi.nlm.nih.gov/40554083/,,,,2026-09-12
R0136,33127478,,not_retrieved,https://pubmed.ncbi.nlm.nih.gov/33127478/,,,,2026-09-12
R0137,37333009,PMC10273207,retrieved_pmc,https://pmc.ncbi.nlm.nih.gov/articles/PMC10273207/,d57ef0ad520448806eee2fddf3b284576575b1b355d256a6ebf4290a3567fed0,8481,yes,2026-09-12
R0138,32645045,PMC7347182,retrieved_pmc,https://pmc.ncbi.nlm.nih.gov/articles/PMC7347182/,f3c211b05f5345c0900d3f3aea8d0595d46df08338169c7cd1164096c0a16ade,6582,yes,2026-09-12
R0139,39356566,,not_retrieved,https://pubmed.ncbi.nlm.nih.gov/39356566/,,,,2026-09-12
R0140,40580152,,not_sought,https://pubmed.ncbi.nlm.nih.gov/40580152/,,,,2026-09-12
R0141,39833558,,not_sought,https://pubmed.ncbi.nlm.nih.gov/39833558/,,,,2026-09-12
R0142,33266297,PMC7760072,not_sought,https://pubmed.ncbi.nlm.nih.gov/33266297/,,,,2026-09-12
R0143,37665749,,not_retrieved,https://pubmed.ncbi.nlm.nih.gov/37665749/,,,,2026-09-12
R0144,42365063,,not_sought,https://pubmed.ncbi.nlm.nih.gov/42365063/,,,,2026-09-12
R0145,39371148,PMC11451669,not_retrieved,https://pubmed.ncbi.nlm.nih.gov/39371148/,,,,2026-09-12
R0146,35179133,PMC9514733,checked_curated_source,https://doi.org/10.1227/neu.0000000000001855,,,,2026-09-12
R0147,37691581,,not_sought,https://pubmed.ncbi.nlm.nih.gov/37691581/,,,,2026-09-12
R0148,41336249,,not_sought,https://pubmed.ncbi.nlm.nih.gov/41336249/,,,,2026-09-12
R0149,41595284,PMC12841086,not_sought,https://pubmed.ncbi.nlm.nih.gov/41595284/,,,,2026-09-12
R0150,41926484,PMC13046245,not_sought,https://pubmed.ncbi.nlm.nih.gov/41926484/,,,,2026-09-12
R0151,40024188,,not_retrieved,https://pubmed.ncbi.nlm.nih.gov/40024188/,,,,2026-09-12
R0152,39557021,,not_sought,https://pubmed.ncbi.nlm.nih.gov/39557021/,,,,2026-09-12
R0153,40989383,PMC12453799,retrieved_pmc,https://pmc.ncbi.nlm.nih.gov/articles/PMC12453799/,ef66e122c28b710c86a62608b0d1d48bd05c8f9092c7056d64d4087206bc3827,8698,yes,2026-09-12
R0154,34998276,PMC8742908,not_retrieved,https://pubmed.ncbi.nlm.nih.gov/34998276/,,,,2026-09-12
R0155,37491149,PMC11041592,retrieved_pmc,https://pmc.ncbi.nlm.nih.gov/articles/PMC11041592/,5999d3dbcb8f99ce86a04b6f07bb027015d4812fa07a5ed96d4d279da7165866,4554,yes,2026-09-12
R0156,26095007,,not_sought,https://pubmed.ncbi.nlm.nih.gov/26095007/,,,,2026-09-12
R0157,36608962,,not_sought,https://pubmed.ncbi.nlm.nih.gov/36608962/,,,,2026-09-12
R0158,40378232,PMC12585107,retrieved_pmc,https://pmc.ncbi.nlm.nih.gov/articles/PMC12585107/,099bb49ffefaf1b6acea054c4d8e31bd3632d6fde58c43ee7b677f4ba0d20803,5583,yes,2026-09-12
R0159,33768664,PMC8359972,retrieved_pmc,https://pmc.ncbi.nlm.nih.gov/articles/PMC8359972/,1de765f0aabed5a5b8850d90b1747d618ef1fa383abe9e667eec5c4072029c41,4666,yes,2026-09-12
R0160,40590186,PMC12594148,retrieved_pmc,https://pmc.ncbi.nlm.nih.gov/articles/PMC12594148/,b9aad1339ae2d7b4f97b494d9c61caa92a9b1956a4fcf57809a126a54001fac4,4445,yes,2026-09-12
R0161,37640452,PMC11103285,retrieved_pmc,https://pmc.ncbi.nlm.nih.gov/articles/PMC11103285/,cef41a02b5e5c072ea7567e38e5bc7851b94b776b889f48d8854033f4015b6f9,3615,yes,2026-09-12
R0162,42134463,PMC13276974,retrieved_pmc,https://pmc.ncbi.nlm.nih.gov/articles/PMC13276974/,2afeb4a2139fe9f32c3a2b5907b8e59ebfff8f028d597c3ea6d885206066883d,8231,yes,2026-09-12
R0163,34086704,PMC8177539,not_sought,https://pubmed.ncbi.nlm.nih.gov/34086704/,,,,2026-09-12
R0164,28922517,,not_retrieved,https://pubmed.ncbi.nlm.nih.gov/28922517/,,,,2026-09-12
R0165,39610577,PMC11602419,not_sought,https://pubmed.ncbi.nlm.nih.gov/39610577/,,,,2026-09-12
R0166,41866084,,not_sought,https://pubmed.ncbi.nlm.nih.gov/41866084/,,,,2026-09-12
R0167,31876094,,not_retrieved,https://pubmed.ncbi.nlm.nih.gov/31876094/,,,,2026-09-12
R0168,42149411,,not_sought,https://pubmed.ncbi.nlm.nih.gov/42149411/,,,,2026-09-12
R0169,23707278,,not_sought,https://pubmed.ncbi.nlm.nih.gov/23707278/,,,,2026-09-12
R0170,41069191,PMC13142174,not_sought,https://pubmed.ncbi.nlm.nih.gov/41069191/,,,,2026-09-12
R0171,41793211,,not_sought,https://pubmed.ncbi.nlm.nih.gov/41793211/,,,,2026-09-12
R0172,32434351,,not_sought,https://pubmed.ncbi.nlm.nih.gov/32434351/,,,,2026-09-12
R0173,39540033,PMC11559421,retrieved_pmc,https://pmc.ncbi.nlm.nih.gov/articles/PMC11559421/,1508d8f76127f58ac101764ae28c0e1324431e3a7fab93095b99bc3dede86003,6328,yes,2026-09-12
R0174,40461564,PMC12134349,retrieved_pmc,https://pmc.ncbi.nlm.nih.gov/articles/PMC12134349/,efd894afe2ecf88bd2391b3ee220015e668b0e7960b84f1274c710fecd0dd6de,8177,yes,2026-09-12
R0175,,,not_retrieved,https://doi.org/10.1088/1741-2552/ad7f8b,,,,2026-09-12
R0176,41248315,PMC12622856,not_sought,https://pubmed.ncbi.nlm.nih.gov/41248315/,,,,2026-09-12
R0177,39967417,PMC11836425,retrieved_pmc,https://pmc.ncbi.nlm.nih.gov/articles/PMC11836425/,b1c09a8c5d045f68c63ecfa362ef45af8479108b76de089dd53ddcaf3549e49c,3453,yes,2026-09-12
R0178,37531954,,checked_curated_source,https://doi.org/10.1088/1741-2552/aceca4,,,,2026-09-12
R0179,,,not_retrieved,https://doi.org/10.1111/ner.12968,,,,2026-09-12
R0180,31215720,PMC6920600,not_sought,https://pubmed.ncbi.nlm.nih.gov/31215720/,,,,2026-09-12
R0181,37112321,PMC10143826,retrieved_pmc,https://pmc.ncbi.nlm.nih.gov/articles/PMC10143826/,6976943f049e8a1e578422b9b571b138e99b9df9336139c23314eae9a21c0304,5480,yes,2026-09-12
R0182,35221908,PMC8874020,retrieved_pmc,https://pmc.ncbi.nlm.nih.gov/articles/PMC8874020/,1023f15d025a3a801a36009d1dd491858c168e4665d48eb2e922125661875adb,7610,yes,2026-09-12
R0183,40457422,PMC12131339,not_sought,https://pubmed.ncbi.nlm.nih.gov/40457422/,,,,2026-09-12
R0184,41499809,,checked_curated_source,https://doi.org/10.1088/2057-1976/ae34b4,,,,2026-09-12
R0185,36850556,PMC9960387,retrieved_pmc,https://pmc.ncbi.nlm.nih.gov/articles/PMC9960387/,dc20998c9f6bcb471fc79f1109f154f919549111d72901be046185c96adbaa6b,12752,yes,2026-09-12
R0186,37268666,PMC10238514,not_sought,https://pubmed.ncbi.nlm.nih.gov/37268666/,,,,2026-09-12
R0187,34242325,PMC8270203,retrieved_pmc,https://pmc.ncbi.nlm.nih.gov/articles/PMC8270203/,2dabb8b77bfe8c83509d88b0c64d09ccc9d6325df3a1977607e44558610ddfde,7931,yes,2026-09-12
R0188,31627305,PMC6833075,retrieved_pmc,https://pmc.ncbi.nlm.nih.gov/articles/PMC6833075/,8165a03ec85ff71723bfdc1f541fce26d59d4d31b512ca120cd47cc86ca913a7,5520,yes,2026-09-12
R0189,42600964,,checked_curated_source,https://doi.org/10.1016/j.jpain.2026.106416,,,,2026-09-12
R0190,37331703,PMC10594024,not_sought,https://pubmed.ncbi.nlm.nih.gov/37331703/,,,,2026-09-12
R0191,35295796,PMC8915628,retrieved_pmc,https://pmc.ncbi.nlm.nih.gov/articles/PMC8915628/,11ef87af2ab264a4407eb198834f9a4918a7b372bdfcdbcfcab23a93244ee2a0,7214,yes,2026-09-12
R0192,42023252,PMC13097579,not_sought,https://pubmed.ncbi.nlm.nih.gov/42023252/,,,,2026-09-12
R0193,31626215,,not_retrieved,https://pubmed.ncbi.nlm.nih.gov/31626215/,,,,2026-09-12
R0194,,,not_sought,https://pubmed.ncbi.nlm.nih.gov/38184342/,,,,2026-09-12
R0195,40970148,PMC12442815,retrieved_pmc,https://pmc.ncbi.nlm.nih.gov/articles/PMC12442815/,4de1c910be19ec68b4e1ffa6ee4aecc8053955621dd8755b512e42e0f0daef65,3466,yes,2026-09-12
R0196,37993169,PMC10668325,not_sought,https://pubmed.ncbi.nlm.nih.gov/37993169/,,,,2026-09-12
R0197,40073452,,not_retrieved,https://pubmed.ncbi.nlm.nih.gov/40073452/,,,,2026-09-12
R0198,31133782,PMC6513974,retrieved_pmc,https://pmc.ncbi.nlm.nih.gov/articles/PMC6513974/,565e8b91716a5c871e9dc5d1d01376470616b7cb09896a3830277561d03b50a7,11208,yes,2026-09-12
R0199,33318354,,not_sought,https://pubmed.ncbi.nlm.nih.gov/33318354/,,,,2026-09-12
R0200,38508591,PMC12015077,retrieved_pmc,https://pmc.ncbi.nlm.nih.gov/articles/PMC12015077/,f362dfe25b4aa07c20e9d78818f7b1eb4d04f2894404d10aa9772fbfbfc8a941,3690,yes,2026-09-12
R0201,37217725,PMC10330878,retrieved_pmc,https://pmc.ncbi.nlm.nih.gov/articles/PMC10330878/,eec25faea38a9f2fc16c16cc73b5bdca6f609d39d9f451fa7479c664922cffe7,13008,yes,2026-09-12
R0202,32322387,PMC7161193,not_sought,https://pubmed.ncbi.nlm.nih.gov/32322387/,,,,2026-09-12
R0203,32382799,,not_sought,https://pubmed.ncbi.nlm.nih.gov/32382799/,,,,2026-09-12
R0204,39086767,PMC11288915,not_sought,https://pubmed.ncbi.nlm.nih.gov/39086767/,,,,2026-09-12
R0205,35382385,PMC8972989,retrieved_pmc,https://pmc.ncbi.nlm.nih.gov/articles/PMC8972989/,d905acb045e357c4b8ca5f4372bc258e2ecaf6b92c14241b05436b9d33f2e186,6049,yes,2026-09-12
R0206,38062194,PMC10703818,not_sought,https://pubmed.ncbi.nlm.nih.gov/38062194/,,,,2026-09-12
R0207,38458198,,not_sought,https://pubmed.ncbi.nlm.nih.gov/38458198/,,,,2026-09-12
R0208,35547946,PMC8975206,not_sought,https://pubmed.ncbi.nlm.nih.gov/35547946/,,,,2026-09-12
R0209,39146173,,not_retrieved,https://pubmed.ncbi.nlm.nih.gov/39146173/,,,,2026-09-12
R0210,39490365,,not_sought,https://pubmed.ncbi.nlm.nih.gov/39490365/,,,,2026-09-12
R0211,32940398,,not_sought,https://pubmed.ncbi.nlm.nih.gov/32940398/,,,,2026-09-12
R0212,32910099,,not_retrieved,https://pubmed.ncbi.nlm.nih.gov/32910099/,,,,2026-09-12
R0213,42268377,PMC13250577,not_sought,https://pubmed.ncbi.nlm.nih.gov/42268377/,,,,2026-09-12
R0214,29300278,,not_sought,https://pubmed.ncbi.nlm.nih.gov/29300278/,,,,2026-09-12
R0215,38184347,,not_retrieved,https://pubmed.ncbi.nlm.nih.gov/38184347/,,,,2026-09-12
R0216,33019243,,not_retrieved,https://pubmed.ncbi.nlm.nih.gov/33019243/,,,,2026-09-12
R0217,36551010,PMC9774603,retrieved_pmc,https://pmc.ncbi.nlm.nih.gov/articles/PMC9774603/,5aa40883028538c0200cec1d8c246e4e2534601eaaa5a8821451161fe295600a,5719,yes,2026-09-12
R0218,36437161,,not_retrieved,https://pubmed.ncbi.nlm.nih.gov/36437161/,,,,2026-09-12
R0219,39094810,,not_retrieved,https://pubmed.ncbi.nlm.nih.gov/39094810/,,,,2026-09-12
R0220,35737453,PMC9264122,retrieved_pmc,https://pmc.ncbi.nlm.nih.gov/articles/PMC9264122/,bbfc82555d4c4c9f3a8cd84cf00225b583618952e1f6a4c496b4d0186f781e29,7486,yes,2026-09-12
R0221,30906841,PMC6428053,retrieved_pmc,https://pmc.ncbi.nlm.nih.gov/articles/PMC6428053/,ce0e68cc535b7e32958bf51cd1ca4b1aa74ee9685538f24d4bf91c7c586b2aab,8035,yes,2026-09-12
R0222,35603938,PMC9514737,not_sought,https://pubmed.ncbi.nlm.nih.gov/35603938/,,,,2026-09-12
R0223,38430433,PMC11111436,not_sought,https://pubmed.ncbi.nlm.nih.gov/38430433/,,,,2026-09-12
R0224,42662082,PMC13519607,retrieved_pmc,https://pmc.ncbi.nlm.nih.gov/articles/PMC13519607/,155ebe8eb8cb9bd40bede0562f18cd4cc2d682c418ba76a5444542d7f6e7c644,3609,yes,2026-09-12
R0225,41843272,,not_retrieved,https://pubmed.ncbi.nlm.nih.gov/41843272/,,,,2026-09-12
R0226,29105225,,not_retrieved,https://pubmed.ncbi.nlm.nih.gov/29105225/,,,,2026-09-12
R0227,41381876,,not_retrieved,https://pubmed.ncbi.nlm.nih.gov/41381876/,,,,2026-09-12
R0228,34201268,PMC8227650,retrieved_pmc,https://pmc.ncbi.nlm.nih.gov/articles/PMC8227650/,ad9c23c020aa6f22803341c6f67aad8ad01cd8d9958f851b43eb20e8d756d039,4669,yes,2026-09-12
R0229,35467563,,not_sought,https://pubmed.ncbi.nlm.nih.gov/35467563/,,,,2026-09-12
R0230,31870766,,checked_curated_source,https://doi.org/10.1016/s1474-4422(19)30414-4,,,,2026-09-12
R0231,,,checked_curated_source,https://doi.org/10.1109/embc.2018.8513575,,,,2026-09-12
R0232,42029549,PMC13108428,retrieved_pmc,https://pmc.ncbi.nlm.nih.gov/articles/PMC13108428/,b1ba1beb5a2598c89c2c8f9f1b2dd2c8747264fef1e1d853e1455867ce0b063d,9520,yes,2026-09-12
R0233,30540621,PMC6377310,retrieved_pmc,https://pmc.ncbi.nlm.nih.gov/articles/PMC6377310/,1cf462ba1cde5c287c59bb5e7d3b62125b01a7798419f8709a8e39f6f11167de,6990,yes,2026-09-12
R0234,40969592,PMC12443153,retrieved_pmc,https://pmc.ncbi.nlm.nih.gov/articles/PMC12443153/,d2aaa0c238e07fda3aa3ce19488cf19c1de1ca7ee3fdfcf63253946c0ba14296,4127,yes,2026-09-12
R0235,39523286,PMC11841932,not_sought,https://pubmed.ncbi.nlm.nih.gov/39523286/,,,,2026-09-12
R0236,37219574,PMC10586864,not_sought,https://pubmed.ncbi.nlm.nih.gov/37219574/,,,,2026-09-12
R0237,30544420,PMC6310598,not_sought,https://pubmed.ncbi.nlm.nih.gov/30544420/,,,,2026-09-12
R0238,41173924,PMC12578783,retrieved_pmc,https://pmc.ncbi.nlm.nih.gov/articles/PMC12578783/,031aa7b7183ba9471502b1dc146ee4d15d16468311824cc93f3885e1cb898bdf,7811,yes,2026-09-12
R0239,38176698,PMC10982524,retrieved_pmc,https://pmc.ncbi.nlm.nih.gov/articles/PMC10982524/,79d1105b7d992bcc86bd7f46bb1940d6d4880c0faee6057893ee5ee0b184eed7,3558,yes,2026-09-12
R0240,40102462,PMC11920397,retrieved_pmc,https://pmc.ncbi.nlm.nih.gov/articles/PMC11920397/,a2f72454e86a1f9e0d1122adf3db18fc8046c442dce13eb45e4487cbdfd1f10a,7991,yes,2026-09-12
R0241,35384918,PMC12245366,not_retrieved,https://pubmed.ncbi.nlm.nih.gov/35384918/,,,,2026-09-12
R0242,39254621,,not_retrieved,https://pubmed.ncbi.nlm.nih.gov/39254621/,,,,2026-09-12
R0243,,,not_sought,https://doi.org/10.1109/TNSRE.2023.3335100,,,,2026-09-12
R0244,32403963,,not_sought,https://pubmed.ncbi.nlm.nih.gov/32403963/,,,,2026-09-12
R0245,,,checked_curated_source,https://doi.org/10.1109/jstsp.2016.2535962,,,,2026-09-12
R0246,40766435,PMC12324369,not_sought,https://pubmed.ncbi.nlm.nih.gov/40766435/,,,,2026-09-12
R0247,38220575,,not_retrieved,https://pubmed.ncbi.nlm.nih.gov/38220575/,,,,2026-09-12
R0248,42653377,PMC13512981,not_sought,https://pubmed.ncbi.nlm.nih.gov/42653377/,,,,2026-09-12
R0249,39316050,PMC11459174,retrieved_pmc,https://pmc.ncbi.nlm.nih.gov/articles/PMC11459174/,b4e230b407ba5d1a7724fefa99bfb1c7b313ae4b554bff064a031c32902a554a,9328,yes,2026-09-12
R0250,42533023,PMC13424116,retrieved_pmc,https://pmc.ncbi.nlm.nih.gov/articles/PMC13424116/,62e62246baeeffb663bb6fad372f15eb3cfaf863fd521dad40cab42145be6b8a,10167,yes,2026-09-12
R0251,36085748,,not_retrieved,https://pubmed.ncbi.nlm.nih.gov/36085748/,,,,2026-09-12
R0252,34539444,PMC8440852,not_sought,https://pubmed.ncbi.nlm.nih.gov/34539444/,,,,2026-09-12
R0253,,,checked_curated_source,https://doi.org/10.3791/59057,,,,2026-09-12
R0254,30828946,,not_sought,https://pubmed.ncbi.nlm.nih.gov/30828946/,,,,2026-09-12
R0255,38257551,PMC11154386,retrieved_pmc,https://pmc.ncbi.nlm.nih.gov/articles/PMC11154386/,b2a5952c8580f0dd86f65982acd0545b2354d09d1952f80dde36623a37aad356,7164,yes,2026-09-12
R0256,38601923,PMC11004333,retrieved_pmc,https://pmc.ncbi.nlm.nih.gov/articles/PMC11004333/,6400a63ae51c8939b896f7d28f281d1edb4a236ed3df0d7de6b233f83d01d546,8640,yes,2026-09-12
R0257,42496586,,not_retrieved,https://pubmed.ncbi.nlm.nih.gov/42496586/,,,,2026-09-12
R0258,42197989,PMC13210486,retrieved_pmc,https://pmc.ncbi.nlm.nih.gov/articles/PMC13210486/,ced9d3788468fbbc6b5f1f9020a508ec62358b58fd3669ab902e340997ed4732,7268,yes,2026-09-12
R0259,40918059,PMC12410463,retrieved_pmc,https://pmc.ncbi.nlm.nih.gov/articles/PMC12410463/,986cabf7834c66658ce1cfe2441668d07851ebd8ae31dad0ac89bfae6dda17ac,3774,yes,2026-09-12
R0260,42536272,,not_sought,https://pubmed.ncbi.nlm.nih.gov/42536272/,,,,2026-09-12
R0261,33644268,PMC7887380,retrieved_pmc,https://pmc.ncbi.nlm.nih.gov/articles/PMC7887380/,0ce36cd474486103bdaedced76c30a0bdc5481efe7d49fe7a3a460f42898978c,4077,yes,2026-09-12
R0262,35546868,PMC8974881,retrieved_pmc,https://pmc.ncbi.nlm.nih.gov/articles/PMC8974881/,a7aed38961b42cfed1a3cead952b3c4018047646d9b92cd3ab4c4d8fe7fac370,7120,yes,2026-09-12
R0263,39869898,PMC11811662,retrieved_pmc,https://pmc.ncbi.nlm.nih.gov/articles/PMC11811662/,44453e48a2e37cddad7df38f91e5482430182addecc6d708289b14e2fee2f5bf,7583,yes,2026-09-12
R0264,37415829,PMC10321707,retrieved_pmc,https://pmc.ncbi.nlm.nih.gov/articles/PMC10321707/,8f3ce5e966ca6fa51faec1d1c011c36fa891c04733e0bb66334b8c5c1288edbe,6542,yes,2026-09-12
R0265,32291588,,not_retrieved,https://pubmed.ncbi.nlm.nih.gov/32291588/,,,,2026-09-12
R0266,33348218,PMC7856028,retrieved_pmc,https://pmc.ncbi.nlm.nih.gov/articles/PMC7856028/,69ad555cb393db189f00e193385272e71fd18b3f0ee0af0df84db65e8bfcfaaa,6386,yes,2026-09-12
R0267,39470012,PMC11724649,not_sought,https://pubmed.ncbi.nlm.nih.gov/39470012/,,,,2026-09-12
R0268,38083549,,not_sought,https://pubmed.ncbi.nlm.nih.gov/38083549/,,,,2026-09-12
R0269,42534983,PMC13422498,not_sought,https://pubmed.ncbi.nlm.nih.gov/42534983/,,,,2026-09-12
R0270,38751011,PMC11309338,not_sought,https://pubmed.ncbi.nlm.nih.gov/38751011/,,,,2026-09-12
R0271,38490687,PMC12322467,retrieved_pmc,https://pmc.ncbi.nlm.nih.gov/articles/PMC12322467/,0a8e205df7936790397ece9138f557d30328e841158d7b1984b031c9218df2e2,4801,yes,2026-09-12
R0272,37436342,,not_sought,https://pubmed.ncbi.nlm.nih.gov/37436342/,,,,2026-09-12
R0273,31637517,,not_sought,https://pubmed.ncbi.nlm.nih.gov/31637517/,,,,2026-09-12
R0274,40063194,,not_sought,https://pubmed.ncbi.nlm.nih.gov/40063194/,,,,2026-09-12
R0275,25549368,,not_sought,https://pubmed.ncbi.nlm.nih.gov/25549368/,,,,2026-09-12
R0276,42268393,,not_sought,https://pubmed.ncbi.nlm.nih.gov/42268393/,,,,2026-09-12
R0277,42275267,,not_sought,https://pubmed.ncbi.nlm.nih.gov/42275267/,,,,2026-09-12
R0278,33533723,PMC7889419,retrieved_pmc,https://pmc.ncbi.nlm.nih.gov/articles/PMC7889419/,4ac4357ee1b46ed4610cf59abf72ca68baf3368fb38fdbdfffdf866af00c32b3,4098,yes,2026-09-12
R0279,32615330,,not_retrieved,https://pubmed.ncbi.nlm.nih.gov/32615330/,,,,2026-09-12
R0280,40066435,PMC11891568,retrieved_pmc,https://pmc.ncbi.nlm.nih.gov/articles/PMC11891568/,f13ab77c77e8a885265247cfca25c24ae686c1528de1afda107334db39ddd96e,6506,yes,2026-09-12
R0281,32047606,PMC6979466,not_sought,https://pubmed.ncbi.nlm.nih.gov/32047606/,,,,2026-09-12
R0282,40001978,PMC11851851,retrieved_pmc,https://pmc.ncbi.nlm.nih.gov/articles/PMC11851851/,c400954d678c6be70a137ed055fa45aff3fc0da31ac946e7c71df14db1c509c2,8743,yes,2026-09-12
R0283,34891494,,not_retrieved,https://pubmed.ncbi.nlm.nih.gov/34891494/,,,,2026-09-12
R0284,37582839,PMC10427619,retrieved_pmc,https://pmc.ncbi.nlm.nih.gov/articles/PMC10427619/,897023be5c3d5914d3ba7c2fe6a25621de7cc37b8c38608409f79884c62417bd,8173,yes,2026-09-12
R0285,41076564,PMC13020546,not_sought,https://pubmed.ncbi.nlm.nih.gov/41076564/,,,,2026-09-12
R0286,39409338,PMC11478472,retrieved_pmc,https://pmc.ncbi.nlm.nih.gov/articles/PMC11478472/,5b2b462a7d6025985f4f83c02968bad79fdc32e67d386ba5b270eebc0b91bf0b,4626,yes,2026-09-12
R0287,34665834,PMC8525760,not_sought,https://pubmed.ncbi.nlm.nih.gov/34665834/,,,,2026-09-12
R0288,33949957,PMC8135033,retrieved_pmc,https://pmc.ncbi.nlm.nih.gov/articles/PMC8135033/,c1a5598bca84f5ce6157a25fad1cf945bc5dcc9ee693726feac9e690546d0259,6077,yes,2026-09-12
R0289,41540230,PMC12824274,not_sought,https://pubmed.ncbi.nlm.nih.gov/41540230/,,,,2026-09-12
R0290,41313209,PMC12661616,not_sought,https://pubmed.ncbi.nlm.nih.gov/41313209/,,,,2026-09-12
R0291,32822348,PMC7444520,retrieved_pmc,https://pmc.ncbi.nlm.nih.gov/articles/PMC7444520/,ff0af0071b4d84926c3eae62070f271c942f4edd16ef73497fbc0b7f0357e190,5434,yes,2026-09-12
R0292,26474183,PMC4608770,retrieved_pmc,https://pmc.ncbi.nlm.nih.gov/articles/PMC4608770/,1058562863bdee4dc26722aa42d4915a4ff07e97cc536538c7ed5e283859f351,3961,yes,2026-09-12
R0293,41008735,PMC12468818,retrieved_pmc,https://pmc.ncbi.nlm.nih.gov/articles/PMC12468818/,5e704d387dfdfe1323b1a495b05288c53bb7e48254f5b59ee68cc586cb84ec14,6048,yes,2026-09-12
R0294,37284926,PMC10290021,not_sought,https://pubmed.ncbi.nlm.nih.gov/37284926/,,,,2026-09-12
R0295,34047710,PMC8196363,retrieved_pmc,https://pmc.ncbi.nlm.nih.gov/articles/PMC8196363/,f0d9567a0423ec89ad38b6ce8e89dc1f2a9a9ca0274cefac4c0d9cbcb1189e58,5276,yes,2026-09-12
R0296,,,checked_curated_source,https://doi.org/10.1109/fg.2011.5771462,,,,2026-09-12
R0297,41142570,PMC12551228,not_sought,https://pubmed.ncbi.nlm.nih.gov/41142570/,,,,2026-09-12
R0298,42189831,PMC13210372,retrieved_pmc,https://pmc.ncbi.nlm.nih.gov/articles/PMC13210372/,4dbb91181457fb51a68e0ee07fd446287e3d6d2a1167060edbb55c6d959c6b09,9711,yes,2026-09-12
R0299,40168574,,not_sought,https://pubmed.ncbi.nlm.nih.gov/40168574/,,,,2026-09-12
R0300,26792251,,not_retrieved,https://pubmed.ncbi.nlm.nih.gov/26792251/,,,,2026-09-12
R0301,38775675,,not_retrieved,https://pubmed.ncbi.nlm.nih.gov/38775675/,,,,2026-09-12
R0302,42636251,PMC13502692,retrieved_pmc,https://pmc.ncbi.nlm.nih.gov/articles/PMC13502692/,ca849f61fe4e2691034169b27819cc554d775f7b8f82a077978a189d95573fae,8621,yes,2026-09-12
R0303,36365785,PMC9654781,retrieved_pmc,https://pmc.ncbi.nlm.nih.gov/articles/PMC9654781/,f1081c49022c5237647f05dcb2b3e4c7a0a4ccf9963089245cc3183286d09191,4571,yes,2026-09-12
R0304,40218599,PMC11991361,retrieved_pmc,https://pmc.ncbi.nlm.nih.gov/articles/PMC11991361/,2f3e5df5c17f800a18d88c94e5c49de4aaf604762a632e23f854ea294afc1ec0,4548,yes,2026-09-12
R0305,41336133,,not_sought,https://pubmed.ncbi.nlm.nih.gov/41336133/,,,,2026-09-12
R0306,41536646,PMC12798540,not_sought,https://pubmed.ncbi.nlm.nih.gov/41536646/,,,,2026-09-12
R0307,37716244,,not_retrieved,https://pubmed.ncbi.nlm.nih.gov/37716244/,,,,2026-09-12
R0308,38322690,PMC10841123,not_sought,https://pubmed.ncbi.nlm.nih.gov/38322690/,,,,2026-09-12
R0309,42377977,PMC13317760,retrieved_pmc,https://pmc.ncbi.nlm.nih.gov/articles/PMC13317760/,ce7b1ff39280c12eea5612cd2d50530fa7e0d9bafb31eaba72fcd2c06e64eee6,9375,yes,2026-09-12
R0310,38083793,,not_retrieved,https://pubmed.ncbi.nlm.nih.gov/38083793/,,,,2026-09-12
R0311,40879389,,not_retrieved,https://pubmed.ncbi.nlm.nih.gov/40879389/,,,,2026-09-12
R0312,34793655,,not_retrieved,https://pubmed.ncbi.nlm.nih.gov/34793655/,,,,2026-09-12
R0313,41398270,PMC12822141,retrieved_pmc,https://pmc.ncbi.nlm.nih.gov/articles/PMC12822141/,41a43744e15a6351d963612d3e38273824cecdc9e77f1199237fafb02817a6ea,5042,yes,2026-09-12
R0314,,,not_sought,https://pubmed.ncbi.nlm.nih.gov/30178033/,,,,2026-09-12
R0315,33499930,PMC7839230,not_sought,https://doi.org/10.1186/s13643-020-01542-z,,,,2026-09-12
R0316,40127903,PMC11931409,not_sought,https://pubmed.ncbi.nlm.nih.gov/40127903/,,,,2026-09-12
R0317,32609091,PMC7367536,not_sought,https://pubmed.ncbi.nlm.nih.gov/32609091/,,,,2026-09-12
R0318,28952933,PMC5718188,retrieved_pmc,https://pmc.ncbi.nlm.nih.gov/articles/PMC5718188/,1054c4cb44eb26edac233aa2dab672fe92d85973f199c969a4a61d1555d2a437,6427,yes,2026-09-12
R0319,28195170,PMC5316889,retrieved_pmc,https://pmc.ncbi.nlm.nih.gov/articles/PMC5316889/,46f4ddd6a2e680f2fc298b5f71c324503b229401ef4ba7db66070e08832302ef,9676,yes,2026-09-12
R0320,39286765,PMC11404079,not_sought,https://pubmed.ncbi.nlm.nih.gov/39286765/,4fa3256c0f82ab889679b9584ea5a93df398bbd13e9cb8fad1d0d512936ea339,8544,yes,2026-09-12
R0321,42205768,PMC13208079,retrieved_pmc,https://pmc.ncbi.nlm.nih.gov/articles/PMC13208079/,5874794ef17064e5be60ddebc2b1d3af6411d45372a2edcc9d0bc17f3163b776,4464,yes,2026-09-12
R0322,42220843,PMC13218711,retrieved_pmc,https://pmc.ncbi.nlm.nih.gov/articles/PMC13218711/,2a311e9b86dfd43756c9806320b05c31d674ed110ebf493f2ac86ebf69a15a79,2610,yes,2026-09-12
R0323,42197829,PMC13211154,retrieved_pmc,https://pmc.ncbi.nlm.nih.gov/articles/PMC13211154/,f320fb3495c61eaa8323ec935585018284be505108e3b2cdef2390754832449b,7233,yes,2026-09-12
R0324,40689618,,not_sought,https://pubmed.ncbi.nlm.nih.gov/40689618/,,,,2026-09-12
R0325,42244836,PMC13232929,not_sought,https://pubmed.ncbi.nlm.nih.gov/42244836/,,,,2026-09-12
R0326,20172803,PMC3103750,retrieved_pmc,https://pmc.ncbi.nlm.nih.gov/articles/PMC3103750/,c7bd46d77c7d32c1d8da3181fe928d8f13362da2a344b79b8b0a99ab2c845e78,6988,no,2026-09-12
R0327,38097809,PMC11404213,not_retrieved,https://pubmed.ncbi.nlm.nih.gov/38097809/,,,,2026-09-12
R0328,37976486,,not_sought,https://pubmed.ncbi.nlm.nih.gov/37976486/,,,,2026-09-12
R0329,42454002,PMC13367641,not_sought,https://pubmed.ncbi.nlm.nih.gov/42454002/,,,,2026-09-12
R0330,39917118,PMC11801105,not_sought,https://pubmed.ncbi.nlm.nih.gov/39917118/,,,,2026-09-12
R0331,41628204,,not_sought,https://pubmed.ncbi.nlm.nih.gov/41628204/,,,,2026-09-12
R0332,41779995,,not_sought,https://pubmed.ncbi.nlm.nih.gov/41779995/,,,,2026-09-12
R0333,35551868,,not_sought,https://pubmed.ncbi.nlm.nih.gov/35551868/,,,,2026-09-12
R0334,35718398,,not_sought,https://pubmed.ncbi.nlm.nih.gov/35718398/,,,,2026-09-12
R0335,32291559,,not_sought,https://pubmed.ncbi.nlm.nih.gov/32291559/,,,,2026-09-12
R0336,35961888,,not_sought,https://pubmed.ncbi.nlm.nih.gov/35961888/,,,,2026-09-12
R0337,41448516,,not_sought,https://pubmed.ncbi.nlm.nih.gov/41448516/,,,,2026-09-12
R0338,39993299,PMC11894359,not_sought,https://pubmed.ncbi.nlm.nih.gov/39993299/,,,,2026-09-12
R0339,32023344,PMC8184296,retrieved_pmc,https://pmc.ncbi.nlm.nih.gov/articles/PMC8184296/,7fb67760cfbaf1361747385ee32a4706511090561e84ebb7373abf54887c5edd,4081,yes,2026-09-12
R0340,,,not_sought,https://pubmed.ncbi.nlm.nih.gov/34425248/,,,,2026-09-12
R0341,40210645,PMC11985987,retrieved_pmc,https://pmc.ncbi.nlm.nih.gov/articles/PMC11985987/,74e734d30eeac6131940232defab13abde6043e71274fc6076a3c1f864e6709b,7447,yes,2026-09-12
R0342,38276326,PMC10818383,not_sought,https://pubmed.ncbi.nlm.nih.gov/38276326/,,,,2026-09-12
R0343,42677780,,not_sought,https://pubmed.ncbi.nlm.nih.gov/42677780/,,,,2026-09-12
R0344,35322975,,not_sought,https://pubmed.ncbi.nlm.nih.gov/35322975/,,,,2026-09-12
R0345,40394275,,not_sought,https://pubmed.ncbi.nlm.nih.gov/40394275/,,,,2026-09-12
R0346,30906508,PMC6430129,retrieved_pmc,https://pmc.ncbi.nlm.nih.gov/articles/PMC6430129/,46647778a5d920057541f79b20039d9f07c7d80f83e3971e5f039884c8dc47d2,13509,no,2026-09-12
R0347,,,checked_curated_source,https://doi.org/10.1109/cybconf.2013.6617456,,,,2026-09-12
R0348,36780223,PMC9972204,retrieved_pmc,https://pmc.ncbi.nlm.nih.gov/articles/PMC9972204/,62ebf0fbd0dea9f27744900deb26b5347d33625b5108c508242fa6568a0db8e6,6419,yes,2026-09-12
R0349,42478905,PMC13397339,not_sought,https://pubmed.ncbi.nlm.nih.gov/42478905/,,,,2026-09-12
R0350,41139722,,not_sought,https://pubmed.ncbi.nlm.nih.gov/41139722/,,,,2026-09-12
R0351,,,checked_curated_source,https://doi.org/10.1109/taffc.2024.3390837,,,,2026-09-12
R0352,34335157,PMC8320888,retrieved_pmc,https://pmc.ncbi.nlm.nih.gov/articles/PMC8320888/,d5401e711eb5eb108564907bb5d3cf97c905d1be61abad35882b4c7f7c4a547d,5887,yes,2026-09-12
R0353,29869557,,not_sought,https://pubmed.ncbi.nlm.nih.gov/29869557/,,,,2026-09-12
R0354,41510853,,not_sought,https://pubmed.ncbi.nlm.nih.gov/41510853/,,,,2026-09-12
R0355,32166849,,not_retrieved,https://pubmed.ncbi.nlm.nih.gov/32166849/,,,,2026-09-12
R0356,41963979,PMC13067708,not_sought,https://pubmed.ncbi.nlm.nih.gov/41963979/,,,,2026-09-12
R0357,41996452,PMC13089622,not_sought,https://pubmed.ncbi.nlm.nih.gov/41996452/,,,,2026-09-12
R0358,38904643,,not_sought,https://pubmed.ncbi.nlm.nih.gov/38904643/,,,,2026-09-12
R0359,33782057,PMC8005924,not_sought,https://pubmed.ncbi.nlm.nih.gov/33782057/,,,,2026-09-12
R0360,32694387,PMC7680716,not_sought,https://pubmed.ncbi.nlm.nih.gov/32694387/,,,,2026-09-12
R0361,40247335,PMC12004839,not_sought,https://pubmed.ncbi.nlm.nih.gov/40247335/,,,,2026-09-12
R0362,29076307,,not_retrieved,https://pubmed.ncbi.nlm.nih.gov/29076307/,,,,2026-09-12
R0363,42122048,PMC13163485,retrieved_pmc,https://pmc.ncbi.nlm.nih.gov/articles/PMC13163485/,5866f9444e308dbb7ca83d2e82c7ebdccb0ed0b83f3347659953012dc5efdd40,3887,yes,2026-09-12
R0364,40084580,,not_sought,https://pubmed.ncbi.nlm.nih.gov/40084580/,,,,2026-09-12
R0365,42076555,PMC13120223,not_sought,https://pubmed.ncbi.nlm.nih.gov/42076555/,,,,2026-09-12
R0366,34206077,PMC8229776,not_sought,https://pubmed.ncbi.nlm.nih.gov/34206077/,,,,2026-09-12
R0367,42422598,PMC13342171,not_sought,https://pubmed.ncbi.nlm.nih.gov/42422598/,,,,2026-09-12
R0368,38124717,PMC10730685,retrieved_pmc,https://pmc.ncbi.nlm.nih.gov/articles/PMC10730685/,182d24dd98569fb4c9ea1459aa0b36da77bcf64fe38379194453b91254943dc9,7068,yes,2026-09-12
R0369,37137496,PMC10155050,not_sought,https://doi.org/10.1136/bmj-2022-073538,,,,2026-09-12
R0370,32033240,PMC7038688,retrieved_pmc,https://pmc.ncbi.nlm.nih.gov/articles/PMC7038688/,e7bb74835436a3411591ed23e241079e6624412247ce66be4f1d91153fda386f,5466,no,2026-09-12
R0371,39088473,PMC11293669,retrieved_pmc,https://pmc.ncbi.nlm.nih.gov/articles/PMC11293669/,ad77acb8677ede56e76fb2044deda0fd5800611b0becc5493859ab0385bf5098,8848,yes,2026-09-12
R0372,33338024,,not_retrieved,https://pubmed.ncbi.nlm.nih.gov/33338024/,,,,2026-09-12
R0373,31789599,PMC6915456,retrieved_pmc,https://pmc.ncbi.nlm.nih.gov/articles/PMC6915456/,3360d1935288a93c6055bea6eb3a7de216f6b84f405e429b9fb8f74908f413a9,7206,yes,2026-09-12
R0374,38083562,,not_retrieved,https://pubmed.ncbi.nlm.nih.gov/38083562/,,,,2026-09-12
R0375,37237618,PMC10215219,not_sought,https://pubmed.ncbi.nlm.nih.gov/37237618/,,,,2026-09-12
R0376,36458955,PMC9933069,not_sought,https://pubmed.ncbi.nlm.nih.gov/36458955/,,,,2026-09-12
R0377,33408199,PMC7789448,not_sought,https://pubmed.ncbi.nlm.nih.gov/33408199/,,,,2026-09-12
R0378,36772482,PMC9919606,retrieved_pmc,https://pmc.ncbi.nlm.nih.gov/articles/PMC9919606/,5834f964c57dbe85cc30bf1fbc359bb46b36339aacf8ad90d19183d2c5a27bc9,9908,yes,2026-09-12
R0379,37627921,PMC10453072,retrieved_pmc,https://pmc.ncbi.nlm.nih.gov/articles/PMC10453072/,46194571281847e78cac93f4ce7c9a06ed40e4fd46e48180ad8649343bad8b0e,5227,yes,2026-09-12
R0380,33409286,PMC7779395,not_sought,https://pubmed.ncbi.nlm.nih.gov/33409286/,,,,2026-09-12
R0381,42621863,PMC13487592,retrieved_pmc,https://pmc.ncbi.nlm.nih.gov/articles/PMC13487592/,577489a37c70e8e40ff18f165e447fb49416d867aa8e926c9ec5ac1f1bcd6a85,3438,yes,2026-09-12
R0382,36409624,PMC10184564,not_sought,https://pubmed.ncbi.nlm.nih.gov/36409624/,,,,2026-09-12
