record_id,study_id,title_abstract_decision,full_text_decision,primary_reason,retrieval_status,decision_basis,evidence_url,reviewer,checked_at,notes
R0001,,exclude,not_assessed,conference_supplement_without_extractable_primary_report,not_sought,title_abstract,https://pubmed.ncbi.nlm.nih.gov/27885969/,single-pass AI-assisted review; author sign-off pending,2026-09-12,Author verification required before submission
R0002,,include,uncertain,full_text_not_retrieved,not_retrieved,title_abstract_only,https://pubmed.ncbi.nlm.nih.gov/35041590/,single-pass AI-assisted review; author sign-off pending,2026-09-12,Author verification required before submission
R0003,S-10.3390/s23249675,include,include,included,retrieved_pmc,title_abstract_and_pmc_full_text,https://pmc.ncbi.nlm.nih.gov/articles/PMC10747670/,single-pass AI-assisted review; author sign-off pending,2026-09-12,potentially_eligible_primary_human_study
R0004,,exclude,not_assessed,secondary_review_commentary_or_guidance,not_sought,title_abstract,https://pubmed.ncbi.nlm.nih.gov/40100883/,single-pass AI-assisted review; author sign-off pending,2026-09-12,Author verification required before submission
R0005,S-10.1038/s41598-025-14238-y,include,include,included,retrieved_pmc,title_abstract_and_pmc_full_text,https://pmc.ncbi.nlm.nih.gov/articles/PMC12344049/,single-pass AI-assisted review; author sign-off pending,2026-09-12,potentially_eligible_primary_human_study
R0006,,include,uncertain,full_text_not_retrieved,not_retrieved,title_abstract_only,https://pubmed.ncbi.nlm.nih.gov/40164059/,single-pass AI-assisted review; author sign-off pending,2026-09-12,Author verification required before submission
R0007,,exclude,not_assessed,non_human_population,not_sought,title_abstract,https://pubmed.ncbi.nlm.nih.gov/29546805/,single-pass AI-assisted review; author sign-off pending,2026-09-12,Author verification required before submission
R0008,,exclude,not_assessed,text_sentiment_without_biomedical_or_behavioral_pain_signal,not_sought,title_abstract,https://pubmed.ncbi.nlm.nih.gov/40006452/,single-pass AI-assisted review; author sign-off pending,2026-09-12,Author verification required before submission
R0009,,exclude,not_assessed,methodological_framework_without_verified_human_experiment,not_sought,title_abstract,https://pubmed.ncbi.nlm.nih.gov/40096220/,single-pass AI-assisted review; author sign-off pending,2026-09-12,Author verification required before submission
R0010,,include,uncertain,full_text_not_retrieved,not_retrieved,title_abstract_only,https://pubmed.ncbi.nlm.nih.gov/35088735/,single-pass AI-assisted review; author sign-off pending,2026-09-12,Author verification required before submission
R0011,,include,uncertain,full_text_not_retrieved,not_retrieved,title_abstract_only,https://pubmed.ncbi.nlm.nih.gov/39453291/,single-pass AI-assisted review; author sign-off pending,2026-09-12,Author verification required before submission
R0012,S-10.3390/diagnostics15202661,include,include,included,retrieved_pmc,title_abstract_and_pmc_full_text,https://pmc.ncbi.nlm.nih.gov/articles/PMC12564096/,single-pass AI-assisted review; author sign-off pending,2026-09-12,potentially_eligible_primary_human_study
R0013,,exclude,not_assessed,secondary_review_commentary_or_guidance,not_sought,title_abstract,https://pubmed.ncbi.nlm.nih.gov/37106687/,single-pass AI-assisted review; author sign-off pending,2026-09-12,Author verification required before submission
R0014,,exclude,not_assessed,secondary_review_commentary_or_guidance,not_sought,title_abstract,https://pubmed.ncbi.nlm.nih.gov/40271647/,single-pass AI-assisted review; author sign-off pending,2026-09-12,Author verification required before submission
R0015,,include,uncertain,full_text_not_retrieved,not_retrieved,title_abstract_only,https://pubmed.ncbi.nlm.nih.gov/38231823/,single-pass AI-assisted review; author sign-off pending,2026-09-12,Author verification required before submission
R0016,,exclude,not_assessed,secondary_review_commentary_or_guidance,not_sought,title_abstract,https://dl.acm.org/doi/10.1145/3737281,single-pass AI-assisted review; author sign-off pending,2026-09-12,Author verification required before submission
R0017,,exclude,not_assessed,secondary_review_commentary_or_guidance,not_sought,title_abstract,https://pubmed.ncbi.nlm.nih.gov/37100924/,single-pass AI-assisted review; author sign-off pending,2026-09-12,Author verification required before submission
R0018,,exclude,not_assessed,technical_description_without_model_evaluation,not_sought,title_abstract,https://pubmed.ncbi.nlm.nih.gov/29946251/,single-pass AI-assisted review; author sign-off pending,2026-09-12,Author verification required before submission
R0019,,include,uncertain,full_text_not_retrieved,not_retrieved,title_abstract_only,https://pubmed.ncbi.nlm.nih.gov/37972595/,single-pass AI-assisted review; author sign-off pending,2026-09-12,Author verification required before submission
R0020,,exclude,not_assessed,secondary_review_commentary_or_guidance,not_sought,title_abstract,https://pubmed.ncbi.nlm.nih.gov/35878817/,single-pass AI-assisted review; author sign-off pending,2026-09-12,Author verification required before submission
R0021,,include,uncertain,full_text_not_retrieved,not_retrieved,title_abstract_only,https://pubmed.ncbi.nlm.nih.gov/40039359/,single-pass AI-assisted review; author sign-off pending,2026-09-12,Author verification required before submission
R0022,,exclude,not_assessed,case_report_and_secondary_discussion,not_sought,title_abstract,https://pubmed.ncbi.nlm.nih.gov/40652630/,single-pass AI-assisted review; author sign-off pending,2026-09-12,Author verification required before submission
R0023,,exclude,not_assessed,secondary_review_commentary_or_guidance,not_sought,title_abstract,https://pubmed.ncbi.nlm.nih.gov/30625000/,single-pass AI-assisted review; author sign-off pending,2026-09-12,Author verification required before submission
R0024,,exclude,not_assessed,secondary_review_commentary_or_guidance,not_sought,title_abstract,https://pubmed.ncbi.nlm.nih.gov/41681083/,single-pass AI-assisted review; author sign-off pending,2026-09-12,Author verification required before submission
R0025,,uncertain,uncertain,full_text_not_retrieved,not_retrieved,title_abstract_only,https://pubmed.ncbi.nlm.nih.gov/24974775/,single-pass AI-assisted review; author sign-off pending,2026-09-12,Author verification required before submission
R0026,S-10.1186/s12904-024-01526-z,include,include,included,retrieved_pmc,title_abstract_and_pmc_full_text,https://pmc.ncbi.nlm.nih.gov/articles/PMC11297625/,single-pass AI-assisted review; author sign-off pending,2026-09-12,potentially_eligible_primary_human_study
R0027,,exclude,not_assessed,non_human_population,not_sought,title_abstract,https://pubmed.ncbi.nlm.nih.gov/41366265/,single-pass AI-assisted review; author sign-off pending,2026-09-12,Author verification required before submission
R0028,,exclude,not_assessed,secondary_review_commentary_or_guidance,not_sought,title_abstract,https://pubmed.ncbi.nlm.nih.gov/41930234/,single-pass AI-assisted review; author sign-off pending,2026-09-12,Author verification required before submission
R0029,S-10.3389/fped.2026.1784197,include,include,included,retrieved_pmc,title_abstract_and_pmc_full_text,https://pmc.ncbi.nlm.nih.gov/articles/PMC13438283/,single-pass AI-assisted review; author sign-off pending,2026-09-12,potentially_eligible_primary_human_study
R0030,,exclude,not_assessed,non_human_population,not_sought,title_abstract,https://pubmed.ncbi.nlm.nih.gov/39788578/,single-pass AI-assisted review; author sign-off pending,2026-09-12,Author verification required before submission
R0031,S-10.1016/j.heliyon.2024.e41558,include,include,included,retrieved_pmc,title_abstract_and_pmc_full_text,https://pmc.ncbi.nlm.nih.gov/articles/PMC11750553/,single-pass AI-assisted review; author sign-off pending,2026-09-12,potentially_eligible_primary_human_study
R0032,,include,uncertain,full_text_not_retrieved,not_retrieved,title_abstract_only,https://pubmed.ncbi.nlm.nih.gov/33018277/,single-pass AI-assisted review; author sign-off pending,2026-09-12,Author verification required before submission
R0033,S-10.1038/s41597-024-03878-w,include,include,included,retrieved_pmc,pmc_full_text_and_curated_evidence_map,https://pmc.ncbi.nlm.nih.gov/articles/PMC11436824/,single-pass AI-assisted review; author sign-off pending,2026-09-12,previously_curated_eligible_primary_study
R0034,S-10.1056/nejmoa1204471,include,include,included,retrieved_pmc,pmc_full_text_and_curated_evidence_map,https://pmc.ncbi.nlm.nih.gov/articles/PMC3691100/,single-pass AI-assisted review; author sign-off pending,2026-09-12,previously_curated_eligible_primary_study
R0035,,include,uncertain,full_text_not_retrieved,not_retrieved,title_abstract_only,https://pubmed.ncbi.nlm.nih.gov/41251282/,single-pass AI-assisted review; author sign-off pending,2026-09-12,Author verification required before submission
R0036,,exclude,not_assessed,secondary_review_commentary_or_guidance,not_sought,title_abstract,https://pubmed.ncbi.nlm.nih.gov/36994457/,single-pass AI-assisted review; author sign-off pending,2026-09-12,Author verification required before submission
R0037,,exclude,not_assessed,secondary_review_commentary_or_guidance,not_sought,title_abstract,https://pubmed.ncbi.nlm.nih.gov/42514252/,single-pass AI-assisted review; author sign-off pending,2026-09-12,Author verification required before submission
R0038,,exclude,not_assessed,non_human_population,not_sought,title_abstract,https://pubmed.ncbi.nlm.nih.gov/37104439/,single-pass AI-assisted review; author sign-off pending,2026-09-12,Author verification required before submission
R0039,,exclude,not_assessed,data_labeling_software_not_pain_state_model,not_sought,title_abstract,https://pubmed.ncbi.nlm.nih.gov/38199191/,single-pass AI-assisted review; author sign-off pending,2026-09-12,Author verification required before submission
R0040,,exclude,not_assessed,secondary_review_commentary_or_guidance,not_sought,title_abstract,https://pubmed.ncbi.nlm.nih.gov/38607660/,single-pass AI-assisted review; author sign-off pending,2026-09-12,Author verification required before submission
R0041,,include,uncertain,full_text_not_retrieved,not_retrieved,title_abstract_only,https://pubmed.ncbi.nlm.nih.gov/40516197/,single-pass AI-assisted review; author sign-off pending,2026-09-12,Author verification required before submission
R0042,,exclude,not_assessed,secondary_review_commentary_or_guidance,not_sought,title_abstract,https://pubmed.ncbi.nlm.nih.gov/41924082/,single-pass AI-assisted review; author sign-off pending,2026-09-12,Author verification required before submission
R0043,S-10.11817/j.issn.1672-7347.2026.250554,include,include,included,retrieved_pmc,title_abstract_and_pmc_full_text,https://pmc.ncbi.nlm.nih.gov/articles/PMC13071591/,single-pass AI-assisted review; author sign-off pending,2026-09-12,potentially_eligible_primary_human_study
R0044,,exclude,not_assessed,secondary_conceptual_discussion,not_sought,title_abstract,https://pubmed.ncbi.nlm.nih.gov/39338237/,single-pass AI-assisted review; author sign-off pending,2026-09-12,Author verification required before submission
R0045,,exclude,not_assessed,secondary_review_commentary_or_guidance,not_sought,title_abstract,https://pubmed.ncbi.nlm.nih.gov/37416623/,single-pass AI-assisted review; author sign-off pending,2026-09-12,Author verification required before submission
R0046,,exclude,not_assessed,secondary_narrative_review,not_sought,title_abstract,https://pubmed.ncbi.nlm.nih.gov/42277490/,single-pass AI-assisted review; author sign-off pending,2026-09-12,Author verification required before submission
R0047,,exclude,not_assessed,secondary_review_commentary_or_guidance,not_sought,title_abstract,https://pubmed.ncbi.nlm.nih.gov/42160993/,single-pass AI-assisted review; author sign-off pending,2026-09-12,Author verification required before submission
R0048,,exclude,not_assessed,secondary_review_commentary_or_guidance,not_sought,title_abstract,https://pubmed.ncbi.nlm.nih.gov/42243763/,single-pass AI-assisted review; author sign-off pending,2026-09-12,Author verification required before submission
R0049,,exclude,not_assessed,non_human_population,not_sought,title_abstract,https://pubmed.ncbi.nlm.nih.gov/37205356/,single-pass AI-assisted review; author sign-off pending,2026-09-12,Author verification required before submission
R0050,S-10.1111/nicc.70478,include,include,included,retrieved_pmc,pmc_full_text_and_curated_evidence_map,https://pmc.ncbi.nlm.nih.gov/articles/PMC13080763/,single-pass AI-assisted review; author sign-off pending,2026-09-12,previously_curated_eligible_primary_study
R0051,,include,uncertain,full_text_not_retrieved,not_retrieved,title_abstract_only,https://pubmed.ncbi.nlm.nih.gov/37004311/,single-pass AI-assisted review; author sign-off pending,2026-09-12,Author verification required before submission
R0052,,exclude,not_assessed,clinical_outcome_association_without_signal_pattern_model,not_sought,title_abstract,https://pubmed.ncbi.nlm.nih.gov/35643846/,single-pass AI-assisted review; author sign-off pending,2026-09-12,Author verification required before submission
R0053,,include,uncertain,full_text_not_retrieved,not_retrieved,title_abstract_only,https://pubmed.ncbi.nlm.nih.gov/38334268/,single-pass AI-assisted review; author sign-off pending,2026-09-12,Author verification required before submission
R0054,,include,uncertain,full_text_not_retrieved,not_retrieved,title_abstract_only,https://pubmed.ncbi.nlm.nih.gov/36085672/,single-pass AI-assisted review; author sign-off pending,2026-09-12,Author verification required before submission
R0055,S-10.1007/978-3-031-16437-8_72,include,include,included,retrieved_pmc,title_abstract_and_pmc_full_text,https://pmc.ncbi.nlm.nih.gov/articles/PMC10018439/,single-pass AI-assisted review; author sign-off pending,2026-09-12,potentially_eligible_primary_human_study
R0056,,exclude,not_assessed,non_human_population,not_sought,title_abstract,https://pubmed.ncbi.nlm.nih.gov/42486150/,single-pass AI-assisted review; author sign-off pending,2026-09-12,Author verification required before submission
R0057,,exclude,not_assessed,non_human_population,not_sought,title_abstract,https://pubmed.ncbi.nlm.nih.gov/39511381/,single-pass AI-assisted review; author sign-off pending,2026-09-12,Author verification required before submission
R0058,,include,uncertain,full_text_not_retrieved,not_retrieved,title_abstract_only,https://pubmed.ncbi.nlm.nih.gov/26034245/,single-pass AI-assisted review; author sign-off pending,2026-09-12,Author verification required before submission
R0059,S-10.3390/biomimetics11010051,include,include,included,retrieved_pmc,title_abstract_and_pmc_full_text,https://pmc.ncbi.nlm.nih.gov/articles/PMC12838980/,single-pass AI-assisted review; author sign-off pending,2026-09-12,potentially_eligible_primary_human_study
R0060,S-10.1177/20552076241259664,include,include,included,retrieved_pmc,title_abstract_and_pmc_full_text,https://pmc.ncbi.nlm.nih.gov/articles/PMC11155325/,single-pass AI-assisted review; author sign-off pending,2026-09-12,potentially_eligible_primary_human_study
R0061,,exclude,not_assessed,non_human_population,not_sought,title_abstract,https://pubmed.ncbi.nlm.nih.gov/39717789/,single-pass AI-assisted review; author sign-off pending,2026-09-12,Author verification required before submission
R0062,,exclude,not_assessed,non_human_population,not_sought,title_abstract,https://pubmed.ncbi.nlm.nih.gov/41245089/,single-pass AI-assisted review; author sign-off pending,2026-09-12,Author verification required before submission
R0063,,include,uncertain,full_text_not_retrieved,not_retrieved,title_abstract_only,https://pubmed.ncbi.nlm.nih.gov/34242161/,single-pass AI-assisted review; author sign-off pending,2026-09-12,Author verification required before submission
R0064,S-10.1109/embc.2018.8512389,include,include,included,retrieved_pmc,title_abstract_and_pmc_full_text,https://pmc.ncbi.nlm.nih.gov/articles/PMC6436808/,single-pass AI-assisted review; author sign-off pending,2026-09-12,potentially_eligible_primary_human_study
R0065,S-PMID-30713485,include,include,included,retrieved_pmc,title_abstract_and_pmc_full_text,https://pmc.ncbi.nlm.nih.gov/articles/PMC6352979/,single-pass AI-assisted review; author sign-off pending,2026-09-12,potentially_eligible_primary_human_study
R0066,S-10.1038/s41598-025-97885-5,include,include,included,retrieved_pmc,title_abstract_and_pmc_full_text,https://pmc.ncbi.nlm.nih.gov/articles/PMC12008390/,single-pass AI-assisted review; author sign-off pending,2026-09-12,potentially_eligible_primary_human_study
R0067,,include,uncertain,full_text_not_retrieved,not_retrieved,title_abstract_only,https://pubmed.ncbi.nlm.nih.gov/42488365/,single-pass AI-assisted review; author sign-off pending,2026-09-12,Author verification required before submission
R0068,,exclude,not_assessed,non_human_population,not_sought,title_abstract,https://pubmed.ncbi.nlm.nih.gov/35688852/,single-pass AI-assisted review; author sign-off pending,2026-09-12,Author verification required before submission
R0069,,exclude,not_assessed,non_human_population,not_sought,title_abstract,https://pubmed.ncbi.nlm.nih.gov/39543343/,single-pass AI-assisted review; author sign-off pending,2026-09-12,Author verification required before submission
R0070,,exclude,not_assessed,secondary_review_commentary_or_guidance,not_sought,title_abstract,https://pubmed.ncbi.nlm.nih.gov/36764062/,single-pass AI-assisted review; author sign-off pending,2026-09-12,Author verification required before submission
R0071,,exclude,not_assessed,secondary_review_commentary_or_guidance,not_sought,title_abstract,https://pubmed.ncbi.nlm.nih.gov/31825861/,single-pass AI-assisted review; author sign-off pending,2026-09-12,Author verification required before submission
R0072,S-10.1038/s41598-026-57148-3,include,include,included,retrieved_pmc,title_abstract_and_pmc_full_text,https://pmc.ncbi.nlm.nih.gov/articles/PMC13522443/,single-pass AI-assisted review; author sign-off pending,2026-09-12,potentially_eligible_primary_human_study
R0073,,include,uncertain,full_text_not_retrieved,not_retrieved,title_abstract_only,https://pubmed.ncbi.nlm.nih.gov/36086417/,single-pass AI-assisted review; author sign-off pending,2026-09-12,Author verification required before submission
R0074,S-10.1038/s41598-025-09046-3,include,include,included,retrieved_pmc,title_abstract_and_pmc_full_text,https://pmc.ncbi.nlm.nih.gov/articles/PMC12218136/,single-pass AI-assisted review; author sign-off pending,2026-09-12,potentially_eligible_primary_human_study
R0075,,include,uncertain,full_text_not_retrieved,not_retrieved,title_abstract_only,https://pubmed.ncbi.nlm.nih.gov/40039519/,single-pass AI-assisted review; author sign-off pending,2026-09-12,Author verification required before submission
R0076,,exclude,not_assessed,secondary_review_commentary_or_guidance,not_sought,title_abstract,https://ieeexplore.ieee.org/document/8865626/,single-pass AI-assisted review; author sign-off pending,2026-09-12,Author verification required before submission
R0077,S-10.3390/s21093273,include,include,included,retrieved_pmc,title_abstract_and_pmc_full_text,https://pmc.ncbi.nlm.nih.gov/articles/PMC8125973/,single-pass AI-assisted review; author sign-off pending,2026-09-12,potentially_eligible_primary_human_study
R0078,,exclude,not_assessed,secondary_review_commentary_or_guidance,not_sought,title_abstract,https://pubmed.ncbi.nlm.nih.gov/41206302/,single-pass AI-assisted review; author sign-off pending,2026-09-12,Author verification required before submission
R0079,S-10.1371/journal.pdig.0001301,include,include,included,retrieved_pmc,title_abstract_and_pmc_full_text,https://pmc.ncbi.nlm.nih.gov/articles/PMC13029810/,single-pass AI-assisted review; author sign-off pending,2026-09-12,potentially_eligible_primary_human_study
R0080,,exclude,not_assessed,secondary_review_commentary_or_guidance,not_sought,title_abstract,https://pubmed.ncbi.nlm.nih.gov/42619466/,single-pass AI-assisted review; author sign-off pending,2026-09-12,Author verification required before submission
R0081,,exclude,not_assessed,secondary_review_commentary_or_guidance,not_sought,title_abstract,https://pubmed.ncbi.nlm.nih.gov/32881257/,single-pass AI-assisted review; author sign-off pending,2026-09-12,Author verification required before submission
R0082,,include,uncertain,full_text_not_retrieved,not_retrieved,title_abstract_only,https://pubmed.ncbi.nlm.nih.gov/41605141/,single-pass AI-assisted review; author sign-off pending,2026-09-12,Author verification required before submission
R0083,S-10.3389/fmed.2024.1309720,include,include,included,retrieved_pmc,title_abstract_and_pmc_full_text,https://pmc.ncbi.nlm.nih.gov/articles/PMC11236545/,single-pass AI-assisted review; author sign-off pending,2026-09-12,potentially_eligible_primary_human_study
R0084,S-10.3390/bioengineering13020141,include,include,included,retrieved_pmc,title_abstract_and_pmc_full_text,https://pmc.ncbi.nlm.nih.gov/articles/PMC12938521/,single-pass AI-assisted review; author sign-off pending,2026-09-12,potentially_eligible_primary_human_study
R0085,,exclude,not_assessed,secondary_review_commentary_or_guidance,not_sought,title_abstract,https://pubmed.ncbi.nlm.nih.gov/39932700/,single-pass AI-assisted review; author sign-off pending,2026-09-12,Author verification required before submission
R0086,,exclude,not_assessed,no_biomedical_behavioral_neural_or_scs_signal,not_sought,title_abstract,https://pubmed.ncbi.nlm.nih.gov/33108311/,single-pass AI-assisted review; author sign-off pending,2026-09-12,Author verification required before submission
R0087,,exclude,not_assessed,protocol_or_planned_study_without_results,not_sought,title_abstract,https://pubmed.ncbi.nlm.nih.gov/39380108/,single-pass AI-assisted review; author sign-off pending,2026-09-12,Author verification required before submission
R0088,S-10.1145/3449068,include,include,included,checked_curated_source,curated_evidence_map_and_available_report,https://doi.org/10.1145/3449068,single-pass AI-assisted review; author sign-off pending,2026-09-12,previously_curated_eligible_primary_study
R0089,S-10.1038/s41598-025-13433-1,include,include,included,retrieved_pmc,title_abstract_and_pmc_full_text,https://pmc.ncbi.nlm.nih.gov/articles/PMC12314105/,single-pass AI-assisted review; author sign-off pending,2026-09-12,potentially_eligible_primary_human_study
R0090,S-10.1371/journal.pone.0337726,include,include,included,retrieved_pmc,pmc_full_text_and_curated_evidence_map,https://pmc.ncbi.nlm.nih.gov/articles/PMC12680202/,single-pass AI-assisted review; author sign-off pending,2026-09-12,previously_curated_eligible_primary_study
R0091,S-10.3389/frai.2022.942248,include,include,included,retrieved_pmc,title_abstract_and_pmc_full_text,https://pmc.ncbi.nlm.nih.gov/articles/PMC9582446/,single-pass AI-assisted review; author sign-off pending,2026-09-12,potentially_eligible_primary_human_study
R0092,S-10.1038/s41598-025-12476-8,include,include,included,retrieved_pmc,title_abstract_and_pmc_full_text,https://pmc.ncbi.nlm.nih.gov/articles/PMC12307811/,single-pass AI-assisted review; author sign-off pending,2026-09-12,potentially_eligible_primary_human_study
R0093,,exclude,not_assessed,no_biomedical_behavioral_neural_or_scs_signal,not_sought,title_abstract,https://pubmed.ncbi.nlm.nih.gov/11690728/,single-pass AI-assisted review; author sign-off pending,2026-09-12,Author verification required before submission
R0094,,exclude,not_assessed,secondary_review_commentary_or_guidance,not_sought,title_abstract,https://pubmed.ncbi.nlm.nih.gov/38852434/,single-pass AI-assisted review; author sign-off pending,2026-09-12,Author verification required before submission
R0095,,exclude,not_assessed,secondary_clinical_overview,not_sought,title_abstract,https://pubmed.ncbi.nlm.nih.gov/24850309/,single-pass AI-assisted review; author sign-off pending,2026-09-12,Author verification required before submission
R0096,,exclude,not_assessed,secondary_review_commentary_or_guidance,not_sought,title_abstract,https://pubmed.ncbi.nlm.nih.gov/42268376/,single-pass AI-assisted review; author sign-off pending,2026-09-12,Author verification required before submission
R0097,,exclude,not_assessed,secondary_review_commentary_or_guidance,not_sought,title_abstract,https://pubmed.ncbi.nlm.nih.gov/41579132/,single-pass AI-assisted review; author sign-off pending,2026-09-12,Author verification required before submission
R0098,,exclude,not_assessed,no_pain_related_target,not_sought,title_abstract,https://pubmed.ncbi.nlm.nih.gov/36220864/,single-pass AI-assisted review; author sign-off pending,2026-09-12,Author verification required before submission
R0099,,exclude,not_assessed,secondary_review_commentary_or_guidance,not_sought,title_abstract,https://pubmed.ncbi.nlm.nih.gov/37638532/,single-pass AI-assisted review; author sign-off pending,2026-09-12,Author verification required before submission
R0100,,exclude,not_assessed,secondary_review_commentary_or_guidance,not_sought,title_abstract,https://pubmed.ncbi.nlm.nih.gov/35510947/,single-pass AI-assisted review; author sign-off pending,2026-09-12,Author verification required before submission
R0101,,exclude,not_assessed,secondary_mechanistic_review,not_sought,title_abstract,https://pubmed.ncbi.nlm.nih.gov/42670051/,single-pass AI-assisted review; author sign-off pending,2026-09-12,Author verification required before submission
R0102,S-10.1038/s41598-024-71278-6,include,include,included,retrieved_pmc,title_abstract_and_pmc_full_text,https://pmc.ncbi.nlm.nih.gov/articles/PMC11369161/,single-pass AI-assisted review; author sign-off pending,2026-09-12,potentially_eligible_primary_human_study
R0103,,exclude,not_assessed,comparative_treatment_series_without_signal_pattern_model,not_sought,title_abstract,https://pubmed.ncbi.nlm.nih.gov/39831333/,single-pass AI-assisted review; author sign-off pending,2026-09-12,Author verification required before submission
R0104,,exclude,not_assessed,non_human_population,not_sought,title_abstract,https://pubmed.ncbi.nlm.nih.gov/41851189/,single-pass AI-assisted review; author sign-off pending,2026-09-12,Author verification required before submission
R0105,,exclude,not_assessed,non_human_population,not_sought,title_abstract,https://pubmed.ncbi.nlm.nih.gov/39754012/,single-pass AI-assisted review; author sign-off pending,2026-09-12,Author verification required before submission
R0106,S-10.3390/s21144838,include,include,included,retrieved_pmc,title_abstract_and_pmc_full_text,https://pmc.ncbi.nlm.nih.gov/articles/PMC8309734/,single-pass AI-assisted review; author sign-off pending,2026-09-12,potentially_eligible_primary_human_study
R0107,,exclude,not_assessed,secondary_review_commentary_or_guidance,not_sought,title_abstract,https://pubmed.ncbi.nlm.nih.gov/34876922/,single-pass AI-assisted review; author sign-off pending,2026-09-12,Author verification required before submission
R0108,S-10.1016/j.pain.2011.11.023,include,include,included,checked_curated_source,curated_evidence_map_and_available_report,https://doi.org/10.1016/j.pain.2011.11.023,single-pass AI-assisted review; author sign-off pending,2026-09-12,previously_curated_eligible_primary_study
R0109,,exclude,not_assessed,secondary_perspective,not_sought,title_abstract,https://pubmed.ncbi.nlm.nih.gov/35174358/,single-pass AI-assisted review; author sign-off pending,2026-09-12,Author verification required before submission
R0110,S-10.3390/s26102947,include,include,included,retrieved_pmc,pmc_full_text_and_curated_evidence_map,https://pmc.ncbi.nlm.nih.gov/articles/PMC13210414/,single-pass AI-assisted review; author sign-off pending,2026-09-12,previously_curated_eligible_primary_study
R0111,S-10.1038/s41598-025-02247-w,include,include,included,retrieved_pmc,title_abstract_and_pmc_full_text,https://pmc.ncbi.nlm.nih.gov/articles/PMC12085662/,single-pass AI-assisted review; author sign-off pending,2026-09-12,potentially_eligible_primary_human_study
R0112,,exclude,not_assessed,secondary_review_commentary_or_guidance,not_sought,title_abstract,https://pubmed.ncbi.nlm.nih.gov/40982036/,single-pass AI-assisted review; author sign-off pending,2026-09-12,Author verification required before submission
R0113,S-10.1109/bibm47256.2019.8983282,include,include,included,retrieved_pmc,title_abstract_and_pmc_full_text,https://pmc.ncbi.nlm.nih.gov/articles/PMC7423325/,single-pass AI-assisted review; author sign-off pending,2026-09-12,potentially_eligible_primary_human_study
R0114,S-10.1136/bmjhci-2024-101283,uncertain,include,included,retrieved_pmc,title_abstract_and_pmc_full_text,https://pmc.ncbi.nlm.nih.gov/articles/PMC12658508/,single-pass AI-assisted review; author sign-off pending,2026-09-12,insufficient_population_or_experiment_information_in_record
R0115,,exclude,not_assessed,secondary_review_commentary_or_guidance,not_sought,title_abstract,https://pubmed.ncbi.nlm.nih.gov/41504676/,single-pass AI-assisted review; author sign-off pending,2026-09-12,Author verification required before submission
R0116,,include,uncertain,full_text_not_retrieved,not_retrieved,title_abstract_only,https://pubmed.ncbi.nlm.nih.gov/36085712/,single-pass AI-assisted review; author sign-off pending,2026-09-12,Author verification required before submission
R0117,,exclude,not_assessed,no_biomedical_behavioral_neural_or_scs_signal,not_sought,title_abstract,https://pubmed.ncbi.nlm.nih.gov/15621359/,single-pass AI-assisted review; author sign-off pending,2026-09-12,Author verification required before submission
R0118,S-10.1038/s41597-025-05982-x,include,include,included,retrieved_pmc,pmc_full_text_and_curated_evidence_map,https://pmc.ncbi.nlm.nih.gov/articles/PMC12559740/,single-pass AI-assisted review; author sign-off pending,2026-09-12,previously_curated_eligible_primary_study
R0119,,exclude,not_assessed,no_biomedical_behavioral_neural_or_scs_signal,not_sought,title_abstract,https://pubmed.ncbi.nlm.nih.gov/37440335/,single-pass AI-assisted review; author sign-off pending,2026-09-12,Author verification required before submission
R0120,,exclude,not_assessed,protocol_or_planned_study_without_results,not_sought,title_abstract,https://pubmed.ncbi.nlm.nih.gov/31831532/,single-pass AI-assisted review; author sign-off pending,2026-09-12,Author verification required before submission
R0121,,include,uncertain,full_text_not_retrieved,not_retrieved,title_abstract_only,https://pubmed.ncbi.nlm.nih.gov/36995101/,single-pass AI-assisted review; author sign-off pending,2026-09-12,Author verification required before submission
R0122,,exclude,not_assessed,biochemical_association_dataset_outside_prespecified_signal_modalities,not_sought,title_abstract,https://pubmed.ncbi.nlm.nih.gov/36561927/,single-pass AI-assisted review; author sign-off pending,2026-09-12,Author verification required before submission
R0123,S-10.1038/s41598-024-82631-0,include,include,included,retrieved_pmc,title_abstract_and_pmc_full_text,https://pmc.ncbi.nlm.nih.gov/articles/PMC11682341/,single-pass AI-assisted review; author sign-off pending,2026-09-12,potentially_eligible_primary_human_study
R0124,,exclude,not_assessed,secondary_review_commentary_or_guidance,not_sought,title_abstract,https://pubmed.ncbi.nlm.nih.gov/39941230/,single-pass AI-assisted review; author sign-off pending,2026-09-12,Author verification required before submission
R0125,S-10.3389/fncom.2016.00032,uncertain,include,included,retrieved_pmc,title_abstract_and_pmc_full_text,https://pmc.ncbi.nlm.nih.gov/articles/PMC4830829/,single-pass AI-assisted review; author sign-off pending,2026-09-12,insufficient_population_or_experiment_information_in_record
R0126,,exclude,not_assessed,non_human_population,not_sought,title_abstract,https://pubmed.ncbi.nlm.nih.gov/35743636/,single-pass AI-assisted review; author sign-off pending,2026-09-12,Author verification required before submission
R0127,,include,uncertain,full_text_not_retrieved,not_retrieved,title_abstract_only,https://pubmed.ncbi.nlm.nih.gov/40355693/,single-pass AI-assisted review; author sign-off pending,2026-09-12,Author verification required before submission
R0128,S-10.3389/fmed.2022.851690,include,include,included,retrieved_pmc,title_abstract_and_pmc_full_text,https://pmc.ncbi.nlm.nih.gov/articles/PMC8968070/,single-pass AI-assisted review; author sign-off pending,2026-09-12,potentially_eligible_primary_human_study
R0129,,exclude,not_assessed,non_human_population,not_sought,title_abstract,https://pubmed.ncbi.nlm.nih.gov/38428929/,single-pass AI-assisted review; author sign-off pending,2026-09-12,Author verification required before submission
R0130,,exclude,not_assessed,non_human_population,not_sought,title_abstract,https://pubmed.ncbi.nlm.nih.gov/37674052/,single-pass AI-assisted review; author sign-off pending,2026-09-12,Author verification required before submission
R0131,S-10.1097/j.pain.0000000000002900,include,include,included,retrieved_pmc,title_abstract_and_pmc_full_text,https://pmc.ncbi.nlm.nih.gov/articles/PMC10436358/,single-pass AI-assisted review; author sign-off pending,2026-09-12,potentially_eligible_primary_human_study
R0132,S-10.1109/fg.2018.00044,include,include,included,checked_curated_source,curated_evidence_map_and_available_report,https://doi.org/10.1109/fg.2018.00044,single-pass AI-assisted review; author sign-off pending,2026-09-12,previously_curated_eligible_primary_study
R0133,,include,uncertain,full_text_not_retrieved,not_retrieved,title_abstract_only,https://pubmed.ncbi.nlm.nih.gov/28207407/,single-pass AI-assisted review; author sign-off pending,2026-09-12,Author verification required before submission
R0134,,include,uncertain,full_text_not_retrieved,not_retrieved,title_abstract_only,https://pubmed.ncbi.nlm.nih.gov/37399159/,single-pass AI-assisted review; author sign-off pending,2026-09-12,Author verification required before submission
R0135,,exclude,not_assessed,design_and_requirements_study_without_model_evaluation,not_sought,title_abstract,https://pubmed.ncbi.nlm.nih.gov/40554083/,single-pass AI-assisted review; author sign-off pending,2026-09-12,Author verification required before submission
R0136,,include,uncertain,full_text_not_retrieved,not_retrieved,title_abstract_only,https://pubmed.ncbi.nlm.nih.gov/33127478/,single-pass AI-assisted review; author sign-off pending,2026-09-12,Author verification required before submission
R0137,S-10.3389/fneur.2023.1195923,include,include,included,retrieved_pmc,title_abstract_and_pmc_full_text,https://pmc.ncbi.nlm.nih.gov/articles/PMC10273207/,single-pass AI-assisted review; author sign-off pending,2026-09-12,potentially_eligible_primary_human_study
R0138,S-10.1371/journal.pone.0235545,include,include,included,retrieved_pmc,title_abstract_and_pmc_full_text,https://pmc.ncbi.nlm.nih.gov/articles/PMC7347182/,single-pass AI-assisted review; author sign-off pending,2026-09-12,potentially_eligible_primary_human_study
R0139,,include,uncertain,full_text_not_retrieved,not_retrieved,title_abstract_only,https://pubmed.ncbi.nlm.nih.gov/39356566/,single-pass AI-assisted review; author sign-off pending,2026-09-12,Author verification required before submission
R0140,,exclude,not_assessed,trial_methodology_without_pain_state_signal_model,not_sought,title_abstract,https://pubmed.ncbi.nlm.nih.gov/40580152/,single-pass AI-assisted review; author sign-off pending,2026-09-12,Author verification required before submission
R0141,,exclude,not_assessed,scs_referral_triage_without_observed_treatment_response_or_signal,not_sought,title_abstract,https://pubmed.ncbi.nlm.nih.gov/39833558/,single-pass AI-assisted review; author sign-off pending,2026-09-12,Author verification required before submission
R0142,,exclude,not_assessed,non_human_population,not_sought,title_abstract,https://pubmed.ncbi.nlm.nih.gov/33266297/,single-pass AI-assisted review; author sign-off pending,2026-09-12,Author verification required before submission
R0143,,include,uncertain,full_text_not_retrieved,not_retrieved,title_abstract_only,https://pubmed.ncbi.nlm.nih.gov/37665749/,single-pass AI-assisted review; author sign-off pending,2026-09-12,Author verification required before submission
R0144,,exclude,not_assessed,nonhuman_instrumentation_study,not_sought,title_abstract,https://pubmed.ncbi.nlm.nih.gov/42365063/,single-pass AI-assisted review; author sign-off pending,2026-09-12,Author verification required before submission
R0145,,include,uncertain,full_text_not_retrieved,not_retrieved,title_abstract_only,https://pubmed.ncbi.nlm.nih.gov/39371148/,single-pass AI-assisted review; author sign-off pending,2026-09-12,Author verification required before submission
R0146,S-10.1227/neu.0000000000001855,include,include,included,checked_curated_source,curated_evidence_map_and_available_report,https://doi.org/10.1227/neu.0000000000001855,single-pass AI-assisted review; author sign-off pending,2026-09-12,previously_curated_eligible_primary_study
R0147,,exclude,not_assessed,secondary_review_commentary_or_guidance,not_sought,title_abstract,https://pubmed.ncbi.nlm.nih.gov/37691581/,single-pass AI-assisted review; author sign-off pending,2026-09-12,Author verification required before submission
R0148,,exclude,not_assessed,no_pain_related_target,not_sought,title_abstract,https://pubmed.ncbi.nlm.nih.gov/41336249/,single-pass AI-assisted review; author sign-off pending,2026-09-12,Author verification required before submission
R0149,,exclude,not_assessed,secondary_review_commentary_or_guidance,not_sought,title_abstract,https://pubmed.ncbi.nlm.nih.gov/41595284/,single-pass AI-assisted review; author sign-off pending,2026-09-12,Author verification required before submission
R0150,,exclude,not_assessed,synthetic_computational_model_without_human_data,not_sought,title_abstract,https://pubmed.ncbi.nlm.nih.gov/41926484/,single-pass AI-assisted review; author sign-off pending,2026-09-12,Author verification required before submission
R0151,,include,uncertain,full_text_not_retrieved,not_retrieved,title_abstract_only,https://pubmed.ncbi.nlm.nih.gov/40024188/,single-pass AI-assisted review; author sign-off pending,2026-09-12,Author verification required before submission
R0152,,exclude,not_assessed,no_pain_related_target,not_sought,title_abstract,https://pubmed.ncbi.nlm.nih.gov/39557021/,single-pass AI-assisted review; author sign-off pending,2026-09-12,Author verification required before submission
R0153,S-10.7717/peerj-cs.3158,include,include,included,retrieved_pmc,title_abstract_and_pmc_full_text,https://pmc.ncbi.nlm.nih.gov/articles/PMC12453799/,single-pass AI-assisted review; author sign-off pending,2026-09-12,potentially_eligible_primary_human_study
R0154,,include,uncertain,full_text_not_retrieved,not_retrieved,title_abstract_only,https://pubmed.ncbi.nlm.nih.gov/34998276/,single-pass AI-assisted review; author sign-off pending,2026-09-12,Author verification required before submission
R0155,S-10.1136/rapm-2023-104639,include,include,included,retrieved_pmc,title_abstract_and_pmc_full_text,https://pmc.ncbi.nlm.nih.gov/articles/PMC11041592/,single-pass AI-assisted review; author sign-off pending,2026-09-12,potentially_eligible_primary_human_study
R0156,,exclude,not_assessed,no_pain_related_target,not_sought,title_abstract,https://pubmed.ncbi.nlm.nih.gov/26095007/,single-pass AI-assisted review; author sign-off pending,2026-09-12,Author verification required before submission
R0157,,exclude,not_assessed,device_outcome_study_without_signal_pattern_model,not_sought,title_abstract,https://pubmed.ncbi.nlm.nih.gov/36608962/,single-pass AI-assisted review; author sign-off pending,2026-09-12,Author verification required before submission
R0158,S-10.1093/pm/pnaf058,include,include,included,retrieved_pmc,title_abstract_and_pmc_full_text,https://pmc.ncbi.nlm.nih.gov/articles/PMC12585107/,single-pass AI-assisted review; author sign-off pending,2026-09-12,potentially_eligible_primary_human_study
R0159,S-10.1111/papr.13008,include,include,included,retrieved_pmc,title_abstract_and_pmc_full_text,https://pmc.ncbi.nlm.nih.gov/articles/PMC8359972/,single-pass AI-assisted review; author sign-off pending,2026-09-12,potentially_eligible_primary_human_study
R0160,S-10.1097/brs.0000000000005445,include,include,included,retrieved_pmc,title_abstract_and_pmc_full_text,https://pmc.ncbi.nlm.nih.gov/articles/PMC12594148/,single-pass AI-assisted review; author sign-off pending,2026-09-12,potentially_eligible_primary_human_study
R0161,S-10.1136/rapm-2023-104751,include,include,included,retrieved_pmc,title_abstract_and_pmc_full_text,https://pmc.ncbi.nlm.nih.gov/articles/PMC11103285/,single-pass AI-assisted review; author sign-off pending,2026-09-12,potentially_eligible_primary_human_study
R0162,S-10.1016/j.neuroimage.2026.122002,include,include,included,retrieved_pmc,title_abstract_and_pmc_full_text,https://pmc.ncbi.nlm.nih.gov/articles/PMC13276974/,single-pass AI-assisted review; author sign-off pending,2026-09-12,potentially_eligible_primary_human_study
R0163,,exclude,not_assessed,non_human_population,not_sought,title_abstract,https://pubmed.ncbi.nlm.nih.gov/34086704/,single-pass AI-assisted review; author sign-off pending,2026-09-12,Author verification required before submission
R0164,,include,uncertain,full_text_not_retrieved,not_retrieved,title_abstract_only,https://pubmed.ncbi.nlm.nih.gov/28922517/,single-pass AI-assisted review; author sign-off pending,2026-09-12,Author verification required before submission
R0165,,exclude,not_assessed,secondary_review_commentary_or_guidance,not_sought,title_abstract,https://pubmed.ncbi.nlm.nih.gov/39610577/,single-pass AI-assisted review; author sign-off pending,2026-09-12,Author verification required before submission
R0166,,exclude,not_assessed,no_pain_related_target,not_sought,title_abstract,https://pubmed.ncbi.nlm.nih.gov/41866084/,single-pass AI-assisted review; author sign-off pending,2026-09-12,Author verification required before submission
R0167,,include,uncertain,full_text_not_retrieved,not_retrieved,title_abstract_only,https://pubmed.ncbi.nlm.nih.gov/31876094/,single-pass AI-assisted review; author sign-off pending,2026-09-12,Author verification required before submission
R0168,,exclude,not_assessed,secondary_review_commentary_or_guidance,not_sought,title_abstract,https://pubmed.ncbi.nlm.nih.gov/42149411/,single-pass AI-assisted review; author sign-off pending,2026-09-12,Author verification required before submission
R0169,,exclude,not_assessed,secondary_review_commentary_or_guidance,not_sought,title_abstract,https://pubmed.ncbi.nlm.nih.gov/23707278/,single-pass AI-assisted review; author sign-off pending,2026-09-12,Author verification required before submission
R0170,,exclude,not_assessed,secondary_review_commentary_or_guidance,not_sought,title_abstract,https://pubmed.ncbi.nlm.nih.gov/41069191/,single-pass AI-assisted review; author sign-off pending,2026-09-12,Author verification required before submission
R0171,,exclude,not_assessed,secondary_psychophysiology_overview,not_sought,title_abstract,https://pubmed.ncbi.nlm.nih.gov/41793211/,single-pass AI-assisted review; author sign-off pending,2026-09-12,Author verification required before submission
R0172,,exclude,not_assessed,secondary_review_commentary_or_guidance,not_sought,title_abstract,https://pubmed.ncbi.nlm.nih.gov/32434351/,single-pass AI-assisted review; author sign-off pending,2026-09-12,Author verification required before submission
R0173,S-10.2147/jpr.s491574,include,include,included,retrieved_pmc,title_abstract_and_pmc_full_text,https://pmc.ncbi.nlm.nih.gov/articles/PMC11559421/,single-pass AI-assisted review; author sign-off pending,2026-09-12,potentially_eligible_primary_human_study
R0174,S-10.1038/s41598-025-04552-w,include,include,included,retrieved_pmc,title_abstract_and_pmc_full_text,https://pmc.ncbi.nlm.nih.gov/articles/PMC12134349/,single-pass AI-assisted review; author sign-off pending,2026-09-12,potentially_eligible_primary_human_study
R0175,,include,uncertain,full_text_not_retrieved,not_retrieved,title_abstract_only,https://doi.org/10.1088/1741-2552/ad7f8b,single-pass AI-assisted review; author sign-off pending,2026-09-12,Author verification required before submission
R0176,,exclude,not_assessed,triage_questionnaire_not_pain_state_signal_model,not_sought,title_abstract,https://pubmed.ncbi.nlm.nih.gov/41248315/,single-pass AI-assisted review; author sign-off pending,2026-09-12,Author verification required before submission
R0177,S-10.1093/ageing/afaf027,include,include,included,retrieved_pmc,title_abstract_and_pmc_full_text,https://pmc.ncbi.nlm.nih.gov/articles/PMC11836425/,single-pass AI-assisted review; author sign-off pending,2026-09-12,potentially_eligible_primary_human_study
R0178,S-10.1088/1741-2552/aceca4,include,include,included,checked_curated_source,curated_evidence_map_and_available_report,https://doi.org/10.1088/1741-2552/aceca4,single-pass AI-assisted review; author sign-off pending,2026-09-12,previously_curated_eligible_primary_study
R0179,,include,uncertain,full_text_not_retrieved,not_retrieved,title_abstract_only,https://doi.org/10.1111/ner.12968,single-pass AI-assisted review; author sign-off pending,2026-09-12,Author verification required before submission
R0180,,exclude,not_assessed,synthetic_computational_model_without_human_data,not_sought,title_abstract,https://pubmed.ncbi.nlm.nih.gov/31215720/,single-pass AI-assisted review; author sign-off pending,2026-09-12,Author verification required before submission
R0181,S-10.3390/s23083980,include,include,included,retrieved_pmc,title_abstract_and_pmc_full_text,https://pmc.ncbi.nlm.nih.gov/articles/PMC10143826/,single-pass AI-assisted review; author sign-off pending,2026-09-12,potentially_eligible_primary_human_study
R0182,S-10.3389/fnins.2022.831627,include,include,included,retrieved_pmc,title_abstract_and_pmc_full_text,https://pmc.ncbi.nlm.nih.gov/articles/PMC8874020/,single-pass AI-assisted review; author sign-off pending,2026-09-12,potentially_eligible_primary_human_study
R0183,,exclude,not_assessed,secondary_review_commentary_or_guidance,not_sought,title_abstract,https://pubmed.ncbi.nlm.nih.gov/40457422/,single-pass AI-assisted review; author sign-off pending,2026-09-12,Author verification required before submission
R0184,S-10.1088/2057-1976/ae34b4,include,include,included,checked_curated_source,curated_evidence_map_and_available_report,https://doi.org/10.1088/2057-1976/ae34b4,single-pass AI-assisted review; author sign-off pending,2026-09-12,previously_curated_eligible_primary_study
R0185,S-10.3390/s23041959,include,include,included,retrieved_pmc,title_abstract_and_pmc_full_text,https://pmc.ncbi.nlm.nih.gov/articles/PMC9960387/,single-pass AI-assisted review; author sign-off pending,2026-09-12,potentially_eligible_primary_human_study
R0186,,exclude,not_assessed,non_human_population,not_sought,title_abstract,https://pubmed.ncbi.nlm.nih.gov/37268666/,single-pass AI-assisted review; author sign-off pending,2026-09-12,Author verification required before submission
R0187,S-10.1371/journal.pone.0254108,include,include,included,retrieved_pmc,pmc_full_text_and_curated_evidence_map,https://pmc.ncbi.nlm.nih.gov/articles/PMC8270203/,single-pass AI-assisted review; author sign-off pending,2026-09-12,previously_curated_eligible_primary_study
R0188,S-10.3390/s19204503,include,include,included,retrieved_pmc,title_abstract_and_pmc_full_text,https://pmc.ncbi.nlm.nih.gov/articles/PMC6833075/,single-pass AI-assisted review; author sign-off pending,2026-09-12,potentially_eligible_primary_human_study
R0189,S-10.1016/j.jpain.2026.106416,include,include,included,checked_curated_source,curated_evidence_map_and_available_report,https://doi.org/10.1016/j.jpain.2026.106416,single-pass AI-assisted review; author sign-off pending,2026-09-12,previously_curated_eligible_primary_study
R0190,,exclude,not_assessed,secondary_perspective,not_sought,title_abstract,https://pubmed.ncbi.nlm.nih.gov/37331703/,single-pass AI-assisted review; author sign-off pending,2026-09-12,Author verification required before submission
R0191,S-10.3389/fpain.2022.827551,include,include,included,retrieved_pmc,title_abstract_and_pmc_full_text,https://pmc.ncbi.nlm.nih.gov/articles/PMC8915628/,single-pass AI-assisted review; author sign-off pending,2026-09-12,potentially_eligible_primary_human_study
R0192,,exclude,not_assessed,emotion_mapping_without_pain_target,not_sought,title_abstract,https://pubmed.ncbi.nlm.nih.gov/42023252/,single-pass AI-assisted review; author sign-off pending,2026-09-12,Author verification required before submission
R0193,,include,uncertain,full_text_not_retrieved,not_retrieved,title_abstract_only,https://pubmed.ncbi.nlm.nih.gov/31626215/,single-pass AI-assisted review; author sign-off pending,2026-09-12,Author verification required before submission
R0194,,exclude,not_assessed,secondary_review_commentary_or_guidance,not_sought,title_abstract,https://pubmed.ncbi.nlm.nih.gov/38184342/,single-pass AI-assisted review; author sign-off pending,2026-09-12,Author verification required before submission
R0195,S-10.2147/jmdh.s531709,include,include,included,retrieved_pmc,title_abstract_and_pmc_full_text,https://pmc.ncbi.nlm.nih.gov/articles/PMC12442815/,single-pass AI-assisted review; author sign-off pending,2026-09-12,potentially_eligible_primary_human_study
R0196,,exclude,not_assessed,protocol_or_planned_study_without_results,not_sought,title_abstract,https://pubmed.ncbi.nlm.nih.gov/37993169/,single-pass AI-assisted review; author sign-off pending,2026-09-12,Author verification required before submission
R0197,,include,uncertain,full_text_not_retrieved,not_retrieved,title_abstract_only,https://pubmed.ncbi.nlm.nih.gov/40073452/,single-pass AI-assisted review; author sign-off pending,2026-09-12,Author verification required before submission
R0198,S-10.3389/fnins.2019.00437,include,include,included,retrieved_pmc,title_abstract_and_pmc_full_text,https://pmc.ncbi.nlm.nih.gov/articles/PMC6513974/,single-pass AI-assisted review; author sign-off pending,2026-09-12,potentially_eligible_primary_human_study
R0199,,exclude,not_assessed,secondary_review_commentary_or_guidance,not_sought,title_abstract,https://pubmed.ncbi.nlm.nih.gov/33318354/,single-pass AI-assisted review; author sign-off pending,2026-09-12,Author verification required before submission
R0200,S-10.1136/rapm-2024-105346,include,include,included,retrieved_pmc,pmc_full_text_and_curated_evidence_map,https://pmc.ncbi.nlm.nih.gov/articles/PMC12015077/,single-pass AI-assisted review; author sign-off pending,2026-09-12,previously_curated_eligible_primary_study
R0201,S-10.1038/s41593-023-01338-z,include,include,included,retrieved_pmc,pmc_full_text_and_curated_evidence_map,https://pmc.ncbi.nlm.nih.gov/articles/PMC10330878/,single-pass AI-assisted review; author sign-off pending,2026-09-12,previously_curated_eligible_primary_study
R0202,,exclude,not_assessed,secondary_review_commentary_or_guidance,not_sought,title_abstract,https://pubmed.ncbi.nlm.nih.gov/32322387/,single-pass AI-assisted review; author sign-off pending,2026-09-12,Author verification required before submission
R0203,,exclude,not_assessed,secondary_review_commentary_or_guidance,not_sought,title_abstract,https://pubmed.ncbi.nlm.nih.gov/32382799/,single-pass AI-assisted review; author sign-off pending,2026-09-12,Author verification required before submission
R0204,,exclude,not_assessed,secondary_review_commentary_or_guidance,not_sought,title_abstract,https://pubmed.ncbi.nlm.nih.gov/39086767/,single-pass AI-assisted review; author sign-off pending,2026-09-12,Author verification required before submission
R0205,,include,exclude,face_tracking_evaluation_without_pain_target,retrieved_pmc,pmc_full_text,https://pmc.ncbi.nlm.nih.gov/articles/PMC8972989/,single-pass AI-assisted review; author sign-off pending,2026-09-12,Author verification required before submission
R0206,,exclude,not_assessed,non_human_population,not_sought,title_abstract,https://pubmed.ncbi.nlm.nih.gov/38062194/,single-pass AI-assisted review; author sign-off pending,2026-09-12,Author verification required before submission
R0207,,exclude,not_assessed,no_biomedical_behavioral_neural_or_scs_signal,not_sought,title_abstract,https://pubmed.ncbi.nlm.nih.gov/38458198/,single-pass AI-assisted review; author sign-off pending,2026-09-12,Author verification required before submission
R0208,,exclude,not_assessed,secondary_review_commentary_or_guidance,not_sought,title_abstract,https://pubmed.ncbi.nlm.nih.gov/35547946/,single-pass AI-assisted review; author sign-off pending,2026-09-12,Author verification required before submission
R0209,,uncertain,uncertain,full_text_not_retrieved,not_retrieved,title_abstract_only,https://pubmed.ncbi.nlm.nih.gov/39146173/,single-pass AI-assisted review; author sign-off pending,2026-09-12,Author verification required before submission
R0210,,exclude,not_assessed,general_ai_bias_article_without_pain_experiment,not_sought,title_abstract,https://pubmed.ncbi.nlm.nih.gov/39490365/,single-pass AI-assisted review; author sign-off pending,2026-09-12,Author verification required before submission
R0211,,exclude,not_assessed,quality_of_life_analysis_without_signal_pattern_model,not_sought,title_abstract,https://pubmed.ncbi.nlm.nih.gov/32940398/,single-pass AI-assisted review; author sign-off pending,2026-09-12,Author verification required before submission
R0212,,include,uncertain,full_text_not_retrieved,not_retrieved,title_abstract_only,https://pubmed.ncbi.nlm.nih.gov/32910099/,single-pass AI-assisted review; author sign-off pending,2026-09-12,Author verification required before submission
R0213,,exclude,not_assessed,secondary_review_commentary_or_guidance,not_sought,title_abstract,https://pubmed.ncbi.nlm.nih.gov/42268377/,single-pass AI-assisted review; author sign-off pending,2026-09-12,Author verification required before submission
R0214,,exclude,not_assessed,genetics_database_without_biomedical_signal_model,not_sought,title_abstract,https://pubmed.ncbi.nlm.nih.gov/29300278/,single-pass AI-assisted review; author sign-off pending,2026-09-12,Author verification required before submission
R0215,,include,uncertain,full_text_not_retrieved,not_retrieved,title_abstract_only,https://pubmed.ncbi.nlm.nih.gov/38184347/,single-pass AI-assisted review; author sign-off pending,2026-09-12,Author verification required before submission
R0216,,include,uncertain,full_text_not_retrieved,not_retrieved,title_abstract_only,https://pubmed.ncbi.nlm.nih.gov/33019243/,single-pass AI-assisted review; author sign-off pending,2026-09-12,Author verification required before submission
R0217,S-10.3390/bioengineering9120804,include,include,included,retrieved_pmc,title_abstract_and_pmc_full_text,https://pmc.ncbi.nlm.nih.gov/articles/PMC9774603/,single-pass AI-assisted review; author sign-off pending,2026-09-12,potentially_eligible_primary_human_study
R0218,,include,uncertain,full_text_not_retrieved,not_retrieved,title_abstract_only,https://pubmed.ncbi.nlm.nih.gov/36437161/,single-pass AI-assisted review; author sign-off pending,2026-09-12,Author verification required before submission
R0219,,include,uncertain,full_text_not_retrieved,not_retrieved,title_abstract_only,https://pubmed.ncbi.nlm.nih.gov/39094810/,single-pass AI-assisted review; author sign-off pending,2026-09-12,Author verification required before submission
R0220,S-10.2196/36998,include,include,included,retrieved_pmc,title_abstract_and_pmc_full_text,https://pmc.ncbi.nlm.nih.gov/articles/PMC9264122/,single-pass AI-assisted review; author sign-off pending,2026-09-12,potentially_eligible_primary_human_study
R0221,S-10.1016/j.smhl.2018.01.002,include,include,included,retrieved_pmc,title_abstract_and_pmc_full_text,https://pmc.ncbi.nlm.nih.gov/articles/PMC6428053/,single-pass AI-assisted review; author sign-off pending,2026-09-12,potentially_eligible_primary_human_study
R0222,,exclude,not_assessed,secondary_review_commentary_or_guidance,not_sought,title_abstract,https://pubmed.ncbi.nlm.nih.gov/35603938/,single-pass AI-assisted review; author sign-off pending,2026-09-12,Author verification required before submission
R0223,,exclude,not_assessed,secondary_review_commentary_or_guidance,not_sought,title_abstract,https://pubmed.ncbi.nlm.nih.gov/38430433/,single-pass AI-assisted review; author sign-off pending,2026-09-12,Author verification required before submission
R0224,S-10.1016/j.dib.2026.113141,include,include,included,retrieved_pmc,title_abstract_and_pmc_full_text,https://pmc.ncbi.nlm.nih.gov/articles/PMC13519607/,single-pass AI-assisted review; author sign-off pending,2026-09-12,potentially_eligible_scs_or_dataset_study
R0225,,include,uncertain,full_text_not_retrieved,not_retrieved,title_abstract_only,https://pubmed.ncbi.nlm.nih.gov/41843272/,single-pass AI-assisted review; author sign-off pending,2026-09-12,Author verification required before submission
R0226,,include,uncertain,full_text_not_retrieved,not_retrieved,title_abstract_only,https://pubmed.ncbi.nlm.nih.gov/29105225/,single-pass AI-assisted review; author sign-off pending,2026-09-12,Author verification required before submission
R0227,,include,uncertain,full_text_not_retrieved,not_retrieved,title_abstract_only,https://pubmed.ncbi.nlm.nih.gov/41381876/,single-pass AI-assisted review; author sign-off pending,2026-09-12,Author verification required before submission
R0228,S-10.3390/s21123956,include,include,included,retrieved_pmc,pmc_full_text_and_curated_evidence_map,https://pmc.ncbi.nlm.nih.gov/articles/PMC8227650/,single-pass AI-assisted review; author sign-off pending,2026-09-12,previously_curated_eligible_primary_study
R0229,,exclude,not_assessed,secondary_review_commentary_or_guidance,not_sought,title_abstract,https://pubmed.ncbi.nlm.nih.gov/35467563/,single-pass AI-assisted review; author sign-off pending,2026-09-12,Author verification required before submission
R0230,S-10.1016/s1474-4422(19)30414-4,include,include,included,checked_curated_source,curated_evidence_map_and_available_report,https://doi.org/10.1016/s1474-4422(19)30414-4,single-pass AI-assisted review; author sign-off pending,2026-09-12,previously_curated_eligible_primary_study
R0231,S-10.1109/embc.2018.8513575,include,include,included,checked_curated_source,curated_evidence_map_and_available_report,https://doi.org/10.1109/embc.2018.8513575,single-pass AI-assisted review; author sign-off pending,2026-09-12,previously_curated_eligible_primary_study
R0232,S-10.1155/prm/5131891,include,include,included,retrieved_pmc,pmc_full_text_and_curated_evidence_map,https://pmc.ncbi.nlm.nih.gov/articles/PMC13108428/,single-pass AI-assisted review; author sign-off pending,2026-09-12,previously_curated_eligible_primary_study
R0233,S-10.1097/j.pain.0000000000001417,include,include,included,retrieved_pmc,title_abstract_and_pmc_full_text,https://pmc.ncbi.nlm.nih.gov/articles/PMC6377310/,single-pass AI-assisted review; author sign-off pending,2026-09-12,potentially_eligible_primary_human_study
R0234,S-10.1097/pr9.0000000000001332,uncertain,include,included,retrieved_pmc,title_abstract_and_pmc_full_text,https://pmc.ncbi.nlm.nih.gov/articles/PMC12443153/,single-pass AI-assisted review; author sign-off pending,2026-09-12,insufficient_population_or_experiment_information_in_record
R0235,,exclude,not_assessed,secondary_review_commentary_or_guidance,not_sought,title_abstract,https://pubmed.ncbi.nlm.nih.gov/39523286/,single-pass AI-assisted review; author sign-off pending,2026-09-12,Author verification required before submission
R0236,,exclude,not_assessed,secondary_narrative_review,not_sought,title_abstract,https://pubmed.ncbi.nlm.nih.gov/37219574/,single-pass AI-assisted review; author sign-off pending,2026-09-12,Author verification required before submission
R0237,,exclude,not_assessed,protocol_or_planned_study_without_results,not_sought,title_abstract,https://pubmed.ncbi.nlm.nih.gov/30544420/,single-pass AI-assisted review; author sign-off pending,2026-09-12,Author verification required before submission
R0238,S-10.1038/s41598-025-21987-3,include,include,included,retrieved_pmc,title_abstract_and_pmc_full_text,https://pmc.ncbi.nlm.nih.gov/articles/PMC12578783/,single-pass AI-assisted review; author sign-off pending,2026-09-12,potentially_eligible_primary_human_study
R0239,S-10.4097/kja.23583,include,include,included,retrieved_pmc,title_abstract_and_pmc_full_text,https://pmc.ncbi.nlm.nih.gov/articles/PMC10982524/,single-pass AI-assisted review; author sign-off pending,2026-09-12,potentially_eligible_primary_human_study
R0240,S-10.1038/s41598-025-92111-8,include,include,included,retrieved_pmc,pmc_full_text_and_curated_evidence_map,https://pmc.ncbi.nlm.nih.gov/articles/PMC11920397/,single-pass AI-assisted review; author sign-off pending,2026-09-12,previously_curated_eligible_primary_study
R0241,,include,uncertain,full_text_not_retrieved,not_retrieved,title_abstract_only,https://pubmed.ncbi.nlm.nih.gov/35384918/,single-pass AI-assisted review; author sign-off pending,2026-09-12,Author verification required before submission
R0242,,include,uncertain,full_text_not_retrieved,not_retrieved,title_abstract_only,https://pubmed.ncbi.nlm.nih.gov/39254621/,single-pass AI-assisted review; author sign-off pending,2026-09-12,Author verification required before submission
R0243,,exclude,not_assessed,no_pain_related_target,not_sought,title_abstract,https://doi.org/10.1109/TNSRE.2023.3335100,single-pass AI-assisted review; author sign-off pending,2026-09-12,Author verification required before submission
R0244,,exclude,not_assessed,secondary_review_commentary_or_guidance,not_sought,title_abstract,https://pubmed.ncbi.nlm.nih.gov/32403963/,single-pass AI-assisted review; author sign-off pending,2026-09-12,Author verification required before submission
R0245,S-10.1109/jstsp.2016.2535962,include,include,included,checked_curated_source,curated_evidence_map_and_available_report,https://doi.org/10.1109/jstsp.2016.2535962,single-pass AI-assisted review; author sign-off pending,2026-09-12,previously_curated_eligible_primary_study
R0246,,exclude,not_assessed,non_human_population,not_sought,title_abstract,https://pubmed.ncbi.nlm.nih.gov/40766435/,single-pass AI-assisted review; author sign-off pending,2026-09-12,Author verification required before submission
R0247,,include,uncertain,full_text_not_retrieved,not_retrieved,title_abstract_only,https://pubmed.ncbi.nlm.nih.gov/38220575/,single-pass AI-assisted review; author sign-off pending,2026-09-12,Author verification required before submission
R0248,,exclude,not_assessed,secondary_review_commentary_or_guidance,not_sought,title_abstract,https://pubmed.ncbi.nlm.nih.gov/42653377/,single-pass AI-assisted review; author sign-off pending,2026-09-12,Author verification required before submission
R0249,S-10.1073/pnas.2319316121,include,include,included,retrieved_pmc,pmc_full_text_and_curated_evidence_map,https://pmc.ncbi.nlm.nih.gov/articles/PMC11459174/,single-pass AI-assisted review; author sign-off pending,2026-09-12,previously_curated_eligible_primary_study
R0250,S-10.1038/s41598-026-54248-y,include,include,included,retrieved_pmc,title_abstract_and_pmc_full_text,https://pmc.ncbi.nlm.nih.gov/articles/PMC13424116/,single-pass AI-assisted review; author sign-off pending,2026-09-12,potentially_eligible_primary_human_study
R0251,,include,uncertain,full_text_not_retrieved,not_retrieved,title_abstract_only,https://pubmed.ncbi.nlm.nih.gov/36085748/,single-pass AI-assisted review; author sign-off pending,2026-09-12,Author verification required before submission
R0252,,exclude,not_assessed,secondary_review_commentary_or_guidance,not_sought,title_abstract,https://pubmed.ncbi.nlm.nih.gov/34539444/,single-pass AI-assisted review; author sign-off pending,2026-09-12,Author verification required before submission
R0253,S-10.3791/59057,include,include,included,checked_curated_source,curated_evidence_map_and_available_report,https://doi.org/10.3791/59057,single-pass AI-assisted review; author sign-off pending,2026-09-12,previously_curated_eligible_primary_study
R0254,,exclude,not_assessed,protocol_or_planned_study_without_results,not_sought,title_abstract,https://pubmed.ncbi.nlm.nih.gov/30828946/,single-pass AI-assisted review; author sign-off pending,2026-09-12,Author verification required before submission
R0255,S-10.3390/s24020458,include,include,included,retrieved_pmc,title_abstract_and_pmc_full_text,https://pmc.ncbi.nlm.nih.gov/articles/PMC11154386/,single-pass AI-assisted review; author sign-off pending,2026-09-12,potentially_eligible_primary_human_study
R0256,S-10.3389/fpain.2024.1372814,include,include,included,retrieved_pmc,title_abstract_and_pmc_full_text,https://pmc.ncbi.nlm.nih.gov/articles/PMC11004333/,single-pass AI-assisted review; author sign-off pending,2026-09-12,potentially_eligible_primary_human_study
R0257,,include,uncertain,full_text_not_retrieved,not_retrieved,title_abstract_only,https://pubmed.ncbi.nlm.nih.gov/42496586/,single-pass AI-assisted review; author sign-off pending,2026-09-12,Author verification required before submission
R0258,S-10.3390/s26103181,include,include,included,retrieved_pmc,pmc_full_text_and_curated_evidence_map,https://pmc.ncbi.nlm.nih.gov/articles/PMC13210486/,single-pass AI-assisted review; author sign-off pending,2026-09-12,previously_curated_eligible_primary_study
R0259,S-10.1016/j.dib.2025.111992,include,include,included,retrieved_pmc,pmc_full_text_and_curated_evidence_map,https://pmc.ncbi.nlm.nih.gov/articles/PMC12410463/,single-pass AI-assisted review; author sign-off pending,2026-09-12,previously_curated_eligible_primary_study
R0260,,exclude,not_assessed,clinical_management_review_without_signal_model,not_sought,title_abstract,https://pubmed.ncbi.nlm.nih.gov/42536272/,single-pass AI-assisted review; author sign-off pending,2026-09-12,Author verification required before submission
R0261,S-10.1016/j.dib.2021.106796,include,include,included,retrieved_pmc,title_abstract_and_pmc_full_text,https://pmc.ncbi.nlm.nih.gov/articles/PMC7887380/,single-pass AI-assisted review; author sign-off pending,2026-09-12,potentially_eligible_primary_human_study
R0262,S-10.1002/pne2.12007,uncertain,include,included,retrieved_pmc,title_abstract_and_pmc_full_text,https://pmc.ncbi.nlm.nih.gov/articles/PMC8974881/,single-pass AI-assisted review; author sign-off pending,2026-09-12,insufficient_population_or_experiment_information_in_record
R0263,S-10.2196/67969,include,include,included,retrieved_pmc,title_abstract_and_pmc_full_text,https://pmc.ncbi.nlm.nih.gov/articles/PMC11811662/,single-pass AI-assisted review; author sign-off pending,2026-09-12,potentially_eligible_primary_human_study
R0264,S-10.3389/fpain.2023.1150264,include,include,included,retrieved_pmc,title_abstract_and_pmc_full_text,https://pmc.ncbi.nlm.nih.gov/articles/PMC10321707/,single-pass AI-assisted review; author sign-off pending,2026-09-12,potentially_eligible_primary_human_study
R0265,,include,uncertain,full_text_not_retrieved,not_retrieved,title_abstract_only,https://pubmed.ncbi.nlm.nih.gov/32291588/,single-pass AI-assisted review; author sign-off pending,2026-09-12,Author verification required before submission
R0266,S-10.1016/j.compbiomed.2020.104150,include,include,included,retrieved_pmc,title_abstract_and_pmc_full_text,https://pmc.ncbi.nlm.nih.gov/articles/PMC7856028/,single-pass AI-assisted review; author sign-off pending,2026-09-12,potentially_eligible_primary_human_study
R0267,,exclude,not_assessed,secondary_review_commentary_or_guidance,not_sought,title_abstract,https://pubmed.ncbi.nlm.nih.gov/39470012/,single-pass AI-assisted review; author sign-off pending,2026-09-12,Author verification required before submission
R0268,,exclude,not_assessed,face_detection_method_without_pain_target_evaluation,not_sought,title_abstract,https://pubmed.ncbi.nlm.nih.gov/38083549/,single-pass AI-assisted review; author sign-off pending,2026-09-12,Author verification required before submission
R0269,,exclude,not_assessed,secondary_review_commentary_or_guidance,not_sought,title_abstract,https://pubmed.ncbi.nlm.nih.gov/42534983/,single-pass AI-assisted review; author sign-off pending,2026-09-12,Author verification required before submission
R0270,,exclude,not_assessed,secondary_review_commentary_or_guidance,not_sought,title_abstract,https://pubmed.ncbi.nlm.nih.gov/38751011/,single-pass AI-assisted review; author sign-off pending,2026-09-12,Author verification required before submission
R0271,S-10.1136/rapm-2024-105370,include,include,included,retrieved_pmc,title_abstract_and_pmc_full_text,https://pmc.ncbi.nlm.nih.gov/articles/PMC12322467/,single-pass AI-assisted review; author sign-off pending,2026-09-12,potentially_eligible_primary_human_study
R0272,,exclude,not_assessed,secondary_review_commentary_or_guidance,not_sought,title_abstract,https://pubmed.ncbi.nlm.nih.gov/37436342/,single-pass AI-assisted review; author sign-off pending,2026-09-12,Author verification required before submission
R0273,,exclude,not_assessed,secondary_review_commentary_or_guidance,not_sought,title_abstract,https://pubmed.ncbi.nlm.nih.gov/31637517/,single-pass AI-assisted review; author sign-off pending,2026-09-12,Author verification required before submission
R0274,,exclude,not_assessed,secondary_review_commentary_or_guidance,not_sought,title_abstract,https://pubmed.ncbi.nlm.nih.gov/40063194/,single-pass AI-assisted review; author sign-off pending,2026-09-12,Author verification required before submission
R0275,,exclude,not_assessed,secondary_review_commentary_or_guidance,not_sought,title_abstract,https://pubmed.ncbi.nlm.nih.gov/25549368/,single-pass AI-assisted review; author sign-off pending,2026-09-12,Author verification required before submission
R0276,,exclude,not_assessed,secondary_review_commentary_or_guidance,not_sought,title_abstract,https://pubmed.ncbi.nlm.nih.gov/42268393/,single-pass AI-assisted review; author sign-off pending,2026-09-12,Author verification required before submission
R0277,,exclude,not_assessed,no_biomedical_behavioral_neural_or_scs_signal,not_sought,title_abstract,https://pubmed.ncbi.nlm.nih.gov/42275267/,single-pass AI-assisted review; author sign-off pending,2026-09-12,Author verification required before submission
R0278,S-10.2196/23920,include,include,included,retrieved_pmc,title_abstract_and_pmc_full_text,https://pmc.ncbi.nlm.nih.gov/articles/PMC7889419/,single-pass AI-assisted review; author sign-off pending,2026-09-12,potentially_eligible_primary_human_study
R0279,,include,uncertain,full_text_not_retrieved,not_retrieved,title_abstract_only,https://pubmed.ncbi.nlm.nih.gov/32615330/,single-pass AI-assisted review; author sign-off pending,2026-09-12,Author verification required before submission
R0280,S-10.1002/pne2.70001,include,include,included,retrieved_pmc,title_abstract_and_pmc_full_text,https://pmc.ncbi.nlm.nih.gov/articles/PMC11891568/,single-pass AI-assisted review; author sign-off pending,2026-09-12,potentially_eligible_primary_human_study
R0281,,exclude,not_assessed,secondary_clinical_overview,not_sought,title_abstract,https://pubmed.ncbi.nlm.nih.gov/32047606/,single-pass AI-assisted review; author sign-off pending,2026-09-12,Author verification required before submission
R0282,S-10.3390/biology14020210,uncertain,include,included,retrieved_pmc,title_abstract_and_pmc_full_text,https://pmc.ncbi.nlm.nih.gov/articles/PMC11851851/,single-pass AI-assisted review; author sign-off pending,2026-09-12,insufficient_population_or_experiment_information_in_record
R0283,,include,uncertain,full_text_not_retrieved,not_retrieved,title_abstract_only,https://pubmed.ncbi.nlm.nih.gov/34891494/,single-pass AI-assisted review; author sign-off pending,2026-09-12,Author verification required before submission
R0284,S-10.1038/s41746-023-00892-x,include,include,included,retrieved_pmc,pmc_full_text_and_curated_evidence_map,https://pmc.ncbi.nlm.nih.gov/articles/PMC10427619/,single-pass AI-assisted review; author sign-off pending,2026-09-12,previously_curated_eligible_primary_study
R0285,,exclude,not_assessed,secondary_review_commentary_or_guidance,not_sought,title_abstract,https://pubmed.ncbi.nlm.nih.gov/41076564/,single-pass AI-assisted review; author sign-off pending,2026-09-12,Author verification required before submission
R0286,S-10.3390/s24196298,include,include,included,retrieved_pmc,title_abstract_and_pmc_full_text,https://pmc.ncbi.nlm.nih.gov/articles/PMC11478472/,single-pass AI-assisted review; author sign-off pending,2026-09-12,potentially_eligible_primary_human_study
R0287,,exclude,not_assessed,non_human_population,not_sought,title_abstract,https://pubmed.ncbi.nlm.nih.gov/34665834/,single-pass AI-assisted review; author sign-off pending,2026-09-12,Author verification required before submission
R0288,S-10.2196/25258,include,include,included,retrieved_pmc,title_abstract_and_pmc_full_text,https://pmc.ncbi.nlm.nih.gov/articles/PMC8135033/,single-pass AI-assisted review; author sign-off pending,2026-09-12,potentially_eligible_primary_human_study
R0289,,exclude,not_assessed,secondary_review_commentary_or_guidance,not_sought,title_abstract,https://pubmed.ncbi.nlm.nih.gov/41540230/,single-pass AI-assisted review; author sign-off pending,2026-09-12,Author verification required before submission
R0290,,exclude,not_assessed,secondary_review_commentary_or_guidance,not_sought,title_abstract,https://pubmed.ncbi.nlm.nih.gov/41313209/,single-pass AI-assisted review; author sign-off pending,2026-09-12,Author verification required before submission
R0291,S-10.1371/journal.pone.0232412,include,include,included,retrieved_pmc,title_abstract_and_pmc_full_text,https://pmc.ncbi.nlm.nih.gov/articles/PMC7444520/,single-pass AI-assisted review; author sign-off pending,2026-09-12,potentially_eligible_primary_human_study
R0292,S-10.1371/journal.pone.0140330,include,include,included,retrieved_pmc,pmc_full_text_and_curated_evidence_map,https://pmc.ncbi.nlm.nih.gov/articles/PMC4608770/,single-pass AI-assisted review; author sign-off pending,2026-09-12,previously_curated_eligible_primary_study
R0293,S-10.3390/diagnostics15182362,include,include,included,retrieved_pmc,title_abstract_and_pmc_full_text,https://pmc.ncbi.nlm.nih.gov/articles/PMC12468818/,single-pass AI-assisted review; author sign-off pending,2026-09-12,potentially_eligible_primary_human_study
R0294,,exclude,not_assessed,secondary_review_commentary_or_guidance,not_sought,title_abstract,https://pubmed.ncbi.nlm.nih.gov/37284926/,single-pass AI-assisted review; author sign-off pending,2026-09-12,Author verification required before submission
R0295,S-10.2196/25079,include,include,included,retrieved_pmc,title_abstract_and_pmc_full_text,https://pmc.ncbi.nlm.nih.gov/articles/PMC8196363/,single-pass AI-assisted review; author sign-off pending,2026-09-12,potentially_eligible_primary_human_study
R0296,S-10.1109/fg.2011.5771462,include,include,included,checked_curated_source,curated_evidence_map_and_available_report,https://doi.org/10.1109/fg.2011.5771462,single-pass AI-assisted review; author sign-off pending,2026-09-12,previously_curated_eligible_primary_study
R0297,,exclude,not_assessed,non_human_population,not_sought,title_abstract,https://pubmed.ncbi.nlm.nih.gov/41142570/,single-pass AI-assisted review; author sign-off pending,2026-09-12,Author verification required before submission
R0298,S-10.1371/journal.pdig.0001442,include,include,included,retrieved_pmc,title_abstract_and_pmc_full_text,https://pmc.ncbi.nlm.nih.gov/articles/PMC13210372/,single-pass AI-assisted review; author sign-off pending,2026-09-12,potentially_eligible_primary_human_study
R0299,,exclude,not_assessed,secondary_review_commentary_or_guidance,not_sought,title_abstract,https://pubmed.ncbi.nlm.nih.gov/40168574/,single-pass AI-assisted review; author sign-off pending,2026-09-12,Author verification required before submission
R0300,,include,uncertain,full_text_not_retrieved,not_retrieved,title_abstract_only,https://pubmed.ncbi.nlm.nih.gov/26792251/,single-pass AI-assisted review; author sign-off pending,2026-09-12,Author verification required before submission
R0301,,include,uncertain,full_text_not_retrieved,not_retrieved,title_abstract_only,https://pubmed.ncbi.nlm.nih.gov/38775675/,single-pass AI-assisted review; author sign-off pending,2026-09-12,Author verification required before submission
R0302,S-10.1371/journal.pone.0354510,include,include,included,retrieved_pmc,title_abstract_and_pmc_full_text,https://pmc.ncbi.nlm.nih.gov/articles/PMC13502692/,single-pass AI-assisted review; author sign-off pending,2026-09-12,potentially_eligible_primary_human_study
R0303,S-10.3390/s22218087,include,include,included,retrieved_pmc,title_abstract_and_pmc_full_text,https://pmc.ncbi.nlm.nih.gov/articles/PMC9654781/,single-pass AI-assisted review; author sign-off pending,2026-09-12,potentially_eligible_primary_human_study
R0304,S-10.3390/s25072086,include,include,included,retrieved_pmc,title_abstract_and_pmc_full_text,https://pmc.ncbi.nlm.nih.gov/articles/PMC11991361/,single-pass AI-assisted review; author sign-off pending,2026-09-12,potentially_eligible_primary_human_study
R0305,,exclude,not_assessed,no_pain_related_target,not_sought,title_abstract,https://pubmed.ncbi.nlm.nih.gov/41336133/,single-pass AI-assisted review; author sign-off pending,2026-09-12,Author verification required before submission
R0306,,exclude,not_assessed,secondary_review_commentary_or_guidance,not_sought,title_abstract,https://pubmed.ncbi.nlm.nih.gov/41536646/,single-pass AI-assisted review; author sign-off pending,2026-09-12,Author verification required before submission
R0307,,include,uncertain,full_text_not_retrieved,not_retrieved,title_abstract_only,https://pubmed.ncbi.nlm.nih.gov/37716244/,single-pass AI-assisted review; author sign-off pending,2026-09-12,Author verification required before submission
R0308,,exclude,not_assessed,secondary_review_commentary_or_guidance,not_sought,title_abstract,https://pubmed.ncbi.nlm.nih.gov/38322690/,single-pass AI-assisted review; author sign-off pending,2026-09-12,Author verification required before submission
R0309,S-10.1002/ejp.70313,include,include,included,retrieved_pmc,title_abstract_and_pmc_full_text,https://pmc.ncbi.nlm.nih.gov/articles/PMC13317760/,single-pass AI-assisted review; author sign-off pending,2026-09-12,potentially_eligible_primary_human_study
R0310,,include,uncertain,full_text_not_retrieved,not_retrieved,title_abstract_only,https://pubmed.ncbi.nlm.nih.gov/38083793/,single-pass AI-assisted review; author sign-off pending,2026-09-12,Author verification required before submission
R0311,,include,uncertain,full_text_not_retrieved,not_retrieved,title_abstract_only,https://pubmed.ncbi.nlm.nih.gov/40879389/,single-pass AI-assisted review; author sign-off pending,2026-09-12,Author verification required before submission
R0312,,include,uncertain,full_text_not_retrieved,not_retrieved,title_abstract_only,https://pubmed.ncbi.nlm.nih.gov/34793655/,single-pass AI-assisted review; author sign-off pending,2026-09-12,Author verification required before submission
R0313,S-10.1186/s12911-025-03305-z,include,include,included,retrieved_pmc,title_abstract_and_pmc_full_text,https://pmc.ncbi.nlm.nih.gov/articles/PMC12822141/,single-pass AI-assisted review; author sign-off pending,2026-09-12,potentially_eligible_primary_human_study
R0314,,exclude,not_assessed,secondary_review_commentary_or_guidance,not_sought,title_abstract,https://pubmed.ncbi.nlm.nih.gov/30178033/,single-pass AI-assisted review; author sign-off pending,2026-09-12,Author verification required before submission
R0315,,exclude,not_assessed,secondary_review_commentary_or_guidance,not_sought,title_abstract,https://doi.org/10.1186/s13643-020-01542-z,single-pass AI-assisted review; author sign-off pending,2026-09-12,Author verification required before submission
R0316,,exclude,not_assessed,no_pain_related_target,not_sought,title_abstract,https://pubmed.ncbi.nlm.nih.gov/40127903/,single-pass AI-assisted review; author sign-off pending,2026-09-12,Author verification required before submission
R0317,,exclude,not_assessed,protocol_or_planned_study_without_results,not_sought,title_abstract,https://pubmed.ncbi.nlm.nih.gov/32609091/,single-pass AI-assisted review; author sign-off pending,2026-09-12,Author verification required before submission
R0318,S-10.1109/tbme.2017.2756870,include,include,included,retrieved_pmc,title_abstract_and_pmc_full_text,https://pmc.ncbi.nlm.nih.gov/articles/PMC5718188/,single-pass AI-assisted review; author sign-off pending,2026-09-12,potentially_eligible_primary_human_study
R0319,S-10.1038/ncomms14211,include,include,included,retrieved_pmc,pmc_full_text_and_curated_evidence_map,https://pmc.ncbi.nlm.nih.gov/articles/PMC5316889/,single-pass AI-assisted review; author sign-off pending,2026-09-12,previously_curated_eligible_primary_study
R0320,,exclude,not_assessed,non_human_population,not_sought,title_abstract,https://pubmed.ncbi.nlm.nih.gov/39286765/,single-pass AI-assisted review; author sign-off pending,2026-09-12,Author verification required before submission
R0321,S-10.1016/j.dib.2026.112842,include,include,included,retrieved_pmc,title_abstract_and_pmc_full_text,https://pmc.ncbi.nlm.nih.gov/articles/PMC13208079/,single-pass AI-assisted review; author sign-off pending,2026-09-12,potentially_eligible_scs_or_dataset_study
R0322,,include,exclude,synthetic_data_without_human_validation,retrieved_pmc,pmc_full_text,https://pmc.ncbi.nlm.nih.gov/articles/PMC13218711/,single-pass AI-assisted review; author sign-off pending,2026-09-12,Author verification required before submission
R0323,S-10.3390/s26103020,include,include,included,retrieved_pmc,pmc_full_text_and_curated_evidence_map,https://pmc.ncbi.nlm.nih.gov/articles/PMC13211154/,single-pass AI-assisted review; author sign-off pending,2026-09-12,previously_curated_eligible_primary_study
R0324,,exclude,not_assessed,secondary_review_commentary_or_guidance,not_sought,title_abstract,https://pubmed.ncbi.nlm.nih.gov/40689618/,single-pass AI-assisted review; author sign-off pending,2026-09-12,Author verification required before submission
R0325,,exclude,not_assessed,protocol_or_planned_study_without_results,not_sought,title_abstract,https://pubmed.ncbi.nlm.nih.gov/42244836/,single-pass AI-assisted review; author sign-off pending,2026-09-12,Author verification required before submission
R0326,S-10.1109/tbme.2009.2039214,include,include,included,retrieved_pmc,title_abstract_and_pmc_full_text,https://pmc.ncbi.nlm.nih.gov/articles/PMC3103750/,single-pass AI-assisted review; author sign-off pending,2026-09-12,potentially_eligible_primary_human_study
R0327,,include,uncertain,full_text_not_retrieved,not_retrieved,title_abstract_only,https://pubmed.ncbi.nlm.nih.gov/38097809/,single-pass AI-assisted review; author sign-off pending,2026-09-12,Author verification required before submission
R0328,,exclude,not_assessed,device_outcome_study_without_signal_pattern_model,not_sought,title_abstract,https://pubmed.ncbi.nlm.nih.gov/37976486/,single-pass AI-assisted review; author sign-off pending,2026-09-12,Author verification required before submission
R0329,,exclude,not_assessed,secondary_review,not_sought,title_abstract,https://pubmed.ncbi.nlm.nih.gov/42454002/,single-pass AI-assisted review; author sign-off pending,2026-09-12,Author verification required before submission
R0330,,exclude,not_assessed,secondary_review_commentary_or_guidance,not_sought,title_abstract,https://pubmed.ncbi.nlm.nih.gov/39917118/,single-pass AI-assisted review; author sign-off pending,2026-09-12,Author verification required before submission
R0331,,exclude,not_assessed,secondary_review_commentary_or_guidance,not_sought,title_abstract,https://pubmed.ncbi.nlm.nih.gov/41628204/,single-pass AI-assisted review; author sign-off pending,2026-09-12,Author verification required before submission
R0332,,exclude,not_assessed,no_biomedical_behavioral_neural_or_scs_signal,not_sought,title_abstract,https://pubmed.ncbi.nlm.nih.gov/41779995/,single-pass AI-assisted review; author sign-off pending,2026-09-12,Author verification required before submission
R0333,,exclude,not_assessed,scs_outcome_without_relevant_signal_or_prediction_task,not_sought,title_abstract,https://pubmed.ncbi.nlm.nih.gov/35551868/,single-pass AI-assisted review; author sign-off pending,2026-09-12,Author verification required before submission
R0334,,exclude,not_assessed,secondary_review_commentary_or_guidance,not_sought,title_abstract,https://pubmed.ncbi.nlm.nih.gov/35718398/,single-pass AI-assisted review; author sign-off pending,2026-09-12,Author verification required before submission
R0335,,exclude,not_assessed,clinical_programming_overview,not_sought,title_abstract,https://pubmed.ncbi.nlm.nih.gov/32291559/,single-pass AI-assisted review; author sign-off pending,2026-09-12,Author verification required before submission
R0336,,exclude,not_assessed,non_human_population,not_sought,title_abstract,https://pubmed.ncbi.nlm.nih.gov/35961888/,single-pass AI-assisted review; author sign-off pending,2026-09-12,Author verification required before submission
R0337,,exclude,not_assessed,secondary_review_commentary_or_guidance,not_sought,title_abstract,https://pubmed.ncbi.nlm.nih.gov/41448516/,single-pass AI-assisted review; author sign-off pending,2026-09-12,Author verification required before submission
R0338,,exclude,not_assessed,secondary_review_commentary_or_guidance,not_sought,title_abstract,https://pubmed.ncbi.nlm.nih.gov/39993299/,single-pass AI-assisted review; author sign-off pending,2026-09-12,Author verification required before submission
R0339,S-10.1093/neuros/nyaa003,include,include,included,retrieved_pmc,title_abstract_and_pmc_full_text,https://pmc.ncbi.nlm.nih.gov/articles/PMC8184296/,single-pass AI-assisted review; author sign-off pending,2026-09-12,potentially_eligible_primary_human_study
R0340,,exclude,not_assessed,secondary_review_commentary_or_guidance,not_sought,title_abstract,https://pubmed.ncbi.nlm.nih.gov/34425248/,single-pass AI-assisted review; author sign-off pending,2026-09-12,Author verification required before submission
R0341,S-10.1038/s41597-025-04733-2,include,include,included,retrieved_pmc,pmc_full_text_and_curated_evidence_map,https://pmc.ncbi.nlm.nih.gov/articles/PMC11985987/,single-pass AI-assisted review; author sign-off pending,2026-09-12,previously_curated_eligible_primary_study
R0342,,exclude,not_assessed,no_pain_related_target,not_sought,title_abstract,https://pubmed.ncbi.nlm.nih.gov/38276326/,single-pass AI-assisted review; author sign-off pending,2026-09-12,Author verification required before submission
R0343,,exclude,not_assessed,secondary_review_commentary_or_guidance,not_sought,title_abstract,https://pubmed.ncbi.nlm.nih.gov/42677780/,single-pass AI-assisted review; author sign-off pending,2026-09-12,Author verification required before submission
R0344,,exclude,not_assessed,secondary_review,not_sought,title_abstract,https://pubmed.ncbi.nlm.nih.gov/35322975/,single-pass AI-assisted review; author sign-off pending,2026-09-12,Author verification required before submission
R0345,,exclude,not_assessed,secondary_review,not_sought,title_abstract,https://pubmed.ncbi.nlm.nih.gov/40394275/,single-pass AI-assisted review; author sign-off pending,2026-09-12,Author verification required before submission
R0346,S-10.1109/taffc.2015.2462830,include,include,included,retrieved_pmc,pmc_full_text_and_curated_evidence_map,https://pmc.ncbi.nlm.nih.gov/articles/PMC6430129/,single-pass AI-assisted review; author sign-off pending,2026-09-12,previously_curated_eligible_primary_study
R0347,S-10.1109/cybconf.2013.6617456,include,include,included,checked_curated_source,curated_evidence_map_and_available_report,https://doi.org/10.1109/cybconf.2013.6617456,single-pass AI-assisted review; author sign-off pending,2026-09-12,previously_curated_eligible_primary_study
R0348,S-10.2196/41992,uncertain,include,included,retrieved_pmc,title_abstract_and_pmc_full_text,https://pmc.ncbi.nlm.nih.gov/articles/PMC9972204/,single-pass AI-assisted review; author sign-off pending,2026-09-12,insufficient_population_or_experiment_information_in_record
R0349,,exclude,not_assessed,secondary_review_commentary_or_guidance,not_sought,title_abstract,https://pubmed.ncbi.nlm.nih.gov/42478905/,single-pass AI-assisted review; author sign-off pending,2026-09-12,Author verification required before submission
R0350,,exclude,not_assessed,secondary_review_commentary_or_guidance,not_sought,title_abstract,https://pubmed.ncbi.nlm.nih.gov/41139722/,single-pass AI-assisted review; author sign-off pending,2026-09-12,Author verification required before submission
R0351,S-10.1109/taffc.2024.3390837,include,include,included,checked_curated_source,curated_evidence_map_and_available_report,https://doi.org/10.1109/taffc.2024.3390837,single-pass AI-assisted review; author sign-off pending,2026-09-12,previously_curated_eligible_primary_study
R0352,S-10.3389/fnins.2021.673998,include,include,included,retrieved_pmc,pmc_full_text_and_curated_evidence_map,https://pmc.ncbi.nlm.nih.gov/articles/PMC8320888/,single-pass AI-assisted review; author sign-off pending,2026-09-12,previously_curated_eligible_primary_study
R0353,,exclude,not_assessed,secondary_review_commentary_or_guidance,not_sought,title_abstract,https://pubmed.ncbi.nlm.nih.gov/29869557/,single-pass AI-assisted review; author sign-off pending,2026-09-12,Author verification required before submission
R0354,,exclude,not_assessed,secondary_review_commentary_or_guidance,not_sought,title_abstract,https://pubmed.ncbi.nlm.nih.gov/41510853/,single-pass AI-assisted review; author sign-off pending,2026-09-12,Author verification required before submission
R0355,,include,uncertain,full_text_not_retrieved,not_retrieved,title_abstract_only,https://pubmed.ncbi.nlm.nih.gov/32166849/,single-pass AI-assisted review; author sign-off pending,2026-09-12,Author verification required before submission
R0356,,exclude,not_assessed,secondary_mechanistic_review,not_sought,title_abstract,https://pubmed.ncbi.nlm.nih.gov/41963979/,single-pass AI-assisted review; author sign-off pending,2026-09-12,Author verification required before submission
R0357,,exclude,not_assessed,secondary_review_commentary_or_guidance,not_sought,title_abstract,https://pubmed.ncbi.nlm.nih.gov/41996452/,single-pass AI-assisted review; author sign-off pending,2026-09-12,Author verification required before submission
R0358,,exclude,not_assessed,secondary_review_commentary_or_guidance,not_sought,title_abstract,https://pubmed.ncbi.nlm.nih.gov/38904643/,single-pass AI-assisted review; author sign-off pending,2026-09-12,Author verification required before submission
R0359,,exclude,not_assessed,secondary_review_commentary_or_guidance,not_sought,title_abstract,https://pubmed.ncbi.nlm.nih.gov/33782057/,single-pass AI-assisted review; author sign-off pending,2026-09-12,Author verification required before submission
R0360,,exclude,not_assessed,secondary_review_commentary_or_guidance,not_sought,title_abstract,https://pubmed.ncbi.nlm.nih.gov/32694387/,single-pass AI-assisted review; author sign-off pending,2026-09-12,Author verification required before submission
R0361,,exclude,not_assessed,secondary_review_commentary_or_guidance,not_sought,title_abstract,https://pubmed.ncbi.nlm.nih.gov/40247335/,single-pass AI-assisted review; author sign-off pending,2026-09-12,Author verification required before submission
R0362,,include,uncertain,full_text_not_retrieved,not_retrieved,title_abstract_only,https://pubmed.ncbi.nlm.nih.gov/29076307/,single-pass AI-assisted review; author sign-off pending,2026-09-12,Author verification required before submission
R0363,S-10.3390/diagnostics16091346,include,include,included,retrieved_pmc,title_abstract_and_pmc_full_text,https://pmc.ncbi.nlm.nih.gov/articles/PMC13163485/,single-pass AI-assisted review; author sign-off pending,2026-09-12,potentially_eligible_primary_human_study
R0364,,exclude,not_assessed,secondary_review_commentary_or_guidance,not_sought,title_abstract,https://pubmed.ncbi.nlm.nih.gov/40084580/,single-pass AI-assisted review; author sign-off pending,2026-09-12,Author verification required before submission
R0365,,exclude,not_assessed,secondary_review_commentary_or_guidance,not_sought,title_abstract,https://pubmed.ncbi.nlm.nih.gov/42076555/,single-pass AI-assisted review; author sign-off pending,2026-09-12,Author verification required before submission
R0366,,exclude,not_assessed,secondary_review_commentary_or_guidance,not_sought,title_abstract,https://pubmed.ncbi.nlm.nih.gov/34206077/,single-pass AI-assisted review; author sign-off pending,2026-09-12,Author verification required before submission
R0367,,exclude,not_assessed,usability_study_without_pain_model_evaluation,not_sought,title_abstract,https://pubmed.ncbi.nlm.nih.gov/42422598/,single-pass AI-assisted review; author sign-off pending,2026-09-12,Author verification required before submission
R0368,S-10.3389/fphys.2023.1294577,include,include,included,retrieved_pmc,pmc_full_text_and_curated_evidence_map,https://pmc.ncbi.nlm.nih.gov/articles/PMC10730685/,single-pass AI-assisted review; author sign-off pending,2026-09-12,previously_curated_eligible_primary_study
R0369,,exclude,not_assessed,secondary_review_commentary_or_guidance,not_sought,title_abstract,https://doi.org/10.1136/bmj-2022-073538,single-pass AI-assisted review; author sign-off pending,2026-09-12,Author verification required before submission
R0370,S-10.3390/s20030839,include,include,included,retrieved_pmc,title_abstract_and_pmc_full_text,https://pmc.ncbi.nlm.nih.gov/articles/PMC7038688/,single-pass AI-assisted review; author sign-off pending,2026-09-12,potentially_eligible_primary_human_study
R0371,S-10.1371/journal.pone.0307970,include,include,included,retrieved_pmc,pmc_full_text_and_curated_evidence_map,https://pmc.ncbi.nlm.nih.gov/articles/PMC11293669/,single-pass AI-assisted review; author sign-off pending,2026-09-12,previously_curated_eligible_primary_study
R0372,,include,uncertain,full_text_not_retrieved,not_retrieved,title_abstract_only,https://pubmed.ncbi.nlm.nih.gov/33338024/,single-pass AI-assisted review; author sign-off pending,2026-09-12,Author verification required before submission
R0373,S-10.2196/13671,include,include,included,retrieved_pmc,title_abstract_and_pmc_full_text,https://pmc.ncbi.nlm.nih.gov/articles/PMC6915456/,single-pass AI-assisted review; author sign-off pending,2026-09-12,potentially_eligible_primary_human_study
R0374,,include,uncertain,full_text_not_retrieved,not_retrieved,title_abstract_only,https://pubmed.ncbi.nlm.nih.gov/38083562/,single-pass AI-assisted review; author sign-off pending,2026-09-12,Author verification required before submission
R0375,,exclude,not_assessed,secondary_review_commentary_or_guidance,not_sought,title_abstract,https://pubmed.ncbi.nlm.nih.gov/37237618/,single-pass AI-assisted review; author sign-off pending,2026-09-12,Author verification required before submission
R0376,,exclude,not_assessed,secondary_review_commentary_or_guidance,not_sought,title_abstract,https://pubmed.ncbi.nlm.nih.gov/36458955/,single-pass AI-assisted review; author sign-off pending,2026-09-12,Author verification required before submission
R0377,,exclude,not_assessed,protocol_or_planned_study_without_results,not_sought,title_abstract,https://pubmed.ncbi.nlm.nih.gov/33408199/,single-pass AI-assisted review; author sign-off pending,2026-09-12,Author verification required before submission
R0378,S-10.3390/s23031443,include,include,included,retrieved_pmc,title_abstract_and_pmc_full_text,https://pmc.ncbi.nlm.nih.gov/articles/PMC9919606/,single-pass AI-assisted review; author sign-off pending,2026-09-12,potentially_eligible_primary_human_study
R0379,S-10.3390/diagnostics13162661,include,include,included,retrieved_pmc,title_abstract_and_pmc_full_text,https://pmc.ncbi.nlm.nih.gov/articles/PMC10453072/,single-pass AI-assisted review; author sign-off pending,2026-09-12,potentially_eligible_primary_human_study
R0380,,exclude,not_assessed,secondary_review_commentary_or_guidance,not_sought,title_abstract,https://pubmed.ncbi.nlm.nih.gov/33409286/,single-pass AI-assisted review; author sign-off pending,2026-09-12,Author verification required before submission
R0381,S-10.1016/j.dib.2026.113131,include,include,included,retrieved_pmc,pmc_full_text_and_curated_evidence_map,https://pmc.ncbi.nlm.nih.gov/articles/PMC13487592/,single-pass AI-assisted review; author sign-off pending,2026-09-12,previously_curated_eligible_primary_study
R0382,,exclude,not_assessed,secondary_review_commentary_or_guidance,not_sought,title_abstract,https://pubmed.ncbi.nlm.nih.gov/36409624/,single-pass AI-assisted review; author sign-off pending,2026-09-12,Author verification required before submission
