pmcid,pmid,doi,article_type,title,body_word_count,methods_section,section_titles,content_sha256,checked_at
PMC10018439,36939418,10.1007/978-3-031-16437-8_72,author-manuscript,References,3469,yes,TITLE; ABSTRACT; INTRO; METHODS; RESULTS; CONCL; REF; FIG; TABLE,b415b20d9fdafdf7c749ea1f777c264e9fbaeb5c5fd1b057a1514749b97f8ab1,2026-09-12
PMC10143826,37112321,10.3390/s23083980,research-article,Experimental Exploration of Multilevel Human Pain Assessment Using Blood Volume Pulse (BVP) Signals,5480,yes,1. Introduction; 2. Materials and Methods; 2.1. Participants; 2.2. Experimental Procedure and Dataset; 2.3. BVP Signal Preprocessing; 2.4. Feature Extraction; 2.4.1. Time Features; 2.4.2. Frequency Features; 2.4.3. Morphological Features; 2.5. Classification Methods; 2.6. Leave One Subject out Cross-Validation; 2.7. Performance Evaluation; 2.8. Overview; 3. Results; 3.1. Experiment 1: No Pain vs. High Pain; 3.2. Experiment 2: No Pain vs. Low Pain; 3.3. Experiment 3: No Pain vs. Low Pain vs. High Pain; 4. Discussion; 5. Conclusions,6976943f049e8a1e578422b9b571b138e99b9df9336139c23314eae9a21c0304,2026-09-12
PMC10273207,37333009,10.3389/fneur.2023.1195923,research-article,Detection of brain regions responsible for chronic pain in osteoarthritis: an fMRI-based neuroimaging study using deep learning,8481,yes,Introduction; Investigating chronic pain in OA patients: insights from fMRI and ML studies; Dataset; Dataset details; Imaging parameters; Preprocessing; First-level analysis (GLM); Data preparation; Experimental setup; Theoretical background; Multi-layer perceptron (MLP); Convolutional neural network (CNN); Experimental setup; Z-score normalization; MLP configurations; CNN configurations; Evaluation methods; Brain regions backtracking; Results; Discussion; Conclusion; Data availability statement; Ethics statement; Author contributions; Funding; Conflict of interest; Publisher’s note; Acknowledgments; References; Associated Data; Data Availability Statement,d57ef0ad520448806eee2fddf3b284576575b1b355d256a6ebf4290a3567fed0,2026-09-12
PMC10321707,37415829,10.3389/fpain.2023.1150264,research-article,Multimodal physiological sensing for the assessment of acute pain,6542,yes,Introduction; Methodology; Participants; Experimental procedure; Pre-processing; Data analysis; Validation of experimental conditions; Feature extraction; Feature selection; Classification; Results; Validation of experimental conditions; Reference values; Classification after feature selection; Identification of pain; Multiclass problem; Pain location; Discussion; Conclusions,8f3ce5e966ca6fa51faec1d1c011c36fa891c04733e0bb66334b8c5c1288edbe,2026-09-12
PMC10330878,37217725,10.1038/s41593-023-01338-z,author-manuscript,References,13008,yes,TITLE; ABSTRACT; INTRO; RESULTS; DISCUSS; METHODS; SUPPL; REF; FIG,eec25faea38a9f2fc16c16cc73b5bdca6f609d39d9f451fa7479c664922cffe7,2026-09-12
PMC10427619,37582839,10.1038/s41746-023-00892-x,research-article,Objective wearable measures correlate with self-reported chronic pain levels in people with spinal cord stimulation systems,8173,yes,"Introduction; Results; Subject participation and compliance; SCS therapy improves pain, function, and quality of life in people with chronic pain; Objective data can be used to passively monitor and predict daily pain level; Objective data can be used to passively monitor and predict other aspects of pain; Important biomarkers for pain; Discussion; Methods; Study design and baseline characteristics; Data collection; Statistical analysis; Data preprocessing and featurization; Predictive models using machine learning; Reporting summary; Supplementary information; Acknowledgements; Author contributions; Data availability; Code availability; Competing interests; Footnotes; Supplementary information; References; Associated Data; Supplementary Materials; Data Availability Statement",897023be5c3d5914d3ba7c2fe6a25621de7cc37b8c38608409f79884c62417bd,2026-09-12
PMC10436358,37146182,10.1097/j.pain.0000000000002900,research-article,Deep learning–guided postoperative pain assessment in children,4397,yes,1. Introduction; 2. Method; 2.1. Clinical pain expression of children dataset; 2.1.1. Participants; 2.1.2. Data collection; 2.1.3. Data annotation; 2.1.4. Data exclusion; 2.1.5. Data processing; 2.2. Pain assessment framework; 2.2.1. Network architecture; 2.2.2. Implementation details; 2.3. Statistical analysis; 3. Results; 3.1. Children characteristics; 3.2. Experimental results; 4. Discussion; Conflict of interest statement; Appendix A. Supplemental digital content; Supplementary Material; Acknowledgements,33e2d9476da6eedaa66e5bbde62e8049f91d86b3de1cd3ae10a83c3cd35f7b95,2026-09-12
PMC10453072,37627921,10.3390/diagnostics13162661,research-article,Video-Based versus On-Site Neonatal Pain Assessment in Neonatal Intensive Care Units: The Impact of Video-Based Neonatal Pain Assessment in Real-World Scenario on Pain Diagnosis and Its Artificial Intelligence Application,5227,yes,1. Introduction; 2. Methods; 2.1. Setting and Participants; 2.2. Video Recording in Real-World Scenario; 2.3. Pain Assessment; 2.4. OS-NPA and VB-NPA; 2.5. Data Analysis; 3. Results; 3.1. Study Population; 3.2. Intra-rater Reliability and Inter-Rater Reliability; 3.3. Comparison of the NIPS Pain Grades between OS-NPA and VB-NPA; 3.4. Impact of Different Label Sources on AI Methods; 4. Discussion; 4.1. High Evaluation Consistency of the VB-NPA; 4.2. VB-NPA for NIPS Pain Grades; 4.3. VB-NPA for AI-NPA; 4.4. Strengths and Limitations; 5. Conclusions; Author Contributions; Institutional Review Board Statement; Informed Consent Statement; Data Availability Statement; Conflicts of Interest; Funding Statement; Footnotes; References; Associated Data; Data Availability Statement,46194571281847e78cac93f4ce7c9a06ed40e4fd46e48180ad8649343bad8b0e,2026-09-12
PMC10730685,38124717,10.3389/fphys.2023.1294577,research-article,Transformer encoder with multiscale deep learning for pain classification using physiological signals,7068,yes,1 Introduction; 2 Related work; 2.1 Pain classification; 2.1.1 Conventional machine learning models; 2.1.2 MLP-based models; 2.1.3 RNN-based models; 2.1.4 CNN-based models; 2.1.5 Limitations; 2.2 Feature extraction; 3 Methodology; 3.1 Multiscale convolutional network (MSCN); 3.2 Squeeze-and-excitation residual network (SEResNet); 3.3 Transformer encoder; 3.3.1 Temporal convolutional network (TCN); 3.3.2 Multi-head attention (MHA); 4 Experimental results; 4.1 BioVid Heat Pain Database; 4.2 Experimental settings; 4.3 Performance of PainAttnNet; 4.4 ROC curve analysis; 4.5 Ablation study; 4.6 Visualization of SE Module Recalibration; 4.7 Sensitive analysis on MSCN scales; 5 Discussion and conclusion; 6 Future work,182d24dd98569fb4c9ea1459aa0b36da77bcf64fe38379194453b91254943dc9,2026-09-12
PMC10747670,38139521,10.3390/s23249675,research-article,A Comprehensive Study on Pain Assessment from Multimodal Sensor Data,7870,yes,1. Introduction; 2. Related Works; 2.1. Datasets; 2.2. Methods; 3. Data Analysis from Acquisition Sensors; 3.1. Data Preparation; 3.2. Variable Analysis; 3.3. Machine Learning Methods; 4. Per-Frame Analysis; 4.1. Data Preparation; 4.2. Proposed Models; 4.2.1. Convolutional Neural Networks (CNNs); 4.2.2. Transformers-Based Architectures; 4.3. Results; 5. Video Analysis; 5.1. Data Analysis; 5.2. Proposed Models; 5.2.1. Video Masked AutoEncoder (VideoMAE); 5.2.2. TimeSformer; 5.2.3. ViViT; 5.3. Results; 6. Discussion; 6.1. Temporal Context and Transformer-Style Architectures; 6.2. Context Impact; 6.3. Proposed Future Directions and Research Opportunities; 7. Conclusions; Acknowledgments; Author Contributions; Data Availability Statement; Conflicts of Interest; Funding Statement; Footnotes; References; Associated Data; Data Availability Statement,a2a5609898dfe88b07d2e6d1245d1ca45803e8b4bb77b582056c458def6512fb,2026-09-12
PMC10982524,38176698,10.4097/kja.23583,research-article,Machine learning model of facial expression outperforms models using analgesia nociception index and vital signs to predict postoperative pain intensity: a pilot study,3558,yes,Introduction; Materials and Methods; Study patients; General anesthesia; Data acquisition; Feature extraction from facial expressions; ML model construction; Study outcomes; Implementation; Sample size calculation; Statistical analyses; Results; Study participant characteristics; Performances of ML models; Performances of the best ML model vs. the ANI; Discussion,79d1105b7d992bcc86bd7f46bb1940d6d4880c0faee6057893ee5ee0b184eed7,2026-09-12
PMC11004333,38601923,10.3389/fpain.2024.1372814,research-article,Multimodal automatic assessment of acute pain through facial videos and heart rate signals utilizing transformer-based architectures,8640,yes,Introduction; Related work; Methodology; Preprocessing; Video preprocessing; ECG preprocessing & analysis; Framework architecture; Spatial-module; Heart rate encoder; AugmNet; Temporal-module; Supplementary augmentation methods; Pretraining; Dataset details; Experimental settings & results; Video modality; Heart rate modality; Multimodality; Comparison with existing methods; Inference time; Interpretation; Discussion; Conclusions; Data availability statement; Ethics statement,6400a63ae51c8939b896f7d28f281d1edb4a236ed3df0d7de6b233f83d01d546,2026-09-12
PMC11041592,37491149,10.1136/rapm-2023-104639,research-article,Durable multimodal and holistic response for physiologic closed-loop spinal cord stimulation supported by objective evidence from the EVOKE double-blind randomized controlled trial,4554,yes,"WHAT IS ALREADY KNOWN ON THIS TOPIC; WHAT THIS STUDY ADDS; HOW THIS STUDY MIGHT AFFECT RESEARCH, PRACTICE OR POLICY; Introduction; Methods; Study design and participants; Intervention and comparator; Outcome measures; Holistic treatment assessment; Response across domains: breadth of response; Cumulative response: depth of response; Neural activation in SCS therapy; Data analysis; Results; Treatment response; Neural activation and system utilization; Discussion; Strengths and weaknesses; Conclusion",5999d3dbcb8f99ce86a04b6f07bb027015d4812fa07a5ed96d4d279da7165866,2026-09-12
PMC11103285,37640452,10.1136/rapm-2023-104751,research-article,ECAP-controlled closed-loop versus open-loop SCS for the treatment of chronic pain: 36-month results of the EVOKE blinded randomized clinical trial,3615,yes,"WHAT IS ALREADY KNOWN ON THIS TOPIC; WHAT THIS STUDY ADDS; HOW THIS STUDY MIGHT AFFECT RESEARCH, PRACTICE OR POLICY; Introduction; Methods; Study design; Participants; Randomization and concealment; Procedures; Outcomes; Statistical analysis; Results; Summary of participation and crossover; Overall back and leg pain intensity reduction; Other patient-reported outcome measures; Holistic treatment assessment (depth and breadth); Programming; Neural activation and system utilization; Adverse events; Discussion; Strengths and limitations; Conclusions",cef41a02b5e5c072ea7567e38e5bc7851b94b776b889f48d8854033f4015b6f9,2026-09-12
PMC11154386,38257551,10.3390/s24020458,research-article,Multilevel Pain Assessment with Functional Near-Infrared Spectroscopy: Evaluating ΔHBO2 and ΔHHB Measures for Comprehensive Analysis,7164,yes,1. Introduction; 2. Materials and Methods; 2.1. Experimental Protocol; 2.2. Channel Selection; 2.3. Dataset Organisation; 2.4. Signal Processing: Filtration and Averaging; 2.5. Feature Extraction; 2.6. Feature Selection; 2.7. Classification; 2.8. Statistical Analysis; 3. Results; 3.1. Classification Results; 3.2. Statistical Analyses; 4. Discussions; 5. Conclusions; Author Contributions; Institutional Review Board Statement; Informed Consent Statement; Data Availability Statement; Conflicts of Interest; Funding Statement; Footnotes; References; Associated Data; Data Availability Statement,b2a5952c8580f0dd86f65982acd0545b2354d09d1952f80dde36623a37aad356,2026-09-12
PMC11155325,38846372,10.1177/20552076241259664,research-article,Automated facial recognition system using deep learning for pain assessment in adults with cerebral palsy,12241,yes,Highlights; Introduction; Methods; Constructing and assessing the CP-PAIN database; Ethical compliance and approvals; Participants; Measures; Observational scales; Procedure for data collection; Expert evaluation of video recordings; Challenges with self-reports; Deep learning pain recognition; Datasets; Image preprocessing; Models; Metrics; Models’ explanation; Procedure; Results; Inter-rater agreement among physiotherapists; Deep learning pain recognition; Discussion; Conclusions; Supplemental Material; Acknowledgements; Abbreviations; Appendix; Footnotes; References; Associated Data; Supplementary Materials,575839240cf6b722a78e456132a62211d7ae50d91b23c4aa8440398fbb41862f,2026-09-12
PMC11236545,38994344,10.3389/fmed.2024.1309720,research-article,Calibration trial of an innovative medical device (NEVVA©) for the evaluation of pain in non-communicating patients in the intensive care unit,7161,yes,Highlights; Introduction; Materials and methods; Study population; Characteristics of patients; Data description and image pre-processing; Action unit features and data pre-processing; Primary objective (Calibration tool); Statistical analysis; Ethic issues; Results; Patients’ and BPS recordings’ characteristics; Patient facial AU detection and model training; Primary objective—Calibration tool; Discussion; Conclusion; Data availability statement; Ethics statement; Author contributions; Appendix; Funding Statement; Abbreviations; Conflict of interest; Publisher’s note; References; Associated Data; Data Availability Statement,b6711ad9e76ad08be9d8f22518fec7dd3e51940b7b0920f2d75529b1b90167f7,2026-09-12
PMC11293669,39088473,10.1371/journal.pone.0307970,research-article,Uncertainty quantification in neural-network based pain intensity estimation,8848,yes,"1. Introduction; 2. Related work; 2.1 Pain assessment; 2.2 Prediction interval framework; 3. Methods; 3.1 BioVid Heat Pain database and feature extraction; 3.2 Development of prediction intervals by neural network; 3.2.1 Neural network structure; 3.2.2 PI assessment; 3.2.3 Bootstrap method; 3.2.4 LossL; 3.2.5 LossS; 4. Results and discussion; 4.1 A comparative analysis: NN-based PIs versus bootstrap, LossL by GA, and LossS by GD; 4.2 Analysis of the relationship between MPIW and PICP; 4.3 NN-based PI estimation with LossS by GD algorithm; 4.3.1 Generalized model; 4.3.2 Personalized model; 4.3.3 Hybrid model; 5. Conclusion; Data Availability; Funding Statement; References; Associated Data; Data Availability Statement",ad77acb8677ede56e76fb2044deda0fd5800611b0becc5493859ab0385bf5098,2026-09-12
PMC11297625,39097739,10.1186/s12904-024-01526-z,research-article,Advancing the integration of biosignal-based automated pain assessment methods into a comprehensive model for addressing cancer pain,6260,yes,Background; Methods; Study design and population; Variables considered; Biosignals; Statistical analyses; Results; Multiple factorial analysis for BTcP analysis; Clustering on principal components for BTcP; Multivariable regression analyses for opioid therapy; Discussion; Study limitations; Conclusions; Acknowledgements; Abbreviations; Authors’ contributions; Funding; Availability of data and materials; Declarations; Ethics approval and consent to participate; Consent for publication; Competing interests; Footnotes; References; Associated Data; Data Availability Statement,86e64dd379849e525c7151cdaddea9f80d4a299c3149a3d7dbf2e045f6f3fa5b,2026-09-12
PMC11369161,39223215,10.1038/s41598-024-71278-6,research-article,Comparative analysis of artificial intelligence and expert assessments in detecting neonatal procedural pain,4476,yes,"Methods; Research environment; Study framework; Video analysis and pain assessment; FaceReader analysis; Statistical analysis; Results; Participant demographics and pain assessment; Stimulus intensity levels; Association between AI-generated metrics and expert pain assessments; Identification of key facial action units in neonatal pain detection; Temporal visualization of neonatal facial responses to stimuli; Discussion; Correlation between AI metrics arousal and valence, and clinical pain assessments; Specific face action units to identify painful responses in neonates; Limitations; Conclusion; Supplementary Information",0aff6f827304027839a0f3ef8a90f52ff1d6c256e89d449cc2c0d074ae9b4ec8,2026-09-12
PMC11404079,39286765,10.1016/j.ynpai.2024.100164,research-article,Quantitative orbital tightening for pain assessment using machine learning with DeepLabCut,8544,yes,Introduction; Materials and methods; Results; Discussions; Author contributions; CRediT authorship contribution statement; Declaration of competing interest; Acknowledgment; Data availability; References; Associated Data; Data Availability Statement,4fa3256c0f82ab889679b9584ea5a93df398bbd13e9cb8fad1d0d512936ea339,2026-09-12
PMC11436824,39333541,10.1038/s41597-024-03878-w,data-paper,An Experimental and Clinical Physiological Signal Dataset for Automated Pain Recognition,8760,yes,Background & Summary; Methods; Measuring system; Experimental dataset; Clinical dataset; Data Records; Experimental dataset; Clinical dataset; Technical Validation; Experimental dataset; Clinical dataset; Usage Notes; Limitations; Acknowledgements; Author contributions; Funding; Data availability; Code availability; Competing interests; Footnotes; References; Associated Data; Data Availability Statement,950723f2887bcf00798e41e6b6c0a7e8b4128aa4023501c37d2763786f5643f5,2026-09-12
PMC11459174,39316050,10.1073/pnas.2319316121,research-article,Monitoring surgical nociception using multisensor physiological models,9328,yes,"Results; Summary of the Subject Cohort.; Indices Alone are not Sufficient to Detect Nociception.; Design of Study using Different Model Frameworks.; Supervised Models Outperform ANI Monitor.; Unsupervised Model Nearly Matches Supervised Performance.; Model Predictions Visually Track Nociceptive Stimuli.; Learned Signatures of Nociception Align with Known Physiology.; Additional Results.; Discussion; Materials and Methods; Data Collection.; HRV Preprocessing.; EDA Preprocessing.; ANI Preprocessing.; Annotation Preprocessing.; Modeling Framework.; Metrics of Performance.; ANI Accuracy.; Classification Models.; State Space Models.; Supplementary Material; Acknowledgments; Author contributions; Competing interests; Footnotes; Contributor Information; Data, Materials, and Software Availability; Supporting Information; References; Associated Data; Supplementary Materials; Data Availability Statement",b4e230b407ba5d1a7724fefa99bfb1c7b313ae4b554bff064a031c32902a554a,2026-09-12
PMC11478472,39409338,10.3390/s24196298,research-article,Pain Assessment for Patients with Dementia and Communication Impairment: Feasibility Study of the Usage of Artificial Intelligence-Enabled Wearables,4626,yes,"1. Introduction; 2. Materials and Methods; 2.1. Study Design and Participants; 2.2. Data Collection; 3. Wearable; 3.1. Data Pre-Processing; 3.2. Ethical Approval; 3.3. Data Analysis and Modelling; 3.4. Outcome; 3.5. Pilot Results—Statistics; 4. Results; 4.1. Participant Recruitment; 4.2. Participants’ Adherence to the Assessment Intervention, Reliable 24 h Measurement; 5. Discussion; 6. Conclusions; Acknowledgments; Author Contributions; Institutional Review Board Statement; Informed Consent Statement; Data Availability Statement; Conflicts of Interest; Funding Statement; Footnotes; References; Associated Data; Data Availability Statement",5b2b462a7d6025985f4f83c02968bad79fdc32e67d386ba5b270eebc0b91bf0b,2026-09-12
PMC11559421,39540033,10.2147/jpr.s491574,research-article,Employing the Artificial Intelligence Object Detection Tool YOLOv8 for Real-Time Pain Detection: A Feasibility Study,6328,yes,Introduction; Methods; Deep Learning Architecture; Action Units Selection; Datasets Implemented; Labeling Using Py-Feat for Action Unit and Emotion Detection; Software and Libraries Implemented; Performance Assessment; Results; Discussion; Study Limitations; Conclusion; Ethics; Disclosure; References,1508d8f76127f58ac101764ae28c0e1324431e3a7fab93095b99bc3dede86003,2026-09-12
PMC11682341,39732802,10.1038/s41598-024-82631-0,research-article,Decoding of pain during heel lancing in human neonates with EEG signal and machine learning approach,6506,yes,"Introduction; Method and material; Data and participants; Preprocessing; Time-frequency analysis of EEG signal; Feature selection; Statistical analysis; Fisher score; Classification model and evaluation; Unbalanced data; Results; Classification results of three level pain: low pain, no pain, and moderate pain; Classification results of two levels of pain and no pain; Discussion; Conclusion; Author contributions; Data availability; Declarations; Competing interests; Footnotes; References; Associated Data; Data Availability Statement",bc36c7701a0b8bb916f5144f66b4cb4a909b4bf010927752c1cb86a1d37a033e,2026-09-12
PMC11750553,39845012,10.1016/j.heliyon.2024.e41558,research-article,An AI recognition method for children's clinical operative pain by skin potential (SP) signal,6420,yes,Abbreviations (if any); Introduction; Materials and methods; Background; Background of wavelet transform; Background of algorithm architecture; Experiment; Experimental setup; Participant information and exclusion criteria; Participant recruitment; Experimental procedure; Dataset division; Method; Data preprocessing and dataset construction; Analysis of model features; Feature selection; Analysis of model evaluation metrics; Results; SP signals recognition model; Signal features analysis based on model; Clinical recognition effect; Discussion; Conclusions; CRediT authorship contribution statement; Informed consent statement; Ethical statement; Data availability statement; Additional information; Funding statement; Declaration of competing interest,c172bd29e90e4467aa05f1637acb914e0bbddcd37eaf6fb6324a38b25a615312,2026-09-12
PMC11811662,39869898,10.2196/67969,research-article,Multimodal Pain Recognition in Postoperative Patients: Machine Learning Approach,7583,yes,Introduction; Methods; Overview; iHurt Study Design; iHurt System; Eight-Channel Biopotential Acquisition Device; Empatica E4; Data Processing Pipeline; ECG Handcrafted Features; EMG Handcrafted Features; EDA Handcrafted Features; PPG-Based RR Handcrafted Features; Automatic Feature Extraction Pipeline; Data Augmentation; Overview; Minority Oversampling; Weak Supervision; Multimodal Machine Learning Models; Fusing Modalities; Feature Selection; Ethical Considerations; Results; Experimental Settings; Experimental Results; Discussion; Principal Findings; Performance by Modality; Pain Recognition Using RR Alone; Pain Recognition Using EMG Alone; Pain Recognition Using EDA Alone; Pain Recognition Using ECG Alone; Challenges With Extremes in Pain Levels; Multimodal Performance; Advantages and Trade-Offs; Limitations; Future Directions; Conclusions; Abbreviations; Footnotes; References,44453e48a2e37cddad7df38f91e5482430182addecc6d708289b14e2fee2f5bf,2026-09-12
PMC11836425,39967417,10.1093/ageing/afaf027,research-article,Evaluation of the psychometric properties of PainChek in older general hospital patients with dementia,3453,yes,Key Points; Introduction; Methods; Setting and participants; Ethical considerations and consent processes; General data collection process; Sequence of assessments; Study measures; PainChek; Pain Assessment in Advanced Dementia; Abbey Pain Scale; Symptom Management–End of Life in Dementia; Data analysis; Reliability; Validity; Sensitivity analyses; Results; Recruitment; Cohort characteristics; Reliability; Inter-rater reliability; Internal consistency; Validity; Concurrent validity; Convergent validity; Discriminant validity; Discussion; Strengths and limitations; Conclusion; Supplementary Material,b1c09a8c5d045f68c63ecfa362ef45af8479108b76de089dd53ddcaf3549e49c,2026-09-12
PMC11851851,40001978,10.3390/biology14020210,research-article,Objective Pain Assessment Using Deep Learning Through EEG-Based Brain–Computer Interfaces,8743,yes,1. Introduction; 2. Background; 3. Materials and Methods; 3.1. EEG Dataset; 3.1.1. Study Group; 3.1.2. Pain Scale; 3.1.3. Dataset Exploration; 3.2. Signal Preprocessing; 3.3. Feature Extraction; 3.3.1. Wavelet Transform; 3.3.2. Statistical Analysis; 3.4. Data Augmentation; 3.4.1. Data Transformation; 3.4.2. Data Balancing; 3.5. Classification; 3.5.1. Machine Learning; 3.5.2. Deep Learning; 4. Results; 4.1. Pain/No-Pain Detection; 4.2. Pain Severity Classification; 5. Discussion; 5.1. Impact of Data Augmentation; 5.2. Comparison with Related Works; 6. Conclusions,c400954d678c6be70a137ed055fa45aff3fc0da31ac946e7c71df14db1c509c2,2026-09-12
PMC11891568,40066435,10.1002/pne2.70001,research-article,Objective Detection of Newborn Infant Acute Procedural Pain Using EEG and Machine Learning Algorithms,6506,yes,"Introduction; Methods; Procedure; Participants; EEG Recording; EEG Data Preprocessing; EEG Analysis; Statistical Analysis and Machine Learning Models; Data Preparation; Feature Selection; Model Evaluation, Optimization, and Selection; Results; Discussion; Conclusions; Author Contributions; Ethics Statement; Consent; Conflicts of Interest; Contributor Information; Data Availability Statement; References; Associated Data; Data Availability Statement",f13ab77c77e8a885265247cfca25c24ae686c1528de1afda107334db39ddd96e,2026-09-12
PMC11920397,40102462,10.1038/s41598-025-92111-8,research-article,Machine learning predicts spinal cord stimulation surgery outcomes and reveals novel neural markers for chronic pain,7991,yes,Introduction; Methods; Participants; Patient reported outcome measures; Surgical procedure and neuro monitoring; EEG recording and analysis; Statistics; Machine learning; Results; Patient cohort and outcome measures; Spectral features with correlations; Global activity; Alpha-theta peak power ratio; Global relative power; Subband relative power; Subband peak frequencies; Machine learning; Discussion; Limitations and future directions; Conclusion; Electronic supplementary material; Author contributions; Funding; Data availability; Declarations; Competing interests; Footnotes; Supplementary Information; References; Associated Data; Supplementary Materials; Data Availability Statement,a2f72454e86a1f9e0d1122adf3db18fc8046c442dce13eb45e4487cbdfd1f10a,2026-09-12
PMC11985987,40210645,10.1038/s41597-025-04733-2,data-paper,TAME Pain data release: using audio signals to characterize pain,7447,yes,Background & Summary; Methods; Participants; Text Selection; Pain Inducement: The Cold Pressor Task; Experimental Setup; Experimental procedure; Pain Annotation; Speech Data Pre-processing and Annotations; Action Labels; Data Records; Audio Recordings; Audio File and Participant Data; Annotation of File Data; Technical Validation; Technical Quality; Usefulness; Usage Notes; Pain Detection; Quality Control Scores; Application in Real-world Environment; Ethical Considerations; Limitations; Data Access; Supplementary information,74e734d30eeac6131940232defab13abde6043e71274fc6076a3c1f864e6709b,2026-09-12
PMC11991361,40218599,10.3390/s25072086,research-article,Physiological Sensor Modality Sensitivity Test for Pain Intensity Classification in Quantitative Sensory Testing,4548,yes,1. Introduction; 2. Materials and Methods; 2.1. Participants; 2.2. Apparatus; 2.3. Experimental Procedures; 2.4. Quantitative Sensory Testing; 2.5. Data Preprocessing; 2.6. Feature Extraction and Selection; 2.7. Analysis Plan; 3. Experimental Results; 3.1. Analysis Plan 1—Optimal Time Window Analysis; 3.2. Analysis Plan 2—Component Sensitivity Analysis; 4. Discussion; 5. Conclusions,2f3e5df5c17f800a18d88c94e5c49de4aaf604762a632e23f854ea294afc1ec0,2026-09-12
PMC12008390,40251301,10.1038/s41598-025-97885-5,research-article,Automated pain detection using facial expression in adult patients with a customized spatial temporal attention long short-term memory (STA-LSTM) network,5424,yes,Introduction; Methods; Study setting; Data processing; Spatial-temporal-attention long-short-term-memory (STA-LSTM) model training and validation; Statistical analysis; Results; Discussion; Conclusions,cabc185fa721d448d4679f185cd9b3a28557328a65caab9339cdb933f5c6fe21,2026-09-12
PMC12015077,38508591,10.1136/rapm-2024-105346,research-article,First evidence of a biomarker-based dose-response relationship in chronic pain using physiological closed-loop spinal cord stimulation,3690,yes,"WHAT THIS STUDY ADDS; HOW THIS STUDY MIGHT AFFECT RESEARCH, PRACTICE, OR POLICY; Introduction; Methods; Results; Discussion; Supplementary material",f362dfe25b4aa07c20e9d78818f7b1eb4d04f2894404d10aa9772fbfbfc8a941,2026-09-12
PMC12085662,40382393,10.1038/s41598-025-02247-w,research-article,Construction and validation of a pain facial expressions dataset for critically ill children,4509,yes,Introduction; Methods; PFECIC dataset construction; Data collection environment; Data collection equipment; Video collection process; Data labels; Dataset’s clinical validation; Results; Results of the PFECIC dataset; Experiment result and comparative analyses; Discussion; Principal findings; Limitations and future research; Conclusion; Declaration; Supplementary Information; Acknowledgements; Author contributions; Funding; Data availability; Competing interests; Footnotes; Supplementary Information; References; Associated Data; Supplementary Materials; Data Availability Statement,61f71faaa55716e5953fc73a349ff15cd7e301f0518e58892d935d98404d6085,2026-09-12
PMC12134349,40461564,10.1038/s41598-025-04552-w,research-article,Enhanced residual attention-based subject-specific network (ErAS-Net): facial expression-based pain classification with multiple attention mechanisms,8177,yes,Introduction; The proposed method; The overall framework; Preprocessing; Spatial attention; Modified ResNet-18; Feature maps spatial attention; Spatial and channel gate attention; Combining strategies; Weight optimizer combiner; Fully connected combiner; Experimental results; Dataset; UNBC-McMaster shoulder pain expression archive; BioVid heat pain database; Model performance and validation; Leave one subject out validation; Tenfold cross validation; Cross-dataset; Discussion; Evaluation of model performance for subject-specific variability; Visualization; Comparison with state-of-the-art methods; Conclusion; Author contributions; Data availability; Competing interests; Footnotes; References; Associated Data; Data Availability Statement,efd894afe2ecf88bd2391b3ee220015e668b0e7960b84f1274c710fecd0dd6de,2026-09-12
PMC12218136,40595349,10.1038/s41598-025-09046-3,research-article,Automatic pain classification in older patients with hip fracture based on multimodal information fusion,5958,yes,Introduction; Related work; Methodology; Voice data pre-processing; Characteristics of voiceprint information; Sound pressure determination; Model algorithm; VGGish neural network; Model; Bi-LSTM network; Attention mechanism; Experiments; Database Building; Model evaluation; Pain intensity classification; Multimodal fusion; Facial expression image encryption; Model testing; Optimization algorithm; Learning rate strategy; Improvement method; Network optimization; Attention mechanism; Model training parameters; Multimodal pain recognition model training; Multimodal pain recognition model test; Discussion; Conclusion,33197fa050b20cede6b2262ed8df6d8ae48f8b230e4be6221acb20c3b52224ac,2026-09-12
PMC12307811,40731063,10.1038/s41598-025-12476-8,research-article,Classifying social and physical pain from multimodal physiological signals using machine learning,9599,yes,Introduction; Results; Physiological responses induced by social and physical pain; Emotion ratings; Individual pain detection; Pain type differentiation; Discussion; Limitations; Conclusion; Methods; Participants; Emotion-provoking stimuli; Procedure; Physiological signal recordings; Feature extraction; Classification by machine learning; Model interpretation; Learning curves; Statistical tests; Electronic supplementary material; Acknowledgements; Author contributions; Data availability; Declarations; Competing interests; Ethics statement; Footnotes; References; Associated Data; Supplementary Materials; Data Availability Statement,969c21254d8e84f01031250419be529fc50adc90e5a8563399a62e50749c24e2,2026-09-12
PMC12314105,40745441,10.1038/s41598-025-13433-1,research-article,Classification accuracy of pain intensity induced by leg blood flow restriction during walking using machine learning based on electroencephalography,4234,yes,Introduction; Materials and methods; Participants; Experimental pain modalities; Pain rating; Electroencephalography recording; Electroencephalography preprocessing; Filtering process; Frequency analysis; Data analysis and statistics; Statistical analysis; Results; Pain rating; Frequency power spectrum; Comparison of algorithms and model selection; Classification using frequency power spectrum; Classification using frequency power spectrum with BR; Discussion; Conclusion; Acknowledgements; Author contributions; Data availability; Declarations; Competing interests; Footnotes; References; Associated Data; Data Availability Statement,c4ca20ad29456bfc7edf14afd10fedd6f52f363aced28f68b76157c2f6b28ce7,2026-09-12
PMC12322467,38490687,10.1136/rapm-2024-105370,research-article,Neurophysiological outcomes that sustained clinically significant improvements over 3 years of physiologic ECAP-controlled closed-loop spinal cord stimulation for the treatment of chronic pain,4801,yes,"WHAT IS ALREADY KNOWN ON THIS TOPIC; WHAT THIS STUDY ADDS; HOW THIS STUDY MIGHT AFFECT RESEARCH, PRACTICE, OR POLICY; Introduction; Materials and methods; Study design, participants, trial procedure, and SCS system; Outcomes; Objective device data; Device settings (stimulation frequency and pulse width); System utilization; Dose (ECAP dose, electrical dose, dose ratio, dose-response, and dose sensitivity); Dose accuracy; Holistic treatment response; Adverse events; Statistical analysis; Results; Neural activation; Holistic treatment assessment; Adverse events; Discussion; Strengths and weaknesses; Conclusions; Supplementary material; Acknowledgments; Footnotes; Data availability statement; References; Associated Data; Supplementary Materials; Data Availability Statement",0a8e205df7936790397ece9138f557d30328e841158d7b1984b031c9218df2e2,2026-09-12
PMC12344049,40796769,10.1038/s41598-025-14238-y,research-article,A CrossMod-Transformer deep learning framework for multi-modal pain detection through EDA and ECG fusion,11652,yes,Introduction; Methods; BioVid heat pain database; AI4PAIN dataset; Data pre-processing; Proposed framework for pain detection; Uni-modal stream; Multi-modal stream; Experimental setup; Results; Attention maps and interpretation; Comparative analysis with existing methods; Computational efficiency; Discussion,9a38c2cd8089b0bbc95c1a488b9f34de59a1d75516ad7a6df0023f66fbbb3728,2026-09-12
PMC12410463,40918059,10.1016/j.dib.2025.111992,data-paper,Multimodal insights into diverse pain experiences: PhysioPain dataset,3774,yes,"Value of the Data; Background; Data Description; Experimental Design, Materials and Methods; Research design; Measurements of biosignals; Data preprocessing; Study statistics; Limitations; Ethics Statement; CRediT Author Statement; Acknowledgements; Declaration of Competing Interest; Data Availability; References; Associated Data; Data Availability Statement",986cabf7834c66658ce1cfe2441668d07851ebd8ae31dad0ac89bfae6dda17ac,2026-09-12
PMC12442815,40970148,10.2147/jmdh.s531709,research-article,Feasibility and Effectiveness of a Low-Code AI Platform for Developing a Neonatal Multimodal Pain Classification Model,3466,yes,Introduction; Materials and Methods; Ethical Conduct of Research; Dataset and Ground-Truth Labeling; The Low-Code AI Development Platform: EasyDL; Model Development and Validation Strategy; Model Deployment and Application; Statistical Analysis; Results; Model Training and Internal Validation Performance; External Validation Cohort Characteristics; Model Performance in External Validation; Discussion; Principal Findings: Feasibility of Clinician-Led AI Development; Analysis of Model Performance and the Challenge of “Mild Pain” Classification; Clinical Implications and Future Workflow Integration; Limitations and Future Directions; Conclusion,4de1c910be19ec68b4e1ffa6ee4aecc8053955621dd8755b512e42e0f0daef65,2026-09-12
PMC12443153,40969592,10.1097/pr9.0000000000001332,research-article,Machine learning classification of EEG responses to pain-related vs non-pain-related stimulus in preterm infants,4127,yes,"1. Introduction; 1.1. Machine learning in infant pain assessment; 1.2. EEG in machine learning; 2. Method; 2.1. Participants; 2.2. Procedure; 2.3. Data processing; 2.3.1. Signal acquisition; 2.3.2. Preprocessing; 2.3.3. Feature extraction; 2.3.4. Feature selection; 2.3.5. Classification; 2.3.6. Age stratification; 2.3.7. Performance evaluation; 3. Results; 3.1. Youngest postmenstrual age group (≤31 weeks, 6 days); 3.2. Middle postmenstrual age group (32–33 weeks, 6 days); 3.3. Oldest postmenstrual age group (≥34 weeks); 4. Discussion; 4.1. Importance of features; 4.2. Model performance in relation to previous literature; 4.3. Clinical implications; 4.4. Limitations and future directions; 5. Conclusion; Disclosures; Supplemental digital content; Supplementary Material",d2aaa0c238e07fda3aa3ce19488cf19c1de1ca7ee3fdfcf63253946c0ba14296,2026-09-12
PMC12453799,40989383,10.7717/peerj-cs.3158,research-article,Dual-stream transformer approach for pain assessment using visual-physiological data modeling,8698,yes,Introduction; Related works; Single modality pain assessment; Visual-signal pain assessment; Representation learning; Materials and Methods; Dataset preparation; AI4PAIN; BioVid heat pain; Dual-stream transformer; Facial pain representation learning; Multivariate time-series compression; Attention fusion classifier; Experiment settings; Model settings; Training; Baselines; Evaluation method; Component-wise evaluation; Results and analysis; Comparing to other methods; Analysis and discussion; Interpretation; Conclusion; Ethical impact statement; Supplemental Information,ef66e122c28b710c86a62608b0d1d48bd05c8f9092c7056d64d4087206bc3827,2026-09-12
PMC12468818,41008735,10.3390/diagnostics15182362,research-article,Pain Level Classification from Speech Using GRU-Mixer Architecture with Log-Mel Spectrogram Features,6048,yes,1. Introduction; 2. Materials and Methods; 2.1. Preprocessing; 2.2. Feature Extraction with Mel Spectrogram; 2.3. GRU-Mixer; 2.4. Dataset; 3. Experimental Works and Results; 3.1. Classification of Pain and Non-Pain Scenarios; 3.2. Classification of Cold and Warm Condition Classes; 3.3. Classification of Multiclass Pain Classes; 3.4. Ablation Study; 4. Discussions; 5. Conclusions and Future Work,5e704d387dfdfe1323b1a495b05288c53bb7e48254f5b59ee68cc586cb84ec14,2026-09-12
PMC12559740,41145516,10.1038/s41597-025-05982-x,data-paper,CoSpine open access simultaneous cortico-spinal fMRI database of thermal pain and motor tasks,7761,yes,Background & Summary; Methods; Participants; MRI data acquisition; Structural images; Functional image; Field map; Experimental paradigm; Thermal pain task; Voluntary motor task; MRI data preprocessing; Structural image preprocessing; Functional images preprocessing; Physiological noise correction; Distortion correction; Slice-timing correction; Brain fMRI preprocessing; Spinal cord fMRI preprocessing; Data Records; Dataset 1: Pain dataset; Dataset 2: Motor Dataset; Technical Validation; Control preprocessing analysis; MRI image quality metrics; Dice similarity coefficient; Temporal signal-to-noise ratio; Slice-wise displacement; First-level analysis; Group-level analysis; Pain activation; Motor activation; Supplementary information; Acknowledgements; Author contributions; Data availability; Code availability; Competing interests; Footnotes; Supplementary information; References; Associated Data; Supplementary Materials; Data Availability Statement,e621a6ee7268bc8a05527062ba0de6e314c1570c0b18e82c39580b25b1897d6a,2026-09-12
PMC12564096,41153333,10.3390/diagnostics15202661,research-article,A Public Health Approach to Automated Pain Intensity Recognition in Chest Pain Patients via Facial Expression Analysis for Emergency Care Prioritization,7654,yes,1. Introduction; 1.1. Background Study; 1.2. Literature Review; 2. Materials and Methods; 2.1. Data Collection; 2.2. Data Preprocessing; 2.3. Model Development; 2.4. Model Optimization; 2.5. Model Evaluation; 2.6. Pain Management Implementation; 3. Results; 4. Discussion; 5. Conclusions and Future Work; Abbreviations; Supplementary Materials; Author Contributions; Institutional Review Board Statement; Informed Consent Statement; Data Availability Statement; Conflicts of Interest; Funding Statement; Footnotes; References; Associated Data; Supplementary Materials; Data Availability Statement,c00058cc3e7e981dc8e6f48205442d7f4389ab7dab6ab0328c3075379decf539,2026-09-12
PMC12578783,41173924,10.1038/s41598-025-21987-3,research-article,Machine learning methods on BioVid heat pain database for pain intensity estimation,7811,yes,"Introduction; Related work; Materials and methods; BioVid heat pain database; Data set preparation and splitting, and face frame extraction; Classification models; CNN model; VGG16 model; CvT model; MobileViT model; Resources and infrastructure; Results; Model performance evaluation; Optimized CNN model; VGG16; CvT model; MobileViT50; Model comparison; Discussion; Limitations and challenges; Future directions; Conclusion; Supplementary Information",031aa7b7183ba9471502b1dc146ee4d15d16468311824cc93f3885e1cb898bdf,2026-09-12
PMC12585107,40378232,10.1093/pm/pnaf058,research-article,Early outcomes with a flexible ECAP based closed loop using multiplexed spinal cord stimulation waveforms—single-arm study with in-clinic randomized crossover testing,5583,yes,"Introduction; Methods; Study design; Statistics; Primary objective; Secondary objectives; Additional measures; Results; Subject disposition and baseline characteristics; Therapy and closed loop settings; Primary endpoint; Real world performance of the Closed-Loop algorithm; Improvement in pain, quality-of-life and physical function at 3-months; Safety; Discussion; Conclusions; Supplementary Material",099bb49ffefaf1b6acea054c4d8e31bd3632d6fde58c43ee7b677f4ba0d20803,2026-09-12
PMC12594148,40590186,10.1097/brs.0000000000005445,research-article,ECAP-Controlled Closed-Loop Spinal Cord Stimulation for Chronic Nonsurgical Refractory Back Pain,4445,yes,MATERIALS AND METHODS; Study Population; Trial and Implant Procedure; Outcomes; Patient-Reported Outcome Measures; Holistic Treatment Response; Objective Device Metrics; System Utilization; Neurophysiological Dose Metrics; Neurophysiological Dose Accuracy; Adverse Events; Statistical Analysis; RESULTS; Baseline Dysfunction; Patient-Reported Outcome Measures; Holistic Treatment Response; Objective Device Metrics; Adverse Events; DISCUSSION; Strengths and Limitations; CONCLUSION; Supplementary Material,b9aad1339ae2d7b4f97b494d9c61caa92a9b1956a4fcf57809a126a54001fac4,2026-09-12
PMC12658508,41274668,10.1136/bmjhci-2024-101283,research-article,Continuous wireless sensor monitoring with applied diagnostics: Clinical Sensor Pain Scale and Automated Sensor Pain Scale in the NICU,3712,yes,"WHAT IS ALREADY KNOWN ON THIS TOPIC; WHAT THIS STUDY ADDS; HOW THIS STUDY MIGHT AFFECT RESEARCH, PRACTICE OR POLICY; Introduction; Methods; Study design and cohort; Data collection; Data scoring; Statistical analyses; Results; Discussion; Conclusions; Supplementary material",8bec2f53cff777f166924ce2a466729a9ae185c2142d94b3db94d12d7dae4d37,2026-09-12
PMC12680202,41348694,10.1371/journal.pone.0337726,research-article,Classification of chronic pain and spinal cord stimulation response using machine learning in magnetoencephalography data,5294,yes,Introduction; Methods; Data acquisition; Data preprocessing and feature extraction; Feature selection and machine learning; Experimental setup; Evaluation; Results; Participant characteristics; Binary classification model and univariate feature analysis; Regression model; Discussion; Main findings; Classification of pain; Classification of SCS treatment effect; Limitations; Future research; Conclusion; Supporting information; Data Availability; Funding Statement; References; Associated Data; Supplementary Materials; Data Availability Statement,20b5e1a741cdf8a2c49d46d87ece75271592aabd2d07c0eb55c0e3886e01c7f8,2026-09-12
PMC12822141,41398270,10.1186/s12911-025-03305-z,research-article,Predictive machine learning for postoperative pain using biosignals: a retrospective observational study,5042,yes,Introduction; Materials and methods; Study cohort; Data acquisition; Data preparation; Pre-processing of ECG and PPG signals; Model input features; Model endpoint definition; Model development; Model performance; Statistical analysis; Results; Postoperative pain prediction using single variables; Postoperative pain prediction using ML with multiple variables; Discussion; Conclusion; Supplementary Information,41a43744e15a6351d963612d3e38273824cecdc9e77f1199237fafb02817a6ea,2026-09-12
PMC12838980,41589968,10.3390/biomimetics11010051,research-article,Automated Facial Pain Assessment Using Dual-Attention CNN with Clinically Calibrated High-Reliability and Reproducibility Framework,10220,yes,"1. Introduction; 2. Related Work; 2.1. Deep Learning Approaches for Pain Recognition; 2.2. Attention Mechanisms in Medical Image Analysis; 2.3. Limitations of Existing Architectures; 2.4. Research Gaps; 3. Materials and Methods; 3.1. Label Consolidation and Class Balancing (PSPI Mapping); 3.2. Data Partitioning and Stratified Sampling; 3.3. Image Preprocessing and Data Augmentation; 3.4. Dataset Demographics and Bias Mitigation Analysis; 3.5. Data Quality and Integrity Validation; 4. Proposed Framework; 4.1. Overview of the Entire Methodology; 4.2. Dual-Attention Architecture; 4.3. Regularization and Optimization Strategy; 5. Experimental Setup; Hyperparameter Optimization and Tuning Strategy; 6. Results; 6.1. Quantitative Performance Comparison with Baseline Models; 6.2. Class-Wise Analysis and Confusion Matrix Interpretation; 6.3. ROC–A, Calibration, and Reliability Evaluation; 6.4. Ablation Studies on Attention, Augmentation, and Regularization Modules; 6.5. Visual Interpretability and Grad-CAM-Based Clinical Insights; 6.6. Statistical Validation and Confidence Interval Analysis; 6.7. Comparative Discussion with State-of-the-Art Methods; 7. Limitations and Future Work; 8. Conclusions; Acknowledgments; Author Contributions; Data Availability Statement; Conflicts of Interest; Funding Statement; Footnotes; References; Associated Data; Data Availability Statement",f408317b5a32e23646571c6ae8ea659aa3ea8977412fca96250ac722eb595378,2026-09-12
PMC12938521,41749681,10.3390/bioengineering13020141,research-article,Can Machines Identify Pain Effects? A Machine Learning Proof of Concept to Identify EMG Pain Signature,5440,yes,1. Introduction; 2. Materials and Methods; 2.1. Subjects; 2.2. Apparatus and Movement; 2.3. Protocol; 2.4. Experimental Muscle Pain; 2.5. Data Analysis; 2.6. Machine Learning Analysis; 2.7. Statistical Analysis; 3. Results; 4. Discussion; 4.1. General Discussion; 4.2. Mechanism Insights; 5. Limitations and Future Work; 6. Conclusions; Acknowledgments; Abbreviations; Author Contributions; Institutional Review Board Statement; Informed Consent Statement; Data Availability Statement; Conflicts of Interest; Funding Statement; Footnotes; References; Associated Data; Data Availability Statement,2d06e3a985aa7277587da94c373e61bafbcc9340e7fd622080cca3ef40b27363,2026-09-12
PMC13029810,41894538,10.1371/journal.pdig.0001301,research-article,AVPENet: Pain estimation from audio-visual fusion of non-speech sounds,14105,yes,Introduction; Related work; Clinical pain assessment methods; Automated pain recognition systems; Multimodal Fusion Approaches; Comprehensive comparison of prior work; Research gaps and opportunities; Methodology; Dataset construction; Participant recruitment and study design.; Ethics statement; Recording procedures and technical setup; Pain annotation and ground truth establishment; Data preprocessing; Audio processing pipeline.; Visual Processing Pipeline; Proposed AVPENet architecture; Audio encoder architecture; Visual encoder architecture; Cross-modal fusion module; Pain regression head; Loss function design; Training protocol; Experimental setup; Evaluation metrics; Baseline methods and comparisons; Experimental conditions and ablation studies; Statistical analysis; Implementation details; Results; 0.1 Overall performance; 0.2 Age group stratification; 0.3 Comprehensive ablation studies; 0.4 Robustness under clinical conditions; 0.5 Demographic subgroup performance analysis; Limitations and future validation needs.; 0.6 Cross-modal attention visualization; 0.7 Longitudinal pain trajectory tracking; Discussion; Principal findings and clinical significance; Clinical applications and deployment considerations; Important Validation Limitation.; Comparison with human performance; Methodological contributions; External validation and generalizability limitations; Limitations and considerations; Pain type diversity and procedure variability; Temporal modeling limitations; Future research directions; Broader impact and ethical considerations; Automation bias and clinical deskilling.; Conclusion,80dd930b90f8ff5c31d3a09ab007052d59d930630641db2f9f2de962e78de580,2026-09-12
PMC13071591,42032954,10.11817/j.issn.1672-7347.2026.250554,research-article,支持向量机在带状疱疹相关性疼痛患者神经调控状态识别中的应用,457,no,对象与方法; 伦理声明; 对象; 方法; SCS手术治疗; 临床观察指标; 实验设备及EEG采集; EEG预处理; EEG特征提取; 机器学习; 统计学处理; 结 果; 一般资料; 临床疗效; 分类结果评价; 基于 SVM的 SHAP分析; 讨 论,094d3e2f92581969a461dd52a51c4f1b4399c1476972201cabaf8ce0d0fa6a29,2026-09-12
PMC13080763,41983382,10.1111/nicc.70478,research-article,Assessment of Pain Intensity Using Deep Learning Models in Non‐Communicative Intensive Care Patients,6027,yes,Introduction; Aims and Hypotheses; Design and Methods; Setting and Sample; Data Collection Tools and Methods; Data Analysis; Ethical and Institutional Approvals; Results; Discussion; Limitations; Implications for Clinical Practice and Further Research; Recommendations for Future Research; Recommendations for Clinical Practice; Conclusion; Author Contributions; Funding; Ethics Statement; Consent; Conflicts of Interest; Acknowledgements; Data Availability Statement; References; Associated Data; Data Availability Statement,e893142e4cf5de5de3b54c04fe25106292a03ee77e470cd2bcbc6d68aece319a,2026-09-12
PMC13108428,42029549,10.1155/prm/5131891,research-article,Machine Learning and ECG‐Derived Biomarkers for Objective Pain Assessment: An Explainable AI Approach Toward Precision Pain Management,9520,yes,1. Introduction; 2. Materials and Methods; 2.1. Design Constraints and Biomarker Selection; 2.2. Experimental Pain Model and Dataset Description; 2.3. Biomarker Acquisition and Signal Processing; 2.4. Machine Learning Architecture for Biomarker Validation; 2.5. Explainability Methods for Biomarker Validation; 3. Results; 3.1. Biomarker Performance in Pain Classification; 3.2. Biomarker Importance Analysis; 3.3. SHAP Analysis for Biomarker Validation; 3.4. Biomarker Correlation Analysis; 3.5. Comprehensive Classification Metrics; 3.6. Regression Model Performance; 3.7. Biomarker Performance in Pain Intensity Estimation; 3.8. Permutation Importance Results; 3.9. Partial Dependence and ICE Analysis; 3.9.1. ecg_peak_to_peak (ECG Peak‐to‐Peak Amplitude); 3.9.2. rr_std (RR Interval Standard Deviation); 3.9.3. ecg_skewness (ECG Signal Skewness); 4. Discussion; 4.1. Principal Findings and Clinical Significance; 4.2. Comparative Analysis With Contemporary Approaches; 4.3. Regulatory Compliance and Clinical Implementation; 4.4. Insights From Partial Dependence and Interaction Analysis; 4.5. Addressing Healthcare Disparities; 4.6. Integration With Clinical Workflow; 4.7. Limitations and Their Implications; 4.8. Future Directions and Research Priorities; 4.9. Implications for Pain Neuroscience; 5. Threats to Validity; 5.1. Internal Validity; 5.2. External Validity; 5.3. Construct Validity; 5.4. Statistical Conclusion Validity; 6. Limitations; 7. Future Work; 8. Conclusion; Funding; Conflicts of Interest; Acknowledgments; Contributor Information; Data Availability Statement; References; Associated Data; Data Availability Statement,b1ba1beb5a2598c89c2c8f9f1b2dd2c8747264fef1e1d853e1455867ce0b063d,2026-09-12
PMC13163485,42122048,10.3390/diagnostics16091346,research-article,Toward Intelligent Emergency Triage: A Feasibility Study of Real-Time Facial Expression-Based Chest Pain Intensity Assessment,3887,yes,1. Introduction; 2. Related Work; 3. Materials and Methods; 3.1. Data Collection; 3.2. Data Preprocessing; 3.3. Environment Setup and Runtime Configuration; 3.4. Model Training; 3.5. Model Evaluation; 3.6. Field Application; 4. Results; 5. Discussion; 6. Conclusions and Future Work,5866f9444e308dbb7ca83d2e82c7ebdccb0ed0b83f3347659953012dc5efdd40,2026-09-12
PMC13208079,42205768,10.1016/j.dib.2026.112842,data-paper,Quantitative sensory testing and classical pain model dataset in 127 healthy volunteers,4464,yes,"Value of the Data; Background; Data Description; qst_pain_data_orig.csv; qst_pain_data_transformed.csv; qst_pain_metadata.csv; Experimental Design, Materials and Methods; Classical experimental pain models; Mechanical pain; Thermal cold pain; Infrared laser pain; Electrical pain; Chemical (CO2) pain; Standardized quantitative sensory testing (QST) battery; Thermal detection and pain thresholds; Mechanical detection and pain thresholds; Mechanical pain sensitivity (MPS) and dynamic mechanical allodynia (DMA); Wind-up ratio (WUR); Vibration detection threshold (VDT); Pressure pain threshold (PPT); Limitations; Ethics Statement; CRediT Author Statement; Acknowledgements; Declaration of Competing Interest; Data Availability; References; Associated Data; Data Availability Statement",5874794ef17064e5be60ddebc2b1d3af6411d45372a2edcc9d0bc17f3163b776,2026-09-12
PMC13210372,42189831,10.1371/journal.pdig.0001442,research-article,PANDIA: Personalized neuro-symbolic multimodal fusion for interpretable neonatal pain assessment,9711,yes,"1. Introduction; 2. Related work; 2.1 Infant pain assessment; 2.2 Multimodal learning in healthcare; 2.3 Federated learning in healthcare; 2.4 Meta-learning for personalization; 2.5 Comparative analysis of existing approaches; 3. Methodology; 3.1 Problem formulation; 3.2 PANDIA architecture; 3.2.1 Module integration and data flow.; 3.2.2 Lightweight modality encoders.; 3.2.3 Concept bottleneck layer.; 3.2.4 Relational graph reasoner.; 3.2.5 Meta-learning personalization.; 3.2.6 Evidential output layer.; 3.2.7 Symbolic rule engine.; 3.3 Training strategy; 3.3.1 Federated contrastive pretraining.; 3.3.2 Federated learning implementation details.; 3.3.3 Cybersecurity and deployment security.; 3.3.4 Federated infrastructure risk assessment (NIST CSF).; 3.3.5 Multi-task supervised learning.; 4. Experimentation and validation; 4.1 Datasets; 4.1.1 Dataset access and reproducibility.; 4.1.2 Used datasets.; 4.2 Implementation details; 4.3 Evaluation metrics; 4.4 Baseline comparisons; 5. Results; 5.1 Overall performance analysis; 5.2 Ablation study analysis; 5.3 Personalization effectiveness; 5.4 Clinical interpretability evaluation; 5.4.1 Study design and participants.; 5.4.2 Case selection protocol.; 5.4.3 Results.; 5.5 Robustness analysis; 5.6 Deployment feasibility analysis; 5.7 Cross-dataset generalization; 5.8 Out-of-distribution validation on MD-NPL; 6. Discussion; 6.1 Clinical impact and significance; 6.2 Technical innovations and contributions; 6.3 Limitations and future work; 6.4 Ethical considerations and bias mitigation; 6.5 Failure modes, edge cases, and deployment challenges; 6.5.1 Systematic failure analysis.; 6.5.2 Performance under degraded conditions.; 6.5.3 Out-of-distribution performance analysis.; 6.5.4 Deployment challenges and proposed solutions.; 7. Conclusion; Supporting information; Acknowledgments; Abbreviation:; Data Availability; Funding Statement; References; Associated Data; Supplementary Materials; Data Availability Statement",4dbb91181457fb51a68e0ee07fd446287e3d6d2a1167060edbb55c6d959c6b09,2026-09-12
PMC13210414,42197756,10.3390/s26102947,research-article,Connectivity-Based Pain Recognition from fNIRS: Parsimonious Subject-Independent Classification,8932,yes,1. Introduction; 2. Materials and Methods; 2.1. Dataset and Protocol; 2.2. Class Construction and Balance; 2.3. Preprocessing; 2.4. Connectivity Feature Extraction; 2.5. Feature Selection; 2.6. Classification and Evaluation; 2.7. Evaluation Metrics; 2.8. Framework Overview; 3. Results; 3.1. Connectivity Matrices; 3.2. Results Using All Features; 3.3. Results After Feature Selection; 3.4. Results for the Proposed Model; Per-Class Performance of the Proposed 700-Feature Model; 3.5. Frequently Selected Connectivity Features; 4. Discussion; 5. Conclusions; Author Contributions; Institutional Review Board Statement; Informed Consent Statement; Data Availability Statement; Conflicts of Interest; Funding Statement; Footnotes; References; Associated Data; Data Availability Statement,cf39643ebcacb7aef109ec8c6d4c077e41b5f66e7732b3500b706e3e1d383459,2026-09-12
PMC13210486,42197989,10.3390/s26103181,research-article,Multimodal Detection of Pain and Anticipation Anxiety from Ultra-Short Duration Wearable Sensors Measurements,7268,yes,1. Introduction; 2. Methods; 2.1. Subjects; 2.2. Pain Modalities; 2.2.1. Thunberg’s Thermal Grill Illusion (TGI); 2.2.2. Transcutaneous Electrical Nervous Stimulation (TENS); 2.3. Sensors; 2.4. Experiment Protocol; 2.5. Data Processing; 2.6. Machine Learning; 3. Results; 3.1. Statistics; 3.2. Pain Modeling; 3.3. Anxiety Modeling; 4. Discussion; 5. Conclusions; Acknowledgments; Author Contributions; Institutional Review Board Statement; Informed Consent Statement; Data Availability Statement; Conflicts of Interest; Disclaimer; Funding Statement; Footnotes; References; Associated Data; Data Availability Statement,ced9d3788468fbbc6b5f1f9020a508ec62358b58fd3669ab902e340997ed4732,2026-09-12
PMC13211154,42197829,10.3390/s26103020,research-article,Real-Time Pain Assessment from Electrodermal Activity Using Deep Learning,7233,yes,1. Introduction; 2. Methods; 2.1. Experimental and Dataset; 2.2. Preprocessing; 2.3. Learning Models; 2.3.1. Reference Models; 2.3.2. Proposed Models; 2.3.3. Model Evaluation; 2.3.4. Real-Time Pain Estimation; 3. Results; 3.1. Performance of the Machine Learning Models; 3.2. Performance of the DL Models; 3.3. Computational Efficiency; 3.4. GUI Real-Time Estimation; 4. Discussion; 5. Conclusions,f320fb3495c61eaa8323ec935585018284be505108e3b2cdef2390754832449b,2026-09-12
PMC13218711,42220843,10.7759/cureus.107883,research-article,Real-Time Estimation of Numerical Rating Scale (NRS) Scores Using Machine Learning-Based Facial Expression Analysis: A Proof-of-Concept Study,2610,yes,Introduction; Materials and methods; Results; Discussion; Conclusions,2a311e9b86dfd43756c9806320b05c31d674ed110ebf493f2ac86ebf69a15a79,2026-09-12
PMC13276974,42134463,10.1016/j.neuroimage.2026.122002,research-article,EEG-based clustering shows distinct separation of chronic pain patients before spinal cord stimulation surgery,8231,yes,Introduction; Materials and methods; Acquisition of EEG and signal processing; Clustering analysis; Results; Participant characteristics across clusters; EEG patterns across clusters; Within-cluster associations between EEG features and PROs; Discussion; Spectral feature selection; EEG clustering in the context of clinical data; Cluster analysis and unsupervised learning; Limitations and future directions; Conclusion; Supplementary Material; Acknowledgments; Declaration of competing interest; Footnotes; Data and code availability statement; References; Associated Data; Supplementary Materials; Data Availability Statement,2afeb4a2139fe9f32c3a2b5907b8e59ebfff8f028d597c3ea6d885206066883d,2026-09-12
PMC13317760,42377977,10.1002/ejp.70313,research-article,Predicting Pain: Electroencephalography Signatures of Neural Integration During Experimental Tonic Thermal Pain,9375,yes,Introduction; Methods; Participants; Experimental Design; Experimental Conditions; Experimental Procedure; EEG Pre‐Processing; Functional Connectivity and CFC; Inter‐Site Phase Clustering; Magnitude‐Squared Coherence; Topographical Analysis; Machine Learning Approach; Feature Selection Based on Neighbourhood Component Analysis (NCA); Classification Procedure; Statistical Inference; Results; Prediction Accuracy; Feature Visualisation; Discussion; From Data‐Driven Findings to Interpretation of Optimal EEG Measures of Neural Integration; Topographical Characterisation of Neural Integration During Tonic Pain; Limitations; Conclusions; Author Contributions; Funding; Conflicts of Interest; Supporting information; Acknowledgements; Data Availability Statement; References; Associated Data; Supplementary Materials; Data Availability Statement,ce7b1ff39280c12eea5612cd2d50530fa7e0d9bafb31eaba72fcd2c06e64eee6,2026-09-12
PMC13424116,42533023,10.1038/s41598-026-54248-y,research-article,MSAFNet: A multi-scale attention fusion network for automated neonatal pain facial expression recognition with clinical validation,10167,yes,Introduction; Theoretical foundations and technical background; Neonatal pain assessment theory and facial coding systems; Convolutional neural networks and deep feature extraction; Attention mechanisms and multi-scale feature fusion methods; System design and model construction; Dataset construction and preprocessing strategy; Facial landmark detection and feature extraction network design; Multi-scale attention fusion classification model for pain expression; Experimental results and analysis; Experimental configuration and model training analysis; Comparative experiments and ablation analysis; Clinical application validation and nursing effect assessment; Discussion; Conclusion; Acknowledgements; Abbreviations; Author contributions; Funding; Data availability; Declarations; Competing interests; Ethics approval and consent to participate; Consent for publication; Footnotes; References; Associated Data; Data Availability Statement,62e62246baeeffb663bb6fad372f15eb3cfaf863fd521dad40cab42145be6b8a,2026-09-12
PMC13438283,42558820,10.3389/fped.2026.1784197,research-article,AI-Driven vision large language framework for pediatric pain assessment,7449,yes,Introduction; Related work; Materials and methods; Study design and ethical approval; Participants; Data acquisition; CPA dataset and annotations; Model development; Prompt engineering; Fine-Tuning; Statistical analysis; MAX agreement; Z-Score; Baselines; SVM; ResNet-50; CPANN-based method; Results; CPA dataset characteristics; Expert-level pain assessment; Ambiguity reduction and confusion matrices; Effect of prompt engineering; Effect of fine-tuning; Discussion; Limitations; Conclusion; Acknowledgments; Funding Statement; Footnotes; Data availability statement; Ethics statement; Author contributions; Conflict of interest; Generative AI statement; Publisher's note; Supplementary material; References; Associated Data; Supplementary Materials; Data Availability Statement,98ee788ba8eec48e02b9ecf46b72cba04dd24abbbc3abf42ea3c1291a95a5451,2026-09-12
PMC13487592,42621863,10.1016/j.dib.2026.113131,data-paper,RheumaPain: a multimodal biosignal dataset for objective pain assessment in pediatric rheumatic diseases,3438,yes,"Value of the Data; Background; Data Description; Experimental Design, Materials and Methods; Research design; Wong-Baker faces pain scale; Signal data; Data preprocessing; Statistics of investigation; Limitations; CRediT Author Statement; Ethics Statement; Acknowledgements; Declaration of Competing Interest; Data Availability; References; Associated Data; Data Availability Statement",577489a37c70e8e40ff18f165e447fb49416d867aa8e926c9ec5ac1f1bcd6a85,2026-09-12
PMC13502692,42636251,10.1371/journal.pone.0354510,research-article,Personalized adaptive virtual reality experience driven by electroencephalography-based pain recognition,8621,yes,Background; VR for pain relief; EEG-based AI for pain classification; Integrated EEG-VR systems; Gaps in existing research; Purpose and objectives; Manuscript organization; Materials and methods; Study design; Setting and system architecture; Population and dataset; Sampling strategy and sample size; Model selection; Sample technique and feature extraction; Data analysis; Model validity and reliability; VR environment design and implementation; Results and discussion; Machine learning performance; Functional demonstration and pain level visualization; VR blueprint integration and system workflow; Strengths; Limitations; Implications; Recommendations; Conclusion; Contributions of the study; Acknowledgments; Data Availability; Funding Statement; References; Associated Data; Data Availability Statement,ca849f61fe4e2691034169b27819cc554d775f7b8f82a077978a189d95573fae,2026-09-12
PMC13519607,42662082,10.1016/j.dib.2026.113141,data-paper,Integrated quantitative sensory testing and psychological phenotyping dataset for capsaicin-induced neuropathic pain susceptibility,3609,yes,"Value of the Data; Background; Data Description; qst_z_scores.csv; psy_questionnaire_scores.csv; participant_metadata.csv; Experimental Design, Materials and Methods; Participants and study design; Standardized quantitative sensory testing (QST) battery; Thermal detection and pain thresholds; Mechanical detection and pain thresholds; Mechanical pain sensitivity (MPS); Wind-up ratio (WUR); Vibration detection threshold (VDT); Pressure pain threshold (PPT); Assessment of psychological factors; Dispositional optimism; General psychological factors; Pain-related cognitive-emotional mechanisms; Limitations; Ethics Statement; CRediT Author Statement",155ebe8eb8cb9bd40bede0562f18cd4cc2d682c418ba76a5444542d7f6e7c644,2026-09-12
PMC13522443,42288571,10.1038/s41598-026-57148-3,research-article,Automatic pain assessment from facial action units in ICU patients via various machine learning models,6428,yes,Introduction; Methods; Data collection; Pain assessment; Experimental results; Implementation details; Model validation results; Optimal AU selection; AU dynamics temporal modeling analysis; Discussion; Limitations; Conclusion; Acknowledgements; Author contributions; Data availability; Declarations; Competing interests; Footnotes; Contributor Information; References; Associated Data; Data Availability Statement,d2305fcb86c1fec8d7b79ec9f7d06667bb6f6cc3af31881f902702b7488f5b8e,2026-09-12
PMC3103750,20172803,10.1109/tbme.2009.2039214,author-manuscript,NR,6988,no,TITLE; ABSTRACT; INTRO; CONCL; REF; FIG; TABLE,c7bd46d77c7d32c1d8da3181fe928d8f13362da2a344b79b8b0a99ab2c845e78,2026-09-12
PMC3691100,23574118,10.1056/nejmoa1204471,author-manuscript,NR,5261,yes,TITLE; ABSTRACT; INTRO; METHODS; RESULTS; DISCUSS; SUPPL; REF; FIG; TABLE,4d9e4640f2467c3d611b2e1240e62a5699ef5acb4f8ac96ef597cc3c62d1cd01,2026-09-12
PMC4608770,26474183,10.1371/journal.pone.0140330,research-article,Pain Intensity Recognition Rates via Biopotential Feature Patterns with Support Vector Machines,3961,yes,Introduction; Methods; Subjects; Exclusion criteria; Individual calibration of pain and tolerance threshold; Experimental pain stimulation; Measurement of biopotentials; Biopotentials; Electromyography (EMG); Skin conductance level (SCL); Electrocardiogram (ECG); Preprocessing; Feature extraction; Machine learning with Support Vector Machine (SVM); Feature selection; Validity of classification rates; Results; Discussion and Conclusions; Study weaknesses; Outlook,1058562863bdee4dc26722aa42d4915a4ff07e97cc536538c7ed5e283859f351,2026-09-12
PMC4830829,27148029,10.3389/fncom.2016.00032,research-article,Decoding Subjective Intensity of Nociceptive Pain from Pre-stimulus and Post-stimulus Brain Activities,5849,yes,Introduction; Materials and methods; Experiments; EEG experiments; Functional MRI experiments; Methods; Pre-processing; Feature extraction and selection; Pain prediction; Results; EEG results; Psychophysics; Pain-related time-frequency patterns; Predicting pain from pre- and post-stimulus time-frequency patterns; Predicting pain from individual time-frequency patterns; Functional MRI results; Psychophysics; Laser-evoked BOLD responses; Pain-related fMRI patterns; Predicting pain from pre- and post-stimulus fMRI patterns; Predicting pain from individual fMRI patterns; Discussion; Significance of pre-stimulus brain activities in pain decoding; Predictive neural patterns; Machine learning classifiers for brain decoding; Further developments for clinical uses; Author contributions; Conflict of interest statement,e1b75b8b3e81db64451c79360dccc999f9dca66ee3f5cb1500ef3eb936405592,2026-09-12
PMC5316889,28195170,10.1038/ncomms14211,research-article,Quantifying cerebral contributions to pain beyond nociception,9676,yes,Results; Signature development; Characterization of local pattern topography; Joint predictive performance of the SIIPS1 and NPS; Comparison with predictions based on univariate analysis; Mediation of psychological pain manipulations; Discussion; Methods; Participants; Procedures; Cognitive self-regulation in Study 1; Cue-induced expectancy in Study 2; Masked emotional faces in Study 3; Cue- and placebo-induced expectancy in Study 4; Cue-induced expectancy in Study 5; Perceived control and expectancy in Study 6; Thermal stimulation; Vicarious pain task; Preprocessing of fMRI data; Single trial analysis except for Study 2 and 5; Single trial analysis for Study 2 and 5; Developing SIIPS1; Testing the SIIPS1 on new data sets; Correlation analyses with stimulus intensity; Univariate analyses; Multilevel general linear model; Multilevel mediation analysis; Data availability; Additional information; Supplementary Material,46f4ddd6a2e680f2fc298b5f71c324503b229401ef4ba7db66070e08832302ef,2026-09-12
PMC5718188,28952933,10.1109/tbme.2017.2756870,author-manuscript,NR,6427,yes,TITLE; ABSTRACT; INTRO; METHODS; RESULTS; DISCUSS; CONCL; SUPPL; REF; FIG; TABLE,1054c4cb44eb26edac233aa2dab672fe92d85973f199c969a4a61d1555d2a437,2026-09-12
PMC6352979,30713485,,author-manuscript,References,5920,yes,TITLE; ABSTRACT; INTRO; METHODS; RESULTS; CONCL; REF; FIG; TABLE,a6a9a51679479a1ce373a4dba70d4ee1a9d9f561a794f1837d08766bd36fdfa6,2026-09-12
PMC6377310,30540621,10.1097/j.pain.0000000000001417,author-manuscript,References,6990,yes,TITLE; INTRO; METHODS; RESULTS; DISCUSS; SUPPL; REF; FIG; TABLE,1cf462ba1cde5c287c59bb5e7d3b62125b01a7798419f8709a8e39f6f11167de,2026-09-12
PMC6428053,30906841,10.1016/j.smhl.2018.01.002,author-manuscript,References,8035,yes,TITLE; ABSTRACT; INTRO; METHODS; RESULTS; DISCUSS; CONCL; REF; FIG; TABLE,ce0e68cc535b7e32958bf51cd1ca4b1aa74ee9685538f24d4bf91c7c586b2aab,2026-09-12
PMC6430129,30906508,10.1109/taffc.2015.2462830,author-manuscript,REFERENCES,13509,no,TITLE; ABSTRACT; INTRO; DISCUSS; SUPPL; REF; FIG; TABLE,46647778a5d920057541f79b20039d9f07c7d80f83e3971e5f039884c8dc47d2,2026-09-12
PMC6436808,30440413,10.1109/embc.2018.8512389,author-manuscript,References,2860,yes,TITLE; ABSTRACT; INTRO; METHODS; RESULTS; CONCL; REF; FIG; TABLE,b0a9129e7716fba01a00ed4d092b8e03ce2cc721b5947450250431ab2d08e0ae,2026-09-12
PMC6513974,31133782,10.3389/fnins.2019.00437,research-article,Feature Extraction and Selection for Pain Recognition Using Peripheral Physiological Signals,11208,yes,1. Introduction; 2. Materials and Methods; 2.1. Emotion Data; 2.2. Data Pre-processing; 2.3. Feature Extraction; 2.4. Feature Selection; 2.5. Classification; 2.6. Topological Data Analysis; 2.6.1. The Mapper Algorithm; 2.6.2. Interpretation of Topological Networks; 2.6.3. Complementary Feature Sets; 2.7. Statistical Analysis; 3. Results; 4. Discussion; 4.1. Purpose 1: Identification of General Discriminative Feature Sets; 4.1.1. Feature Selection Approaches; 4.1.2. Functional Feature Groups; 4.1.3. General Discriminative Features; 4.2. Purpose 2: Insights Into Autonomic Parameters; 5. Conclusion; Ethics Statement; Author Contributions; Conflict of Interest Statement; Acknowledgments; References,565e8b91716a5c871e9dc5d1d01376470616b7cb09896a3830277561d03b50a7,2026-09-12
PMC6833075,31627305,10.3390/s19204503,research-article,Exploring Deep Physiological Models for Nociceptive Pain Recognition,5520,yes,1. Introduction; 2. Materials and Methods; 2.1. BioVid Heat Pain Database (BVDB); 2.2. Data Preprocessing; 2.3. Uni-modal Deep Model Description; 2.4. Multi-Modal Deep Model Description; 3. Results; 4. Discussion and Conclusions,8165a03ec85ff71723bfdc1f541fce26d59d4d31b512ca120cd47cc86ca913a7,2026-09-12
PMC6915456,31789599,10.2196/13671,research-article,Use of Mobile Health Apps and Wearable Technology to Assess Changes and Predict Pain During Treatment of Acute Pain in Sickle Cell Disease: Feasibility Study,7206,yes,Introduction; Background; Objectives; Methods; Recruitment and Data Collection; Data Preprocessing; Machine Learning Techniques; Results; Overview; Regression Results; Classification Results; Discussion; Principal Findings; Strengths and Limitations; Conclusions; Acknowledgments; Abbreviations; Footnotes; References,3360d1935288a93c6055bea6eb3a7de216f6b84f405e429b9fb8f74908f413a9,2026-09-12
PMC7038688,32033240,10.3390/s20030839,research-article,Two-Stream Attention Network for Pain Recognition from Video Sequences,5466,no,1. Introduction; 2. Related Work; 3. Proposed Approach; 3.1. Motion History Image (MHI); 3.2. Optical Flow Image (OFI); 3.3. Network Architecture; 4. Experiments; 4.1. Datasets Description; 4.2. Data Preprocessing; 4.3. Experimental Settings; 4.4. Results; 5. Conclusions,e7bb74835436a3411591ed23e241079e6624412247ce66be4f1d91153fda386f,2026-09-12
PMC7347182,32645045,10.1371/journal.pone.0235545,research-article,Developing a pain intensity prediction model using facial expression: A feasibility study with electromyography,6582,yes,Introduction; Methods; Study subjects; Materials and procedures; Facial muscles; Electromyography device; Test procedures; Electromyography data collection; Pain intensity assessment; Data analysis; Preprocessing and feature extraction; Data labelling; Statistical evaluation of the sEMG features; Machine learning modeling; Results; Discussion; Limitations; Conclusions; Supporting information; Acknowledgments; Data Availability; Funding Statement; References; Associated Data; Supplementary Materials; Data Availability Statement,f3c211b05f5345c0900d3f3aea8d0595d46df08338169c7cd1164096c0a16ade,2026-09-12
PMC7423325,32793402,10.1109/bibm47256.2019.8983282,author-manuscript,References,4854,yes,TITLE; ABSTRACT; INTRO; METHODS; RESULTS; REF; FIG; TABLE,b85aba9260744782377208c3c4ef1459d0c81a162930d4dd340f9a3e394b5309,2026-09-12
PMC7444520,32822348,10.1371/journal.pone.0232412,research-article,Pain intensity estimation based on a spatial transformation and attention CNN,5434,yes,Introduction; Related work; Proposed method; Spatial transformation network; Attention mechanism; CNN network; Softmax function; Implementation details; Experimental results and discussion; Experimental data; Analysis of STN and attention mechanism; Comparison with the-state-of-the-art methods; Conclusion; Data Availability; Funding Statement; References; Associated Data; Data Availability Statement,ff0af0071b4d84926c3eae62070f271c942f4edd16ef73497fbc0b7f0357e190,2026-09-12
PMC7856028,33348218,10.1016/j.compbiomed.2020.104150,author-manuscript,References,6386,yes,TITLE; ABSTRACT; INTRO; METHODS; RESULTS; CONCL; REF; FIG; TABLE,69ad555cb393db189f00e193385272e71fd18b3f0ee0af0df84db65e8bfcfaaa,2026-09-12
PMC7887380,33644268,10.1016/j.dib.2021.106796,data-paper,Multimodal neonatal procedural and postoperative pain assessment dataset,4077,yes,"Specifications Table; Value of the Data; Data Description; Experimental Design, Materials and Methods; Participants; Data collection design; Equipment setup; Routine clinical procedures for pain stimulation; Procedural pain procedures; Postoperative pain procedures; Recorded behavioral and physiological data; Video and audio recording; Vital signs recording; Cortical activity recording; Contextual and medical data; Pain score labeling; Procedural pain scoring via NIPS; Postoperative pain scoring via N-PASS; Ethics Statement; CRediT Author Statement; Declaration of Competing Interest; Acknowledgments; References",0ce36cd474486103bdaedced76c30a0bdc5481efe7d49fe7a3a460f42898978c,2026-09-12
PMC7889419,33533723,10.2196/23920,research-article,Novel Analgesic Index for Postoperative Pain Assessment Based on a Photoplethysmographic Spectrogram and Convolutional Neural Network: Observational Study,4098,yes,Introduction; Methods; Patient Population; Procedure and Data Acquisition; Pain Assessment Model; Spectrogram; Convolutional Neural Network; Statistical Analyses; Results; Discussion,4ac4357ee1b46ed4610cf59abf72ca68baf3368fb38fdbdfffdf866af00c32b3,2026-09-12
PMC8125973,34068462,10.3390/s21093273,research-article,Automatic vs. Human Recognition of Pain Intensity from Facial Expression on the X-ITE Pain Database,8128,yes,1. Introduction; 1.1. Related Work; 1.2. Contribution; 2. Materials and Methods; 2.1. X-ITE Pain Database; 2.2. Random Forest Classifier (RFc); 2.2.1. Random Forest Classifier (RFc) Baseline Method (RFc-BL); 2.2.2. Random Forest Classifier (RFc) with Facial Activity Descriptor (FAD); 2.3. The Deep Learning Approaches; 2.3.1. Pre-Processing; 2.3.2. Simple Convolutional Neural Network (CNN); 2.3.3. Reduced MobileNetV2 (MNV2) with Simple CNN; 2.3.4. Two-Convolutional Neural Networks (Two-CNNs); 2.4. Multi-Task Learning in Deep Neural Networks (MTL); 2.5. Sample Weighting Method; 2.6. Experiments; 2.6.1. Human Observation Experiment; 2.6.2. Automatic Pain Recognition Experiments; 3. Results; 3.1. 7-Class Pain Intensity Recognition; 3.2. 5-Class Pain Intensity Recognition; 3.3. 3-Class Pain Intensity Recognition; 4. Discussion; 5. Conclusions; Abbreviations; Author Contributions; Funding; Institutional Review Board Statement; Informed Consent Statement; Data Availability Statement; Conflicts of Interest; Footnotes; References; Associated Data; Data Availability Statement,b498d1fdc7167158c47fe88424880099f5ad6026595c6dc729c42ed419d70389,2026-09-12
PMC8135033,33949957,10.2196/25258,research-article,Pain Assessment Tool With Electrodermal Activity for Postoperative Patients: Method Validation Study,6077,yes,"Introduction; Methods; Study Description, Participants, and Recruitment; Study Design; Data Collection; GSR Feature Extraction Pipeline Architecture; Data Preparation; pyEDA; Post Feature Extraction; Classification; Feature Selection; Labeling the Features; Machine Learning Algorithms; Results; Discussion; Strengths; Limitations; Conclusions; Acknowledgments; Abbreviations; Footnotes; References",c1a5598bca84f5ce6157a25fad1cf945bc5dcc9ee693726feac9e690546d0259,2026-09-12
PMC8184296,32023344,10.1093/neuros/nyaa003,research-article,"Sustained Long-Term Outcomes With Closed-Loop Spinal Cord Stimulation: 12-Month Results of the Prospective, Multicenter, Open-Label Avalon Study",4081,yes,"METHODS; Patients; Study Design and Data Collection; Device and Implantation; Data Management and Analysis; RESULTS; Patients, Demographics, and Baseline Characteristics; Pain Relief Outcomes; Secondary Outcomes; ECAP Amplitude Data; Safety Outcomes; Programming Burden; DISCUSSION; CONCLUSION; Disclosures",7fb67760cfbaf1361747385ee32a4706511090561e84ebb7373abf54887c5edd,2026-09-12
PMC8196363,34047710,10.2196/25079,research-article,Pain Recognition With Electrocardiographic Features in Postoperative Patients: Method Validation Study,5276,yes,"Introduction; Overview; Interpretation of ECG in Pain Studies; Methods; Setting; Study Description, Participants, and Recruitment; Study Design; Data Collection; Data Preprocessing; Data Synchronization; Peak Detection; Noise Removal; Feature Extraction; Time Domain Features; Frequency Domain Features; Feature Selection; Labels; Label Distribution; Labeling ECG Features; Classification; Results; Pain Demographic Characteristics; Pain Engagement Results; Discussion; Strengths; Limitations; Conclusions",f0d9567a0423ec89ad38b6ce8e89dc1f2a9a9ca0274cefac4c0d9cbcb1189e58,2026-09-12
PMC8227650,34201268,10.3390/s21123956,research-article,Real-Time High-Level Acute Pain Detection Using a Smartphone and a Wrist-Worn Electrodermal Activity Sensor,4669,yes,1. Introduction; 2. Methods; 2.1. EDA Features; 2.1.1. Time-Varying Index of Sympathetic Activity (TVSymp) and Modified TVSymp (MTVSymp); 2.1.2. Derivative of Phasic Component of EDA (dPhEDA); 2.2. Smartphone Application Development; 2.3. Experiments; 2.3.1. Thermal Grill Experiment; 2.3.2. Electrical Pulse Experiment; 2.4. Statistics; 2.5. Machine Learning; 3. Results; 3.1. Electrical Pulse; 3.2. Thermal Grill; 4. Discussion; 5. Conclusions,ad9c23c020aa6f22803341c6f67aad8ad01cd8d9958f851b43eb20e8d756d039,2026-09-12
PMC8270203,34242325,10.1371/journal.pone.0254108,research-article,"Exploration of physiological sensors, features, and machine learning models for pain intensity estimation",7931,yes,Introduction; Related works; Materials and methods; Data source and experiment procedure; Feature extraction; Machine learning models; Results and discussion; Subject-independent model (generic model); Subject-dependent model; Personalization vs. generalization; Conclusion; Data Availability; Funding Statement; References; Associated Data; Data Availability Statement,2dabb8b77bfe8c83509d88b0c64d09ccc9d6325df3a1977607e44558610ddfde,2026-09-12
PMC8309734,34300578,10.3390/s21144838,research-article,Comparison of Feature Extraction Methods for Physiological Signals for Heat-Based Pain Recognition,8513,yes,1. Introduction; 2. State of the Art in Pain Recognition; 3. Materials and Methods; 3.1. Data Acquisition; 3.1.1. BioVid Heat Pain Database (BVDB); 3.1.2. PainMonit Database (PMDB); 3.2. Pre-Processing & Segmentation; 3.2.1. BioVid Heat Pain Database; 3.2.2. PainMonit Database; 3.3. Feature Extraction; 3.3.1. Hand-Crafted Features; 3.3.2. Supervised Feature Learning—Neural Networks; 3.3.3. Unsupervised Feature Learning—Convolutional Autoencoders; 3.4. Classifier; 3.5. Evaluation; 3.6. Implementation Details; 4. Results; 5. Discussion; 6. Conclusions,364e7ece7640851715cb630eb4f6e0428243e2e298e690bf3bf153f43fa0a92d,2026-09-12
PMC8320888,34335157,10.3389/fnins.2021.673998,research-article,The Evoked Compound Action Potential as a Predictor for Perception in Chronic Pain Patients: Tools for Automatic Spinal Cord Stimulator Programming and Control,5887,yes,"Introduction; Materials and Methods; Leads, Stimulating, and Recording System; Clinical Data Acquisition; Artifact Reduction and ECAP Estimation Methods; The Growth Curve and an Associated Closed-Form Expression; Perception and the ECAP Threshold – A Novel Growth Curve Derived Measure of Neural Threshold; Results; Relating ET, PT, and DT for the Group; Intra-Subject ET, PT, and DT Relationships; Discussion; ET and PT Across Posture and Pulse Width; Clinical Considerations for ET and Closed-Loop SCS; Limitations; Conclusion; Data Availability Statement; Ethics Statement; Author Contributions; Conflict of Interest; Footnotes; References; Associated Data; Data Availability Statement",d5401e711eb5eb108564907bb5d3cf97c905d1be61abad35882b4c7f7c4a547d,2026-09-12
PMC8359972,33768664,10.1111/papr.13008,research-article,"ECAP‐Controlled Closed‐Loop Spinal Cord Stimulation Efficacy and Opioid Reduction Over 24‐Months: Final Results of the Prospective, Multicenter, Open‐Label Avalon Study",4666,yes,"INTRODUCTION; METHODS; Study design and data collection; Evoke system; Participants; Data management and analysis; RESULTS; Patients, demographics, and baseline characteristics; Pain relief outcomes; Other patient‐reported outcomes; Opioid reduction; ECAP amplitude data; Programming; Safety outcomes; DISCUSSION; CONFLICTS OF INTEREST; ACKNOWLEDGEMENTS; REFERENCES",1de765f0aabed5a5b8850d90b1747d618ef1fa383abe9e667eec5c4072029c41,2026-09-12
PMC8874020,35221908,10.3389/fnins.2022.831627,research-article,Experimental Exploration of Objective Human Pain Assessment Using Multimodal Sensing Signals,7610,yes,Introduction; Materials and Methods; Subjects; Apparatus; Procedure; Data Description and Pre-processing; Results; Subjective Ratings; Facial Expression; Electroencephalography; Eye Movement; Skin Conductance; Blood Volume Pulse; Electromyography; Respiration Rate; Skin Temperature; Blood Pressure; Multi-Signals Fusion at Decision Level; Discussion; Physiological Signals; Future Research Directions; Multi-Modal Pain Recognition System; Pain Remote Assessment in the COVID; Multidimensional Pain Representation; Conclusion; Data Availability Statement; Ethics Statement; Author Contributions; Conflict of Interest; Publisher’s Note; Acknowledgments; Funding; References; Associated Data; Data Availability Statement,1023f15d025a3a801a36009d1dd491858c168e4665d48eb2e922125661875adb,2026-09-12
PMC8915628,35295796,10.3389/fpain.2022.827551,research-article,Faces of Pain in Dementia: Learnings From a Real-World Study Using a Technology-Enabled Pain Assessment Tool,7214,yes,"Introduction; Materials and Methods; Ethical Considerations; Study Design; Pain Instrument System: PainChek®; Data Source and Extraction; Study Population, Setting, and Context; Data Analyses; Results; Data Curation and Processing; Sample Demographics; Assessors (Users) Data; Pain Data; Overall Sample; The Relationship Between Pain Scores/Categories/Groups and Facial AUs; Presence of Facial AUs and Predictability of High Pain Scores; Covariates; Gender and Facial AUs; Age and Facial AUs; Assessor Role and Aged Care Home/Service; Discussion; Strengths and Limitations; Clinical Implications; Conclusions; Data Availability Statement; Ethics Statement; Author Contributions; Conflict of Interest; Publisher's Note",11ef87af2ab264a4407eb198834f9a4918a7b372bdfcdbcfcab23a93244ee2a0,2026-09-12
PMC8968070,35372435,10.3389/fmed.2022.851690,research-article,Deep Learning-Based Pain Classifier Based on the Facial Expression in Critically Ill Patients,4066,yes,Background; Materials and Methods; Ethical Approval; Study Population; Video Sequences With Labeled Pain Grade Based on Facial Expression; Image Preprocessing; Image-Based Pain Classifiers; Video-Based Pain Classifiers; Statistical Analyses; Results; Patients' Characteristics; Performance of Image-Based Pain Classifiers; Performance of Video-Based Pain Classifiers and the Pain Classifier Without Reference; Discussion; Conclusion; Data Availability Statement; Ethics Statement; Author Contributions; Funding; Conflict of Interest; Publisher's Note,fcf580dd51165deb627e6be7c63ef813c05ab0280f5615f022a10fe8125e0d66,2026-09-12
PMC8972989,35382385,10.1007/s11227-022-04439-x,research-article,Full-convolution Siamese network algorithm under deep learning used in tracking of facial video image in newborns,6049,yes,Introduction; Literature review; Current research status of facial detection and recognition technologies; Current research status of facial tracking technology; Methods; Limitations of newborn facial video image recognition; Human facial detection algorithm; Analysis on human facial tracking algorithm; Shortcomings of human facial tracking technology; Convolutional neural network; SiamFC for human facial tracking; Construction of newborns FVIT model based on siamFC; Simulation experiment; Results and discussion; Performance analysis of the system model compared with different algorithms; Analysis on facial tracking effect of the constructed model; Discussion; Conclusion,d905acb045e357c4b8ca5f4372bc258e2ecaf6b92c14241b05436b9d33f2e186,2026-09-12
PMC8974881,35546868,10.1002/pne2.12007,research-article,Multimodal pain assessment improves discrimination between noxious and non‐noxious stimuli in infants,7120,yes,INTRODUCTION; METHODS; Study design; Subjects; Experimental procedures; Recording techniques; Facial expressions; Electrophysiological recordings; Oxygen saturation; Analysis; Facial expressions; ECG; Oxygen saturation; EMG; EEG; Random forest algorithm; Statistical analysis; RESULTS; Assessing different measures within individual modalities; Facial expression; Reflex withdrawal; Physiology; EEG; Relationships in a multimodal classification model; DISCUSSION; CONFLICT OF INTEREST; Supporting information; ACKNOWLEDGMENTS; REFERENCES; Associated Data; Supplementary Materials,a7aed38961b42cfed1a3cead952b3c4018047646d9b92cd3ab4c4d8fe7fac370,2026-09-12
PMC9264122,35737453,10.2196/36998,research-article,Improving Pain Assessment Using Vital Signs and Pain Medication for Patients With Sickle Cell Disease: Retrospective Study,7486,yes,Introduction; Background; Objective; Methods; Data; Background; Proposed Framework; Overview; Step A: Data Analysis; Step B: Deep Representation Learning; Step C: Predictive Modeling; Experimental Study; Ethics Approval; Results; Vital Signs; Vital Signs and Medicinal Data; Discussion; Principal Findings; Overview; Deep Representation Learning; Role of Medicinal Data; Visualization; Patient Profiles; Study Strengths; Limitations; Conclusions; Acknowledgments; Abbreviations; Footnotes; References,bbfc82555d4c4c9f3a8cd84cf00225b583618952e1f6a4c496b4d0186f781e29,2026-09-12
PMC9582446,36277167,10.3389/frai.2022.942248,research-article,Classification of elderly pain severity from automated video clip facial action unit analysis: A study from a Thai data repository,5197,yes,"Introduction; Overview; Background; Purpose; Methods; Study design; Study population; Data collection; Importing and preparing the dataset; Descriptive analysis; Classification models and model evaluation; Results; Descriptive analysis; Classification models and model evaluation; Discussion; Classification model; Strength, limitation, and the further implication; Conclusion; Data availability statement; Ethics statement; Author contributions; Funding; Conflict of interest; Publisher's note; Acknowledgments; Supplementary material; References; Associated Data; Supplementary Materials; Data Availability Statement",30d940bec4f7dc2150405f159eef6b630b17c750c9d7632dfc775b35c745dc28,2026-09-12
PMC9654781,36365785,10.3390/s22218087,research-article,Personalized Deep Bi-LSTM RNN Based Model for Pain Intensity Classification Using EDA Signal,4571,yes,1. Introduction; 2. Related Works; 3. Materials and Methods; 3.1. Cold Pain Experiment; 3.2. Data Preprocessing; 3.3. Deep Recurrent Neural Networks (RNN) Based Model; 3.4. BiLSTM-XGB Model for Multiclass Pain Classification; 3.5. Model Using Knowledge-Based Features Extracted from EDA Signal; 3.6. Model Using the Concatenation of Deep Representations and Hand-Engineered Features from EDA Signal; 3.7. Model Evaluation Metrics; 4. Results and Discussion; 5. Conclusions,f1081c49022c5237647f05dcb2b3e4c7a0a4ccf9963089245cc3183286d09191,2026-09-12
PMC9774603,36551010,10.3390/bioengineering9120804,research-article,Image-Based Pain Intensity Estimation Using Parallel CNNs with Regional Attention,5719,yes,1. Introduction; 2. Related Work; 2.1. Convolutional Neural Network; 2.2. Parallel CNNs; 2.3. Attention Mechanism; 3. Methods; 3.1. Parallel CNNs; 3.2. Insertion of the Attention Mechanism; 3.2.1. Spatial Attention; 3.2.2. Channel Attention; 3.3. Enhancement of Features; 3.3.1. Selection of Low-Correlation Channels; 3.3.2. Segmentation of Regions with Low Correlation; 3.3.3. Enhancement of the High-Correlation Features; 4. Experiments; 4.1. Preparation of UNBC; 4.2. Experiment on UNBC; 4.2.1. Ablation of the Attention Modules in the CNNA; 4.2.2. Ablation of the Model Structure; 4.2.3. Comparison with Other State-of-the-Art Methods; 5. Conclusions,5aa40883028538c0200cec1d8c246e4e2534601eaaa5a8821451161fe295600a,2026-09-12
PMC9919606,36772482,10.3390/s23031443,research-article,Using the Electrocardiogram for Pain Classification under Emotional Contexts,9908,yes,1. Introduction; Challenges and Goals; 2. Background and Related Works; 2.1. Related Work; 3. Materials and Methods; 3.1. Experimental Protocol for Data Collection; 3.1.1. Inclusion and Exclusion Criteria; 3.1.2. Ethical Considerations; 3.1.3. Experimental Procedure; 3.1.4. Data Collection Setup; CPT Tank System; Physiological Signal Collection; 3.1.5. Subjects; 3.2. Methods for Data Analysis; 3.2.1. ECG Filtering; 3.2.2. Feature Extraction and Normalization; 3.2.3. Classification Approaches; 3.2.4. Machine Learning Algorithms; 3.2.5. Evaluation Metrics; 4. Results; 4.1. Perception of Pain under Different Emotional Contexts; 4.2. Physiological Response of Pain under Different Emotional Contexts; 4.2.1. Dependent Approach; 4.2.2. Session-Independent Approach; 4.2.3. Participant-Independent Approach; 4.2.4. Feature Importance; Dependent Approach; Session-Independent Approach; Participant-Independent Approach; 5. Discussion; 6. Conclusions and Further Work; Acknowledgments; Author Contributions; Institutional Review Board Statement; Informed Consent Statement; Data Availability Statement; Conflicts of Interest; Funding Statement; Footnotes; References; Associated Data; Data Availability Statement,5834f964c57dbe85cc30bf1fbc359bb46b36339aacf8ad90d19183d2c5a27bc9,2026-09-12
PMC9960387,36850556,10.3390/s23041959,research-article,Explainable Artificial Intelligence (XAI) in Pain Research: Understanding the Role of Electrodermal Activity for Automated Pain Recognition,12752,yes,1. Introduction; 2. Materials and Methods; 2.1. Data; 2.1.1. Electrodermal Activity; 2.1.2. BioVid Heat Pain Database; 2.1.3. PainMonit Database; 2.2. Classification Based on Feature Engineering; 2.2.1. Feature Extraction; 2.2.2. Random Forest; 2.2.3. XAI in RFs; 2.3. Classification based on Feature Learning; 2.3.1. Preprocessing; 2.3.2. Multi-Layer Perceptron; 2.3.3. Convolutional Neural Network; 2.3.4. Convolutional Autoencoder; 2.3.5. Supervised Contrastive Learning; 2.3.6. Transformer Network; 2.3.7. MDK-Resnet Architecture; 2.3.8. Classification Step; 2.3.9. XAI in DL; 3. Results; 3.1. Comparison Study; 3.2. Interpretability Study; 4. Discussion; 5. Conclusions; Acknowledgments; Abbreviations; Appendix A; Appendix A.1. RF Parameters; Appendix A.2. Deep Learning Architectures; Appendix A.3. Further Grad-CAM Visualisation Examples; Appendix A.4. Elbow Method; Author Contributions; Institutional Review Board Statement; Informed Consent Statement; Data Availability Statement; Conflicts of Interest; Funding Statement; Footnotes; References; Associated Data; Data Availability Statement,dc20998c9f6bcb471fc79f1109f154f919549111d72901be046185c96adbaa6b,2026-09-12
PMC9972204,36780223,10.2196/41992,research-article,The Clinical Suitability of an Artificial Intelligence–Enabled Pain Assessment Tool for Use in Infants: Feasibility and Usability Evaluation Study,6419,yes,"Introduction; Methods; Ethics Approval; Study Design, Setting, and Inclusion Criteria; Clinimetric Evaluation; Feasibility and Utility Questionnaire; Feasibility Aspects; Results; Participants; Clinimetric Evaluation; Assessment of Feasibility Aspects; Patient Comprehensibility; Ease of Administration; Interpretability; User Feedback; Clinimetric Properties; Presentation of Pain Assessment Results; Length of the Outcome Measurement Instrument (OMI); Completion Time; Patient’s Mental Ability Level; Ease of Standardization; Clinicians’ Comprehensibility; Types of OMI; Cost of an OMI; Required Equipment; Type of Administration; Availability in Different Settings; Patient’s Physical Ability; Copyright; Regulatory Agency’s Requirement for Approval; Ease of Score Calculation; Discussion; Principal Findings; Conclusions; Acknowledgments; Abbreviations; Footnotes; References",62ebf0fbd0dea9f27744900deb26b5347d33625b5108c508242fa6568a0db8e6,2026-09-12
