record_id,study_id,model_id,ref_no,article_ref_no,doi,pmid,year,synthesis_role,population,pain_type,n_unique_subjects,n_sessions,n_windows,target_name,target_source,target_timing,modality,sensor,sampling_rate,missingness,preprocessing,segmentation,features,architecture,fusion,split_unit,outer_validation,inner_tuning,external_validation,person_level_validation,clinical_sample,metrics,confidence_intervals,calibration,uncertainty,subgroup_analysis,confounders,data_access,code_access,funding,conflicts,evidence_basis,evidence_url,reviewer_notes
R0003,S-10.3390/s23249675,M061-01,NR,NR,10.3390/s23249675,38139521,2023,diagnostic_or_prognostic_model,clinical human,clinical human,NR,NR,NR,pain-related state,NR,concurrent or study-defined; exact timing NR,face/video,face/video,NR,NR,NR,NR,NR,transformer,NA unimodal or NR,NR,NR,NR,NR,NR,yes,accuracy; F1; correlation,NR,NR,NR,NR,NR,NR,NR,NR,NR,PubMed record and PMC full text,https://pmc.ncbi.nlm.nih.gov/articles/PMC10747670/,Single-pass extraction; author verification required
R0005,S-10.1038/s41598-025-14238-y,M062-01,NR,NR,10.1038/s41598-025-14238-y,40796769,2025,diagnostic_or_prognostic_model,experimental human,experimental human,NR,NR,NR,pain-related state,experimental or clinical stimulus/procedure,concurrent or study-defined; exact timing NR,EDA/SP; ECG; face/video,EDA/SP; ECG; face/video,NR,NR,NR,NR,NR,transformer; RNN/LSTM; deep neural network,multimodal,external cohort/dataset,external cohort/dataset,NR,yes,yes,no,accuracy,NR,NR,NR,NR,NR,NR,NR,NR,NR,PubMed record and PMC full text,https://pmc.ncbi.nlm.nih.gov/articles/PMC12344049/,Single-pass extraction; author verification required
R0012,S-10.3390/diagnostics15202661,M063-01,NR,NR,10.3390/diagnostics15202661,41153333,2025,diagnostic_or_prognostic_model,clinical human,clinical human,NR,NR,NR,reported or annotated pain intensity,NR,concurrent or study-defined; exact timing NR,face/video; speech/audio,face/video; speech/audio,NR,NR,NR,NR,NR,deep neural network,multimodal,NR,NR,NR,NR,NR,yes,accuracy,NR,NR,NR,NR,NR,NR,NR,NR,NR,PubMed record and PMC full text,https://pmc.ncbi.nlm.nih.gov/articles/PMC12564096/,Single-pass extraction; author verification required
R0026,S-10.1186/s12904-024-01526-z,M064-01,NR,NR,10.1186/s12904-024-01526-z,39097739,2024,descriptive_validation,clinical cancer pain,clinical cancer pain,NR,NR,NR,reported or annotated pain intensity,participant self-report,concurrent or study-defined; exact timing NR,EDA/SP; ECG,EDA/SP; ECG,NR,NR,NR,NR,NR,NR,multimodal,NR,NR,NR,NR,NR,yes,sensitivity; correlation,NR,NR,NR,NR,NR,NR,NR,NR,NR,PubMed record and PMC full text,https://pmc.ncbi.nlm.nih.gov/articles/PMC11297625/,Single-pass extraction; author verification required
R0029,S-10.3389/fped.2026.1784197,M065-01,NR,NR,10.3389/fped.2026.1784197,42558820,2026,diagnostic_or_prognostic_model,clinical pediatric,clinical pediatric,104,NR,NR,pain-related state,NR,concurrent or study-defined; exact timing NR,face/video,face/video,NR,NR,NR,NR,NR,NR,NA unimodal or NR,NR,NR,NR,NR,NR,yes,accuracy; agreement/ICC,NR,NR,NR,NR,NR,NR,NR,NR,NR,PubMed record and PMC full text,https://pmc.ncbi.nlm.nih.gov/articles/PMC13438283/,Single-pass extraction; author verification required
R0031,S-10.1016/j.heliyon.2024.e41558,M066-01,NR,NR,10.1016/j.heliyon.2024.e41558,39845012,2025,diagnostic_or_prognostic_model,clinical pediatric,clinical pediatric,237,NR,NR,pain-related state,NR,concurrent or study-defined; exact timing NR,EDA/SP,EDA/SP,NR,NR,NR,NR,NR,random forest,NA unimodal or NR,NR,NR,NR,NR,NR,yes,accuracy; sensitivity,NR,NR,NR,NR,NR,NR,NR,NR,NR,PubMed record and PMC full text,https://pmc.ncbi.nlm.nih.gov/articles/PMC11750553/,Single-pass extraction; author verification required
R0033,S-10.1038/s41597-024-03878-w,M012-01,12,12,10.1038/s41597-024-03878-w,39333541,2024,dataset_descriptor,55 healthy experimental + 49 physiotherapy participants,experimental heat pain + clinical physiotherapy pain,104,NR,NR,self-report/CoVAS and NRS,participant self-report,concurrent or study-defined; exact timing NR,"EDA, ECG, BVP, EMG, respiration, temperature","EDA, ECG, BVP, EMG, respiration, temperature",NR,NR,NR,NR,NR,NR,NA unimodal or NR,NA descriptor,NA descriptor,NR,NA,NR,no,NR,NR,NA,NA,NR,PainMonit descriptor; PMCD usable N not reported,open/restricted terms,NR,NR,NR,curated evidence map and available report,https://pmc.ncbi.nlm.nih.gov/articles/PMC11436824/,PainMonit has separate experimental (n=55) and physiotherapy (n=49) parts
R0034,S-10.1056/nejmoa1204471,M030-01,30,32,10.1056/nejmoa1204471,23574118,2013,diagnostic_or_prognostic_model,acute healthy,acute healthy,114,NR,NR,evoked pain,NR,concurrent or study-defined; exact timing NR,fMRI,fMRI,NR,NR,NR,NR,NR,NR,NA unimodal or NR,independent cohorts,independent cohorts,NR,yes,yes,no,NR,NR,no,no,NR,Neurologic Pain Signature; not chronic-pain validation,controlled access,NR,NR,NR,curated evidence map and available report,https://pmc.ncbi.nlm.nih.gov/articles/PMC3691100/,Neurologic Pain Signature; not chronic-pain validation
R0043,S-10.11817/j.issn.1672-7347.2026.250554,M067-01,NR,NR,10.11817/j.issn.1672-7347.2026.250554,42032954,2026,scs_technical_control,SCS chronic pain,SCS chronic pain,21,NR,NR,reported or annotated pain intensity,participant self-report,concurrent or study-defined; exact timing NR,EEG,EEG,NR,NR,NR,NR,NR,SVM,NA unimodal or NR,NR,NR,NR,NR,NR,yes,accuracy; AUC; sensitivity; specificity; correlation,NR,NR,NR,NR,NR,NR,NR,NR,NR,PubMed record and PMC full text,https://pmc.ncbi.nlm.nih.gov/articles/PMC13071591/,Single-pass extraction; author verification required
R0050,S-10.1111/nicc.70478,M059-01,59,49,10.1111/nicc.70478,41983382,2026,diagnostic_or_prognostic_model,clinical ICU,clinical ICU,120,NR,NR,expert-annotated facial pain severity,reported in PubMed abstract/full text,concurrent or study-defined; exact timing NR,facial images,facial images,NR,NR,NR,NR,NR,SVM; random forest; deep neural network,NA unimodal or NR,split unit NR,split unit NR,NR,no,NR,yes,accuracy; AUC; sensitivity; F1; agreement/ICC,NR,no,no,NR,636 images; inter-rater kappa 0.16,article,NR,NR,NR,curated evidence map and available report,https://pmc.ncbi.nlm.nih.gov/articles/PMC13080763/,Assessment of Pain Intensity Using Deep Learning Models in Non-Communicative Intensive Care Patients. 636 images; inter-rater kappa 0.16
R0055,S-10.1007/978-3-031-16437-8_72,M144-01,NR,NR,10.1007/978-3-031-16437-8_72,36939418,2022,diagnostic_or_prognostic_model,clinical intensive care,clinical intensive care,NR,NR,NR,reported or annotated pain intensity,NR,concurrent or study-defined; exact timing NR,face/video; movement/IMU,face/video; movement/IMU,NR,NR,NR,NR,NR,NR,multimodal,NR,NR,NR,NR,NR,yes,accuracy; AUC,NR,NR,NR,NR,NR,NR,NR,NR,NR,PubMed record and PMC full text,https://pmc.ncbi.nlm.nih.gov/articles/PMC10018439/,Single-pass extraction; author verification required
R0059,S-10.3390/biomimetics11010051,M068-01,NR,NR,10.3390/biomimetics11010051,41589968,2026,diagnostic_or_prognostic_model,clinical human,clinical human,NR,NR,NR,pain-related state,participant self-report,concurrent or study-defined; exact timing NR,face/video,face/video,NR,NR,NR,NR,NR,CNN; deep neural network,NA unimodal or NR,explicit person-level evaluation,explicit person-level evaluation,NR,NR,yes,yes,accuracy; F1,NR,NR,NR,NR,NR,NR,NR,NR,NR,PubMed record and PMC full text,https://pmc.ncbi.nlm.nih.gov/articles/PMC12838980/,Single-pass extraction; author verification required
R0060,S-10.1177/20552076241259664,M069-01,NR,NR,10.1177/20552076241259664,38846372,2024,diagnostic_or_prognostic_model,clinical human,clinical human,NR,NR,NR,observed pain behavior,participant self-report,concurrent or study-defined; exact timing NR,face/video,face/video,NR,NR,NR,NR,NR,deep neural network,NA unimodal or NR,NR,NR,NR,NR,NR,yes,accuracy; sensitivity; specificity; F1,NR,NR,NR,NR,NR,NR,NR,NR,NR,PubMed record and PMC full text,https://pmc.ncbi.nlm.nih.gov/articles/PMC11155325/,Single-pass extraction; author verification required
R0064,S-10.1109/embc.2018.8512389,M145-01,NR,NR,10.1109/embc.2018.8512389,30440413,2018,diagnostic_or_prognostic_model,clinical human,clinical human,NR,NR,NR,pain-related state,NR,concurrent or study-defined; exact timing NR,EDA/SP,EDA/SP,NR,NR,NR,NR,NR,NR,NA unimodal or NR,NR,NR,NR,NR,NR,yes,sensitivity; specificity,NR,NR,NR,NR,NR,NR,NR,NR,NR,PubMed record and PMC full text,https://pmc.ncbi.nlm.nih.gov/articles/PMC6436808/,Single-pass extraction; author verification required
R0065,S-PMID-30713485,M146-01,NR,NR,NR,30713485,2018,diagnostic_or_prognostic_model,clinical pediatric,clinical pediatric,NR,NR,NR,observed pain behavior,NR,concurrent or study-defined; exact timing NR,face/video; movement/IMU,face/video; movement/IMU,NR,NR,NR,NR,NR,NR,multimodal,NR,NR,NR,NR,NR,yes,AUC,NR,NR,NR,NR,NR,NR,NR,NR,NR,PubMed record and PMC full text,https://pmc.ncbi.nlm.nih.gov/articles/PMC6352979/,Single-pass extraction; author verification required
R0066,S-10.1038/s41598-025-97885-5,M070-01,NR,NR,10.1038/s41598-025-97885-5,40251301,2025,diagnostic_or_prognostic_model,clinical human,clinical human,160,NR,NR,reported or annotated pain intensity,participant self-report,concurrent or study-defined; exact timing NR,face/video,face/video,NR,NR,NR,NR,NR,RNN/LSTM; deep neural network,NA unimodal or NR,NR,NR,NR,NR,NR,yes,accuracy; sensitivity; F1,NR,NR,NR,NR,NR,NR,NR,NR,NR,PubMed record and PMC full text,https://pmc.ncbi.nlm.nih.gov/articles/PMC12008390/,Single-pass extraction; author verification required
R0072,S-10.1038/s41598-026-57148-3,M071-01,NR,NR,10.1038/s41598-026-57148-3,42288571,2026,diagnostic_or_prognostic_model,clinical intensive care,clinical intensive care,NR,NR,NR,observed pain behavior,NR,concurrent or study-defined; exact timing NR,PPG/BVP/cardiorespiratory; face/video,PPG/BVP/cardiorespiratory; face/video,NR,NR,NR,NR,NR,NR,multimodal,NR,NR,NR,NR,NR,yes,accuracy; F1,NR,NR,NR,NR,NR,NR,NR,NR,NR,PubMed record and PMC full text,https://pmc.ncbi.nlm.nih.gov/articles/PMC13522443/,Single-pass extraction; author verification required
R0074,S-10.1038/s41598-025-09046-3,M072-01,NR,NR,10.1038/s41598-025-09046-3,40595349,2025,diagnostic_or_prognostic_model,clinical human,clinical human,NR,NR,NR,pain-related state,NR,concurrent or study-defined; exact timing NR,face/video; speech/audio,face/video; speech/audio,NR,NR,NR,NR,NR,RNN/LSTM,multimodal,independent cohort or cross-dataset evaluation,independent cohort or cross-dataset evaluation,NR,yes,yes,yes,accuracy,NR,NR,NR,NR,NR,NR,NR,NR,NR,PubMed record and PMC full text,https://pmc.ncbi.nlm.nih.gov/articles/PMC12218136/,Single-pass extraction; author verification required
R0077,S-10.3390/s21093273,M073-01,NR,NR,10.3390/s21093273,34068462,2021,diagnostic_or_prognostic_model,experimental human,experimental human,NR,NR,NR,reported or annotated pain intensity,experimental or clinical stimulus/procedure,concurrent or study-defined; exact timing NR,face/video,face/video,NR,NR,NR,NR,NR,CNN; random forest,NA unimodal or NR,NR,NR,NR,NR,NR,no,NR,NR,NR,NR,NR,NR,NR,NR,NR,NR,PubMed record and PMC full text,https://pmc.ncbi.nlm.nih.gov/articles/PMC8125973/,Single-pass extraction; author verification required
R0079,S-10.1371/journal.pdig.0001301,M074-01,NR,NR,10.1371/journal.pdig.0001301,41894538,2026,diagnostic_or_prognostic_model,clinical neonatal/infant,clinical neonatal/infant,428,NR,NR,observed pain behavior,participant self-report,concurrent or study-defined; exact timing NR,face/video; speech/audio,face/video; speech/audio,NR,NR,NR,NR,NR,CNN; transformer; deep neural network,multimodal,NR,NR,NR,NR,NR,yes,accuracy; MAE; correlation,NR,NR,NR,NR,NR,NR,NR,NR,NR,PubMed record and PMC full text,https://pmc.ncbi.nlm.nih.gov/articles/PMC13029810/,Single-pass extraction; author verification required
R0083,S-10.3389/fmed.2024.1309720,M075-01,NR,NR,10.3389/fmed.2024.1309720,38994344,2024,diagnostic_or_prognostic_model,clinical intensive care,clinical intensive care,NR,NR,NR,observed pain behavior,observer or clinical scale,concurrent or study-defined; exact timing NR,face/video; movement/IMU,face/video; movement/IMU,NR,NR,NR,NR,NR,NR,multimodal,LOSO/LOPO,LOSO/LOPO,NR,no,yes,yes,AUC; sensitivity; specificity,NR,NR,NR,NR,NR,NR,NR,NR,NR,PubMed record and PMC full text,https://pmc.ncbi.nlm.nih.gov/articles/PMC11236545/,Single-pass extraction; author verification required
R0084,S-10.3390/bioengineering13020141,M076-01,NR,NR,10.3390/bioengineering13020141,41749681,2026,diagnostic_or_prognostic_model,human population NR,human population NR,NR,NR,NR,pain-related state,NR,concurrent or study-defined; exact timing NR,EMG,EMG,NR,NR,NR,NR,NR,gradient boosting,NA unimodal or NR,NR,NR,NR,NR,NR,no,sensitivity,NR,NR,NR,NR,NR,NR,NR,NR,NR,PubMed record and PMC full text,https://pmc.ncbi.nlm.nih.gov/articles/PMC12938521/,Single-pass extraction; author verification required
R0088,S-10.1145/3449068,M044-01,44,31,10.1145/3449068,NR,2021,diagnostic_or_prognostic_model,chronic low-back pain,chronic low-back pain,30,NR,NR,protective behavior,NR,concurrent or study-defined; exact timing NR,"IMU, EMG","IMU, EMG",NR,NR,NR,NR,NR,deep neural network,NA unimodal or NR,LOSO,LOSO,NR,no,yes,no,NR,NR,no,no,NR,Behavior is not subjective intensity,request,NR,NR,NR,curated evidence map and available report,https://doi.org/10.1145/3449068,Behavior is not subjective intensity
R0089,S-10.1038/s41598-025-13433-1,M077-01,NR,NR,10.1038/s41598-025-13433-1,40745441,2025,diagnostic_or_prognostic_model,experimental human,experimental human,NR,NR,NR,reported or annotated pain intensity,participant self-report,concurrent or study-defined; exact timing NR,EEG; fMRI/MRI; movement/IMU,EEG; fMRI/MRI; movement/IMU,NR,NR,NR,NR,NR,random forest; gradient boosting,multimodal,NR,NR,NR,NR,NR,no,accuracy,NR,NR,NR,NR,NR,NR,NR,NR,NR,PubMed record and PMC full text,https://pmc.ncbi.nlm.nih.gov/articles/PMC12314105/,Single-pass extraction; author verification required
R0090,S-10.1371/journal.pone.0337726,M053-01,53,43,10.1371/journal.pone.0337726,41348694,2025,scs_prediction_or_longitudinal,SCS + chronic pain + controls,SCS + chronic pain + controls,75,NR,NR,group/SCS response,participant self-report,concurrent or study-defined; exact timing NR,MEG,MEG,NR,NR,NR,NR,NR,NR,NA unimodal or NR,patient-level CV,patient-level CV,NR,no,yes,yes,accuracy; correlation,NR,no,no,NR,Weak association with NRS in SCS group,closed,NR,NR,NR,curated evidence map and available report,https://pmc.ncbi.nlm.nih.gov/articles/PMC12680202/,Weak association with NRS in SCS group
R0091,S-10.3389/frai.2022.942248,M078-01,NR,NR,10.3389/frai.2022.942248,36277167,2022,diagnostic_or_prognostic_model,clinical dementia,clinical dementia,NR,NR,NR,observed pain behavior,observer or clinical scale,concurrent or study-defined; exact timing NR,face/video,face/video,NR,NR,NR,NR,NR,SVM; logistic regression,NA unimodal or NR,NR,NR,NR,NR,NR,yes,accuracy,NR,NR,NR,NR,NR,NR,NR,NR,NR,PubMed record and PMC full text,https://pmc.ncbi.nlm.nih.gov/articles/PMC9582446/,Single-pass extraction; author verification required
R0092,S-10.1038/s41598-025-12476-8,M079-01,NR,NR,10.1038/s41598-025-12476-8,40731063,2025,diagnostic_or_prognostic_model,experimental human,experimental human,NR,NR,NR,reported or annotated pain intensity,experimental or clinical stimulus/procedure,concurrent or study-defined; exact timing NR,EDA/SP; ECG; PPG/BVP/cardiorespiratory; face/video,EDA/SP; ECG; PPG/BVP/cardiorespiratory; face/video,NR,NR,NR,NR,NR,SVM; random forest; logistic regression,multimodal,NR,NR,NR,NR,NR,no,accuracy,NR,NR,NR,NR,NR,NR,NR,NR,NR,PubMed record and PMC full text,https://pmc.ncbi.nlm.nih.gov/articles/PMC12307811/,Single-pass extraction; author verification required
R0102,S-10.1038/s41598-024-71278-6,M080-01,NR,NR,10.1038/s41598-024-71278-6,39223215,2024,diagnostic_or_prognostic_model,clinical neonatal/infant,clinical neonatal/infant,NR,NR,NR,observed pain behavior,experimental or clinical stimulus/procedure,concurrent or study-defined; exact timing NR,face/video,face/video,NR,NR,NR,NR,NR,NR,NA unimodal or NR,NR,NR,NR,NR,NR,yes,correlation,NR,NR,NR,NR,NR,NR,NR,NR,NR,PubMed record and PMC full text,https://pmc.ncbi.nlm.nih.gov/articles/PMC11369161/,Single-pass extraction; author verification required
R0106,S-10.3390/s21144838,M081-01,NR,NR,10.3390/s21144838,34300578,2021,diagnostic_or_prognostic_model,human population NR,human population NR,52,NR,NR,pain-related state,participant self-report,concurrent or study-defined; exact timing NR,NR,NR,NR,NR,NR,NR,NR,deep neural network,NA unimodal or NR,NR,NR,NR,NR,NR,no,NR,NR,NR,NR,NR,NR,NR,NR,NR,NR,PubMed record and PMC full text,https://pmc.ncbi.nlm.nih.gov/articles/PMC8309734/,Single-pass extraction; author verification required
R0108,S-10.1016/j.pain.2011.11.023,M032-01,32,35,10.1016/j.pain.2011.11.023,NR,2012,scs_technical_control,SCS chronic pain,SCS chronic pain,NR,NR,NR,ECAP/recruitment,recorded evoked neural response,concurrent or study-defined; exact timing NR,spinal ECAP,spinal ECAP,NR,NR,NR,NR,NR,NR,NA unimodal or NR,NA physiology,NA physiology,NR,no,NR,yes,NR,NR,NA,NA,NR,"ECAP is recruitment, not pain intensity",NR,NR,NR,NR,curated evidence map and available report,https://doi.org/10.1016/j.pain.2011.11.023,"ECAP is recruitment, not pain intensity"
R0110,S-10.3390/s26102947,M057-01,57,47,10.3390/s26102947,42197756,2026,diagnostic_or_prognostic_model,acute healthy,acute healthy,65,NR,NR,three pain levels,reported in PubMed abstract/full text,concurrent or study-defined; exact timing NR,fNIRS,fNIRS,NR,NR,NR,NR,NR,NR,NA unimodal or NR,LOSO,LOSO,NR,no,yes,no,NR,NR,no,no,NR,High-pain recall about 50 percent despite 69.6 percent accuracy,open article,NR,NR,NR,curated evidence map and available report,https://pmc.ncbi.nlm.nih.gov/articles/PMC13210414/,Connectivity-Based Pain Recognition from fNIRS: Parsimonious Subject-Independent Classification. High-pain recall about 50 percent despite 69.6 percent accuracy
R0111,S-10.1038/s41598-025-02247-w,M082-01,NR,NR,10.1038/s41598-025-02247-w,40382393,2025,dataset_descriptor,clinical intensive care,clinical intensive care,53,NR,NR,pain-related state,NR,concurrent or study-defined; exact timing NR,face/video,face/video,NR,NR,NR,NR,NR,deep neural network,NA unimodal or NR,NR,NR,NR,NR,NR,yes,accuracy; F1,NR,NR,NR,NR,NR,NR,NR,NR,NR,PubMed record and PMC full text,https://pmc.ncbi.nlm.nih.gov/articles/PMC12085662/,Single-pass extraction; author verification required
R0113,S-10.1109/bibm47256.2019.8983282,M147-01,NR,NR,10.1109/bibm47256.2019.8983282,32793402,2019,diagnostic_or_prognostic_model,human population NR,human population NR,NR,NR,NR,pain-related state,NR,concurrent or study-defined; exact timing NR,movement/IMU,movement/IMU,NR,NR,NR,NR,NR,NR,NA unimodal or NR,NR,NR,NR,NR,NR,no,correlation,NR,NR,NR,NR,NR,NR,NR,NR,NR,PubMed record and PMC full text,https://pmc.ncbi.nlm.nih.gov/articles/PMC7423325/,Single-pass extraction; author verification required
R0114,S-10.1136/bmjhci-2024-101283,M083-01,NR,NR,10.1136/bmjhci-2024-101283,41274668,2025,diagnostic_or_prognostic_model,clinical intensive care,clinical intensive care,32,NR,NR,pain-related state,observer or clinical scale,concurrent or study-defined; exact timing NR,PPG/BVP/cardiorespiratory; face/video; speech/audio; movement/IMU,PPG/BVP/cardiorespiratory; face/video; speech/audio; movement/IMU,NR,NR,NR,NR,NR,NR,multimodal,NR,NR,NR,NR,NR,yes,correlation; agreement/ICC,reported,NR,NR,NR,NR,NR,NR,NR,NR,PubMed record and PMC full text,https://pmc.ncbi.nlm.nih.gov/articles/PMC12658508/,Single-pass extraction; author verification required
R0118,S-10.1038/s41597-025-05982-x,M022-01,22,22,10.1038/s41597-025-05982-x,41145516,2025,dataset_descriptor,39 healthy volunteers; pain and motor tasks,experimental thermal pain; separate motor task,39,NR,NR,NRS intensity/unpleasantness,experimental or clinical stimulus/procedure,concurrent or study-defined; exact timing NR,"brain-spinal fMRI, pulse, respiration","brain-spinal fMRI, pulse, respiration",NR,NR,NR,NR,NR,NR,NA unimodal or NR,NA descriptor,NA descriptor,NR,NA,NR,no,NR,NR,NA,NA,NR,CoSpine pain cohort; motor cohort is separate,open,NR,NR,NR,curated evidence map and available report,https://pmc.ncbi.nlm.nih.gov/articles/PMC12559740/,"CoSpine is an experimental healthy-volunteer dataset, not a clinical pain cohort"
R0123,S-10.1038/s41598-024-82631-0,M084-01,NR,NR,10.1038/s41598-024-82631-0,39732802,2024,diagnostic_or_prognostic_model,clinical neonatal/infant,clinical neonatal/infant,107,NR,NR,pain-related state,experimental or clinical stimulus/procedure,concurrent or study-defined; exact timing NR,EEG,EEG,NR,NR,NR,NR,NR,SVM,NA unimodal or NR,NR,NR,NR,NR,NR,yes,accuracy,NR,NR,NR,NR,NR,NR,NR,NR,NR,PubMed record and PMC full text,https://pmc.ncbi.nlm.nih.gov/articles/PMC11682341/,Single-pass extraction; author verification required
R0125,S-10.3389/fncom.2016.00032,M085-01,NR,NR,10.3389/fncom.2016.00032,27148029,2016,diagnostic_or_prognostic_model,experimental human,experimental human,NR,NR,NR,reported or annotated pain intensity,participant self-report,concurrent or study-defined; exact timing NR,EEG; fMRI/MRI,EEG; fMRI/MRI,NR,NR,NR,NR,NR,SVM,multimodal,NR,NR,NR,NR,NR,no,NR,NR,NR,NR,NR,NR,NR,NR,NR,NR,PubMed record and PMC full text,https://pmc.ncbi.nlm.nih.gov/articles/PMC4830829/,Single-pass extraction; author verification required
R0128,S-10.3389/fmed.2022.851690,M086-01,NR,NR,10.3389/fmed.2022.851690,35372435,2022,diagnostic_or_prognostic_model,clinical human,clinical human,63,NR,NR,pain-related state,NR,concurrent or study-defined; exact timing NR,face/video,face/video,NR,NR,NR,NR,NR,CNN; RNN/LSTM; deep neural network,NA unimodal or NR,NR,NR,NR,NR,NR,yes,accuracy; sensitivity; F1,NR,NR,NR,NR,NR,NR,NR,NR,NR,PubMed record and PMC full text,https://pmc.ncbi.nlm.nih.gov/articles/PMC8968070/,Single-pass extraction; author verification required
R0131,S-10.1097/j.pain.0000000000002900,M087-01,NR,NR,10.1097/j.pain.0000000000002900,37146182,2023,diagnostic_or_prognostic_model,clinical neonatal/infant,clinical neonatal/infant,4104,NR,NR,pain-related state,NR,concurrent or study-defined; exact timing NR,face/video; movement/IMU,face/video; movement/IMU,NR,NR,NR,NR,NR,deep neural network,multimodal,NR,NR,NR,NR,NR,yes,accuracy; F1,NR,NR,NR,NR,NR,NR,NR,NR,NR,PubMed record and PMC full text,https://pmc.ncbi.nlm.nih.gov/articles/PMC10436358/,Single-pass extraction; author verification required
R0132,S-10.1109/fg.2018.00044,M021-01,21,21,10.1109/fg.2018.00044,NR,2018,dataset_descriptor,acute healthy,acute healthy,20,NR,NR,electrical stimulus class,NR,concurrent or study-defined; exact timing NR,"RGB, depth, thermal","RGB, depth, thermal",NR,NR,NR,NR,NR,NR,NA unimodal or NR,NA descriptor,NA descriptor,NR,NA,NR,no,NR,NR,NA,NA,NR,MIntPAIN,request/EULA,NR,NR,NR,curated evidence map and available report,https://doi.org/10.1109/fg.2018.00044,MIntPAIN
R0137,S-10.3389/fneur.2023.1195923,M088-01,NR,NR,10.3389/fneur.2023.1195923,37333009,2023,diagnostic_or_prognostic_model,clinical chronic pain,clinical chronic pain,20,NR,NR,pain-related state,NR,concurrent or study-defined; exact timing NR,fMRI/MRI; face/video,fMRI/MRI; face/video,NR,NR,NR,NR,NR,CNN; deep neural network,multimodal,NR,NR,NR,NR,NR,yes,accuracy,NR,NR,NR,NR,NR,NR,NR,NR,NR,PubMed record and PMC full text,https://pmc.ncbi.nlm.nih.gov/articles/PMC10273207/,Single-pass extraction; author verification required
R0138,S-10.1371/journal.pone.0235545,M089-01,NR,NR,10.1371/journal.pone.0235545,32645045,2020,diagnostic_or_prognostic_model,experimental human,experimental human,NR,NR,NR,reported or annotated pain intensity,participant self-report,concurrent or study-defined; exact timing NR,EMG; face/video,EMG; face/video,NR,NR,NR,NR,NR,NR,multimodal,NR,NR,NR,NR,NR,no,NR,NR,NR,NR,NR,NR,NR,NR,NR,NR,PubMed record and PMC full text,https://pmc.ncbi.nlm.nih.gov/articles/PMC7347182/,Single-pass extraction; author verification required
R0146,S-10.1227/neu.0000000000001855,M034-01,34,37,10.1227/neu.0000000000001855,35179133,2022,scs_prediction_or_longitudinal,SCS chronic pain,SCS chronic pain,151,NR,NR,treatment response,predefined clinical follow-up outcome,concurrent or study-defined; exact timing NR,clinical variables,clinical variables,NR,NR,NR,NR,NR,random forest; gradient boosting; logistic regression,NA unimodal or NR,nested CV,nested CV,NR,no,yes,yes,AUC,NR,no,no,NR,No independent external validation,closed,NR,NR,NR,curated evidence map and available report,https://pmc.ncbi.nlm.nih.gov/articles/PMC9514733/,No independent external validation
R0153,S-10.7717/peerj-cs.3158,M090-01,NR,NR,10.7717/peerj-cs.3158,40989383,2025,diagnostic_or_prognostic_model,clinical human,clinical human,NR,NR,NR,pain-related state,participant self-report,concurrent or study-defined; exact timing NR,face/video,face/video,NR,NR,NR,NR,NR,transformer,NA unimodal or NR,NR,NR,NR,NR,NR,yes,NR,NR,NR,NR,NR,NR,NR,NR,NR,NR,PubMed record and PMC full text,https://pmc.ncbi.nlm.nih.gov/articles/PMC12453799/,Single-pass extraction; author verification required
R0155,S-10.1136/rapm-2023-104639,M091-01,NR,NR,10.1136/rapm-2023-104639,37491149,2024,scs_technical_control,SCS chronic pain,SCS chronic pain,67,NR,NR,ECAP/recruitment,recorded evoked neural response,concurrent or study-defined; exact timing NR,ECAP; movement/IMU,ECAP; movement/IMU,NR,NR,NR,NR,NR,NR,multimodal,person-level split,person-level split,NR,no,yes,yes,NR,reported,NR,NR,NR,NR,NR,NR,NR,NR,PubMed record and PMC full text,https://pmc.ncbi.nlm.nih.gov/articles/PMC11041592/,Single-pass extraction; author verification required
R0158,S-10.1093/pm/pnaf058,M092-01,NR,NR,10.1093/pm/pnaf058,40378232,2025,scs_technical_control,SCS chronic pain,SCS chronic pain,28,NR,NR,ECAP/recruitment,recorded evoked neural response,concurrent or study-defined; exact timing NR,ECAP; movement/IMU,ECAP; movement/IMU,NR,NR,NR,NR,NR,NR,multimodal,NR,NR,NR,NR,NR,yes,NR,NR,NR,NR,NR,NR,NR,NR,NR,NR,PubMed record and PMC full text,https://pmc.ncbi.nlm.nih.gov/articles/PMC12585107/,Single-pass extraction; author verification required
R0159,S-10.1111/papr.13008,M093-01,NR,NR,10.1111/papr.13008,33768664,2021,scs_technical_control,SCS chronic pain,SCS chronic pain,NR,NR,NR,ECAP/recruitment,recorded evoked neural response,concurrent or study-defined; exact timing NR,ECAP,ECAP,NR,NR,NR,NR,NR,NR,NA unimodal or NR,NR,NR,NR,NR,NR,yes,NR,NR,NR,NR,NR,NR,NR,NR,NR,NR,PubMed record and PMC full text,https://pmc.ncbi.nlm.nih.gov/articles/PMC8359972/,Single-pass extraction; author verification required
R0160,S-10.1097/brs.0000000000005445,M094-01,NR,NR,10.1097/brs.0000000000005445,40590186,2025,scs_technical_control,SCS chronic pain,SCS chronic pain,68,NR,NR,ECAP/recruitment,recorded evoked neural response,concurrent or study-defined; exact timing NR,ECAP; movement/IMU,ECAP; movement/IMU,NR,NR,NR,NR,NR,NR,multimodal,NR,NR,NR,NR,NR,yes,accuracy,NR,NR,NR,reported,NR,NR,NR,NR,NR,PubMed record and PMC full text,https://pmc.ncbi.nlm.nih.gov/articles/PMC12594148/,Single-pass extraction; author verification required
R0161,S-10.1136/rapm-2023-104751,M095-01,NR,NR,10.1136/rapm-2023-104751,37640452,2024,scs_technical_control,SCS chronic pain,SCS chronic pain,NR,NR,NR,ECAP/recruitment,recorded evoked neural response,concurrent or study-defined; exact timing NR,ECAP; movement/IMU,ECAP; movement/IMU,NR,NR,NR,NR,NR,NR,multimodal,NR,NR,NR,NR,NR,yes,accuracy,reported,NR,NR,NR,NR,NR,NR,NR,NR,PubMed record and PMC full text,https://pmc.ncbi.nlm.nih.gov/articles/PMC11103285/,Single-pass extraction; author verification required
R0162,S-10.1016/j.neuroimage.2026.122002,M096-01,NR,NR,10.1016/j.neuroimage.2026.122002,42134463,2026,scs_prediction_or_longitudinal,SCS chronic pain,SCS chronic pain,16,NR,NR,reported or annotated pain intensity,participant self-report,concurrent or study-defined; exact timing NR,EEG,EEG,NR,NR,NR,NR,NR,NR,NA unimodal or NR,NR,NR,NR,NR,NR,yes,NR,NR,NR,NR,NR,NR,NR,NR,NR,NR,PubMed record and PMC full text,https://pmc.ncbi.nlm.nih.gov/articles/PMC13276974/,Single-pass extraction; author verification required
R0173,S-10.2147/jpr.s491574,M097-01,NR,NR,10.2147/jpr.s491574,39540033,2024,diagnostic_or_prognostic_model,clinical human,clinical human,NR,NR,NR,reported or annotated pain intensity,NR,concurrent or study-defined; exact timing NR,face/video,face/video,NR,NR,NR,NR,NR,NR,NA unimodal or NR,independent cohort or cross-dataset evaluation,independent cohort or cross-dataset evaluation,NR,yes,yes,yes,F1,NR,NR,NR,NR,NR,NR,NR,NR,NR,PubMed record and PMC full text,https://pmc.ncbi.nlm.nih.gov/articles/PMC11559421/,Single-pass extraction; author verification required
R0174,S-10.1038/s41598-025-04552-w,M098-01,NR,NR,10.1038/s41598-025-04552-w,40461564,2025,diagnostic_or_prognostic_model,human population NR,human population NR,NR,NR,NR,reported or annotated pain intensity,NR,concurrent or study-defined; exact timing NR,face/video; movement/IMU,face/video; movement/IMU,NR,NR,NR,NR,NR,deep neural network,multimodal,external cohort/dataset,external cohort/dataset,NR,yes,yes,no,accuracy,NR,NR,NR,NR,NR,NR,NR,NR,NR,PubMed record and PMC full text,https://pmc.ncbi.nlm.nih.gov/articles/PMC12134349/,Single-pass extraction; author verification required
R0177,S-10.1093/ageing/afaf027,M099-01,NR,NR,10.1093/ageing/afaf027,39967417,2025,descriptive_validation,clinical dementia,clinical dementia,NR,NR,NR,pain-related state,observer or clinical scale,concurrent or study-defined; exact timing NR,face/video; movement/IMU,face/video; movement/IMU,NR,NR,NR,NR,NR,NR,multimodal,NR,NR,NR,NR,NR,yes,NR,reported,NR,NR,NR,NR,NR,NR,NR,NR,PubMed record and PMC full text,https://pmc.ncbi.nlm.nih.gov/articles/PMC11836425/,Single-pass extraction; author verification required
R0178,S-10.1088/1741-2552/aceca4,M048-01,48,40,10.1088/1741-2552/aceca4,37531954,2023,scs_technical_control,SCS chronic pain,SCS chronic pain,56,NR,NR,ECAP features/recruitment,recorded evoked neural response,concurrent or study-defined; exact timing NR,"ECAP, posture","ECAP, posture",NR,NR,NR,NR,NR,NR,NA unimodal or NR,patient library,patient library,NR,no,NR,yes,NR,NR,NA,NA,NR,Posture and pulse width alter ECAP,closed,NR,NR,NR,curated evidence map and available report,https://doi.org/10.1088/1741-2552/aceca4,Posture and pulse width alter ECAP
R0181,S-10.3390/s23083980,M100-01,NR,NR,10.3390/s23083980,37112321,2023,diagnostic_or_prognostic_model,experimental human,experimental human,NR,NR,NR,reported or annotated pain intensity,participant self-report,concurrent or study-defined; exact timing NR,PPG/BVP/cardiorespiratory,PPG/BVP/cardiorespiratory,NR,NR,NR,NR,NR,deep neural network,NA unimodal or NR,LOSO/LOPO,LOSO/LOPO,NR,no,yes,no,accuracy; sensitivity; specificity,NR,NR,NR,NR,NR,NR,NR,NR,NR,PubMed record and PMC full text,https://pmc.ncbi.nlm.nih.gov/articles/PMC10143826/,Single-pass extraction; author verification required
R0182,S-10.3389/fnins.2022.831627,M101-01,NR,NR,10.3389/fnins.2022.831627,35221908,2022,diagnostic_or_prognostic_model,experimental human,experimental human,NR,NR,NR,reported or annotated pain intensity,experimental or clinical stimulus/procedure,concurrent or study-defined; exact timing NR,PPG/BVP/cardiorespiratory; EMG; EEG; face/video; movement/IMU,PPG/BVP/cardiorespiratory; EMG; EEG; face/video; movement/IMU,NR,NR,NR,NR,NR,NR,multimodal,NR,NR,NR,NR,NR,no,NR,NR,NR,NR,NR,NR,NR,NR,NR,NR,PubMed record and PMC full text,https://pmc.ncbi.nlm.nih.gov/articles/PMC8874020/,Single-pass extraction; author verification required
R0184,S-10.1088/2057-1976/ae34b4,M060-01,60,50,10.1088/2057-1976/ae34b4,41499809,2026,stimulus_recognition,acute healthy,acute healthy,50,NR,NR,low/high stimulus pain,reported in PubMed abstract/full text,concurrent or study-defined; exact timing NR,EEG,EEG,NR,NR,NR,NR,NR,NR,NA unimodal or NR,LOSO,LOSO,NR,no,yes,no,NR,NR,no,no,NR,Subject-independent but single dataset,article,NR,NR,NR,curated evidence map and available report,https://doi.org/10.1088/2057-1976/ae34b4,Explainable AI for Pain Perception: Subject-Independent EEG Decoding. Subject-independent but single dataset
R0185,S-10.3390/s23041959,M102-01,NR,NR,10.3390/s23041959,36850556,2023,diagnostic_or_prognostic_model,human population NR,human population NR,NR,NR,NR,pain-related state,NR,concurrent or study-defined; exact timing NR,EDA/SP,EDA/SP,NR,NR,NR,NR,NR,random forest; deep neural network,NA unimodal or NR,NR,NR,NR,NR,NR,no,accuracy,NR,NR,NR,NR,NR,NR,NR,NR,NR,PubMed record and PMC full text,https://pmc.ncbi.nlm.nih.gov/articles/PMC9960387/,Single-pass extraction; author verification required
R0187,S-10.1371/journal.pone.0254108,M027-01,27,27,10.1371/journal.pone.0254108,34242325,2021,diagnostic_or_prognostic_model,acute healthy,acute healthy,85,NR,NR,pain intensity,participant self-report,concurrent or study-defined; exact timing NR,physiological signals,physiological signals,NR,NR,NR,NR,NR,gradient boosting; deep neural network,NA unimodal or NR,LOPO,LOPO,NR,no,yes,no,MAE; RMSE,NR,NR,no,NR,Normalization of held-out subject may be transductive,features open,NR,NR,NR,curated evidence map and available report,https://pmc.ncbi.nlm.nih.gov/articles/PMC8270203/,Normalization of held-out subject may be transductive
R0188,S-10.3390/s19204503,M103-01,NR,NR,10.3390/s19204503,31627305,2019,diagnostic_or_prognostic_model,experimental human,experimental human,NR,NR,NR,reported or annotated pain intensity,NR,concurrent or study-defined; exact timing NR,EDA/SP,EDA/SP,NR,NR,NR,NR,NR,deep neural network,NA unimodal or NR,LOSO/LOPO,LOSO/LOPO,NR,no,yes,no,NR,NR,NR,NR,NR,NR,NR,NR,NR,NR,PubMed record and PMC full text,https://pmc.ncbi.nlm.nih.gov/articles/PMC6833075/,Single-pass extraction; author verification required
R0189,S-10.1016/j.jpain.2026.106416,M054-01,54,44,10.1016/j.jpain.2026.106416,42600964,2026,diagnostic_or_prognostic_model,external validation,external validation,40,NR,NR,continuous pain,reported in PubMed abstract/full text,concurrent or study-defined; exact timing NR,EEG,EEG,NR,NR,NR,NR,NR,RNN/LSTM; random forest,NA unimodal or NR,external,external,NR,yes,yes,no,accuracy; MAE,NR,NR,NR,NR,Recent external-validation study,NR,NR,NR,NR,curated evidence map and available report,https://doi.org/10.1016/j.jpain.2026.106416,External Validation of EEG-Based Machine Learning Models for Continuous Pain Prediction. Recent external-validation study
R0191,S-10.3389/fpain.2022.827551,M104-01,NR,NR,10.3389/fpain.2022.827551,35295796,2022,descriptive_validation,clinical dementia,clinical dementia,3144,NR,NR,observed pain behavior,observer or clinical scale,concurrent or study-defined; exact timing NR,face/video,face/video,NR,NR,NR,NR,NR,NR,NA unimodal or NR,NR,NR,NR,NR,NR,yes,NR,NR,NR,NR,NR,NR,NR,NR,NR,NR,PubMed record and PMC full text,https://pmc.ncbi.nlm.nih.gov/articles/PMC8915628/,Single-pass extraction; author verification required
R0195,S-10.2147/jmdh.s531709,M105-01,NR,NR,10.2147/jmdh.s531709,40970148,2025,diagnostic_or_prognostic_model,clinical neonatal/infant,clinical neonatal/infant,NR,NR,NR,pain-related state,observer or clinical scale,concurrent or study-defined; exact timing NR,face/video,face/video,NR,NR,NR,NR,NR,NR,NA unimodal or NR,external cohort/dataset,external cohort/dataset,NR,yes,yes,yes,accuracy; AUC; F1,NR,NR,NR,NR,NR,NR,NR,NR,NR,PubMed record and PMC full text,https://pmc.ncbi.nlm.nih.gov/articles/PMC12442815/,Single-pass extraction; author verification required
R0198,S-10.3389/fnins.2019.00437,M106-01,NR,NR,10.3389/fnins.2019.00437,31133782,2019,diagnostic_or_prognostic_model,human population NR,human population NR,85,NR,NR,pain-related state,NR,concurrent or study-defined; exact timing NR,ECG; EMG; movement/IMU,ECG; EMG; movement/IMU,NR,NR,NR,NR,NR,deep neural network,multimodal,NR,NR,NR,NR,NR,no,NR,NR,NR,NR,NR,NR,NR,NR,NR,NR,PubMed record and PMC full text,https://pmc.ncbi.nlm.nih.gov/articles/PMC6513974/,Single-pass extraction; author verification required
R0200,S-10.1136/rapm-2024-105346,M051-01,51,41,10.1136/rapm-2024-105346,38508591,2025,scs_technical_control,SCS chronic pain,SCS chronic pain,>600,NR,NR,pain reduction association,NR,concurrent or study-defined; exact timing NR,ECAP-derived dose + PROM,ECAP-derived dose + PROM,NR,NR,NR,NR,NR,NR,NA unimodal or NR,pooled observational,pooled observational,NR,no,NR,yes,accuracy,NR,no,no,NR,Association does not prove pain sensing,closed,NR,NR,NR,curated evidence map and available report,https://pmc.ncbi.nlm.nih.gov/articles/PMC12015077/,Association does not prove pain sensing
R0201,S-10.1038/s41593-023-01338-z,M031-01,31,34,10.1038/s41593-023-01338-z,37217725,2023,diagnostic_or_prognostic_model,chronic pain,chronic pain,4,NR,NR,within-person pain state,NR,concurrent or study-defined; exact timing NR,intracranial LFP,intracranial LFP,NR,NR,NR,NR,NR,NR,NA unimodal or NR,within-person temporal,within-person temporal,NR,no,NR,no,NR,NR,NR,NR,NR,First-in-human; no population-level generalization,controlled access,NR,NR,NR,curated evidence map and available report,https://pmc.ncbi.nlm.nih.gov/articles/PMC10330878/,First-in-human; no population-level generalization
R0217,S-10.3390/bioengineering9120804,M107-01,NR,NR,10.3390/bioengineering9120804,36551010,2022,diagnostic_or_prognostic_model,experimental human,experimental human,NR,NR,NR,reported or annotated pain intensity,NR,concurrent or study-defined; exact timing NR,face/video,face/video,NR,NR,NR,NR,NR,deep neural network,NA unimodal or NR,NR,NR,NR,NR,NR,no,accuracy; RMSE; correlation,NR,NR,NR,NR,NR,open or publicly downloadable,NR,NR,NR,PubMed record and PMC full text,https://pmc.ncbi.nlm.nih.gov/articles/PMC9774603/,Single-pass extraction; author verification required
R0220,S-10.2196/36998,M108-01,NR,NR,10.2196/36998,35737453,2022,diagnostic_or_prognostic_model,clinical human,clinical human,496,NR,NR,reported or annotated pain intensity,participant self-report,concurrent or study-defined; exact timing NR,PPG/BVP/cardiorespiratory,PPG/BVP/cardiorespiratory,NR,NR,NR,NR,NR,random forest,NA unimodal or NR,NR,NR,NR,NR,NR,yes,accuracy,NR,NR,NR,NR,NR,NR,NR,NR,NR,PubMed record and PMC full text,https://pmc.ncbi.nlm.nih.gov/articles/PMC9264122/,Single-pass extraction; author verification required
R0221,S-10.1016/j.smhl.2018.01.002,M148-01,NR,NR,10.1016/j.smhl.2018.01.002,30906841,2018,diagnostic_or_prognostic_model,clinical human,clinical human,40,NR,NR,pain-related state,participant self-report,concurrent or study-defined; exact timing NR,NR,NR,NR,NR,NR,NR,NR,logistic regression,NA unimodal or NR,NR,NR,NR,NR,NR,yes,accuracy,NR,NR,NR,NR,NR,NR,NR,NR,NR,PubMed record and PMC full text,https://pmc.ncbi.nlm.nih.gov/articles/PMC6428053/,Single-pass extraction; author verification required
R0224,S-10.1016/j.dib.2026.113141,M109-01,NR,NR,10.1016/j.dib.2026.113141,42662082,2026,dataset_descriptor,clinical chronic pain,clinical chronic pain,110,NR,NR,pain-related state,experimental or clinical stimulus/procedure,concurrent or study-defined; exact timing NR,NR,NR,NR,NR,NR,NR,NR,NR,NA unimodal or NR,NR,NR,NR,NR,NR,yes,sensitivity,NR,NR,NR,reported,NR,NR,NR,NR,NR,PubMed record and PMC full text,https://pmc.ncbi.nlm.nih.gov/articles/PMC13519607/,Single-pass extraction; author verification required
R0228,S-10.3390/s21123956,M028-01,28,28,10.3390/s21123956,34201268,2021,diagnostic_or_prognostic_model,acute healthy,acute healthy,NR,NR,NR,high-level acute pain,NR,concurrent or study-defined; exact timing NR,wrist EDA,wrist EDA,NR,NR,NR,NR,NR,NR,NA unimodal or NR,subject-level NR,subject-level NR,NR,no,yes,no,NR,NR,no,no,NR,Wearable laboratory study; arousal is nonspecific,NR,NR,NR,NR,curated evidence map and available report,https://pmc.ncbi.nlm.nih.gov/articles/PMC8227650/,Wearable laboratory study; arousal is nonspecific
R0230,S-10.1016/s1474-4422(19)30414-4,M033-01,33,36,10.1016/s1474-4422(19)30414-4,31870766,2020,scs_technical_control,SCS chronic back/leg pain,SCS chronic back/leg pain,134,NR,NR,responder outcome,participant self-report,concurrent or study-defined; exact timing NR,ECAP-controlled SCS + PROM,ECAP-controlled SCS + PROM,NR,NR,NR,NR,NR,NR,NA unimodal or NR,randomized trial,randomized trial,NR,no,NR,yes,NR,reported,NA,NA,NR,EVOKE; industry funded,controlled,NR,NR,NR,curated evidence map and available report,https://doi.org/10.1016/s1474-4422(19)30414-4,EVOKE; industry funded
R0231,S-10.1109/embc.2018.8513575,M026-01,26,26,10.1109/embc.2018.8513575,NR,2018,diagnostic_or_prognostic_model,acute healthy,acute healthy,87,NR,NR,continuous pain intensity,NR,concurrent or study-defined; exact timing NR,autonomic signals,autonomic signals,NR,NR,NR,NR,NR,RNN/LSTM; deep neural network,NA unimodal or NR,subject held-out NR,subject held-out NR,NR,no,NR,no,NR,NR,no,no,NR,Conference study,request,NR,NR,NR,curated evidence map and available report,https://doi.org/10.1109/embc.2018.8513575,Conference study
R0232,S-10.1155/prm/5131891,M058-01,58,48,10.1155/prm/5131891,42029549,2026,diagnostic_or_prognostic_model,acute healthy,acute healthy,NR,NR,NR,CoVAS zero/nonzero and intensity,reported in PubMed abstract/full text,concurrent or study-defined; exact timing NR,ECG/HRV,ECG/HRV,NR,NR,NR,NR,NR,random forest,NA unimodal or NR,subject-level NR,subject-level NR,NR,no,yes,no,accuracy; RMSE,NR,NR,no,NR,Uses objective wording; external validation not reported in abstract,open article,NR,NR,NR,curated evidence map and available report,https://pmc.ncbi.nlm.nih.gov/articles/PMC13108428/,Machine Learning and ECG-Derived Biomarkers for Objective Pain Assessment. Uses objective wording; external validation not reported in abstract
R0233,S-10.1097/j.pain.0000000000001417,M149-01,NR,NR,10.1097/j.pain.0000000000001417,30540621,2019,diagnostic_or_prognostic_model,clinical chronic pain,clinical chronic pain,53,NR,NR,reported or annotated pain intensity,participant self-report,concurrent or study-defined; exact timing NR,PPG/BVP/cardiorespiratory; fMRI/MRI,PPG/BVP/cardiorespiratory; fMRI/MRI,NR,NR,NR,NR,NR,NR,multimodal,NR,NR,NR,NR,NR,yes,accuracy; AUC,NR,NR,NR,NR,NR,NR,NR,NR,NR,PubMed record and PMC full text,https://pmc.ncbi.nlm.nih.gov/articles/PMC6377310/,Single-pass extraction; author verification required
R0234,S-10.1097/pr9.0000000000001332,M110-01,NR,NR,10.1097/pr9.0000000000001332,40969592,2025,stimulus_recognition,clinical intensive care,clinical intensive care,72,NR,NR,experimental stimulus class,experimental or clinical stimulus/procedure,concurrent or study-defined; exact timing NR,EEG,EEG,NR,NR,NR,NR,NR,CNN; SVM; random forest; gradient boosting; logistic regression; deep neural network,NA unimodal or NR,NR,NR,NR,NR,NR,yes,accuracy; AUC; specificity,NR,NR,NR,NR,NR,NR,NR,NR,NR,PubMed record and PMC full text,https://pmc.ncbi.nlm.nih.gov/articles/PMC12443153/,Single-pass extraction; author verification required
R0238,S-10.1038/s41598-025-21987-3,M111-01,NR,NR,10.1038/s41598-025-21987-3,41173924,2025,diagnostic_or_prognostic_model,clinical human,clinical human,87,NR,NR,reported or annotated pain intensity,participant self-report,concurrent or study-defined; exact timing NR,face/video,face/video,NR,NR,NR,NR,NR,CNN; transformer; deep neural network,NA unimodal or NR,NR,NR,NR,NR,NR,yes,accuracy,NR,NR,NR,NR,NR,NR,NR,NR,NR,PubMed record and PMC full text,https://pmc.ncbi.nlm.nih.gov/articles/PMC12578783/,Single-pass extraction; author verification required
R0239,S-10.4097/kja.23583,M112-01,NR,NR,10.4097/kja.23583,38176698,2024,diagnostic_or_prognostic_model,clinical postoperative,clinical postoperative,NR,NR,NR,reported or annotated pain intensity,participant self-report,concurrent or study-defined; exact timing NR,PPG/BVP/cardiorespiratory; face/video,PPG/BVP/cardiorespiratory; face/video,NR,NR,NR,NR,NR,NR,multimodal,NR,NR,NR,NR,NR,yes,AUC; correlation,NR,NR,NR,NR,NR,NR,NR,NR,NR,PubMed record and PMC full text,https://pmc.ncbi.nlm.nih.gov/articles/PMC10982524/,Single-pass extraction; author verification required
R0240,S-10.1038/s41598-025-92111-8,M052-01,52,42,10.1038/s41598-025-92111-8,40102462,2025,scs_prediction_or_longitudinal,SCS chronic pain,SCS chronic pain,17,NR,NR,surgery outcome,participant self-report,concurrent or study-defined; exact timing NR,intraoperative EEG,intraoperative EEG,NR,NR,NR,NR,NR,deep neural network,NA unimodal or NR,LOOCV,LOOCV,NR,no,NR,yes,accuracy; AUC; F1,NR,no,no,NR,Very small modeled sample,closed,NR,NR,NR,curated evidence map and available report,https://pmc.ncbi.nlm.nih.gov/articles/PMC11920397/,Very small modeled sample
R0245,S-10.1109/jstsp.2016.2535962,M025-01,25,25,10.1109/jstsp.2016.2535962,NR,2016,diagnostic_or_prognostic_model,acute healthy,acute healthy,NR,NR,NR,continuous pain intensity,NR,concurrent or study-defined; exact timing NR,biophysiological channels,biophysiological channels,NR,NR,NR,NR,NR,NR,NA unimodal or NR,personal calibration,personal calibration,NR,no,NR,no,NR,NR,NR,no,NR,"Personal transform is calibration, not zero-shot",request,NR,NR,NR,curated evidence map and available report,https://doi.org/10.1109/jstsp.2016.2535962,"Personal transform is calibration, not zero-shot"
R0249,S-10.1073/pnas.2319316121,M023-01,23,23,10.1073/pnas.2319316121,39316050,2024,stimulus_recognition,surgery under anesthesia,surgery under anesthesia,101,NR,NR,nociceptive event,NR,concurrent or study-defined; exact timing NR,"ECG, EDA, drugs","ECG, EDA, drugs",NR,NR,NR,NR,NR,NR,NA unimodal or NR,NA descriptor,NA descriptor,NR,NA,NR,no,NR,NR,NA,NA,NR,18582 min and 49878 annotated stimuli,restricted DUA,NR,NR,NR,curated evidence map and available report,https://pmc.ncbi.nlm.nih.gov/articles/PMC11459174/,18582 min and 49878 annotated stimuli
R0250,S-10.1038/s41598-026-54248-y,M113-01,NR,NR,10.1038/s41598-026-54248-y,42533023,2026,diagnostic_or_prognostic_model,clinical intensive care,clinical intensive care,153,NR,NR,pain-related state,observer or clinical scale,concurrent or study-defined; exact timing NR,face/video,face/video,NR,NR,NR,NR,NR,NR,NA unimodal or NR,person-level split,person-level split,NR,yes,yes,yes,accuracy; AUC; F1; agreement/ICC,NR,NR,NR,NR,NR,NR,NR,NR,NR,PubMed record and PMC full text,https://pmc.ncbi.nlm.nih.gov/articles/PMC13424116/,Single-pass extraction; author verification required
R0253,S-10.3791/59057,M014-01,14,14,10.3791/59057,NR,2019,dataset_descriptor,acute healthy,acute healthy,134,NR,NR,thermal/electrical stimulus,experimental or clinical stimulus/procedure,concurrent or study-defined; exact timing NR,"RGB, depth, thermal, audio, EDA, ECG, EMG","RGB, depth, thermal, audio, EDA, ECG, EMG",NR,NR,NR,NR,NR,NR,NA unimodal or NR,NA descriptor,NA descriptor,NR,NA,NR,no,NR,NR,NA,NA,NR,X-ITE,request,NR,NR,NR,curated evidence map and available report,https://doi.org/10.3791/59057,X-ITE
R0255,S-10.3390/s24020458,M114-01,NR,NR,10.3390/s24020458,38257551,2024,diagnostic_or_prognostic_model,clinical dementia,clinical dementia,NR,NR,NR,pain-related state,NR,concurrent or study-defined; exact timing NR,PPG/BVP/cardiorespiratory; EEG; fNIRS,PPG/BVP/cardiorespiratory; EEG; fNIRS,NR,NR,NR,NR,NR,SVM,multimodal,LOSO/LOPO,LOSO/LOPO,NR,no,yes,yes,accuracy,NR,NR,NR,NR,NR,NR,NR,NR,NR,PubMed record and PMC full text,https://pmc.ncbi.nlm.nih.gov/articles/PMC11154386/,Single-pass extraction; author verification required
R0256,S-10.3389/fpain.2024.1372814,M115-01,NR,NR,10.3389/fpain.2024.1372814,38601923,2024,diagnostic_or_prognostic_model,clinical human,clinical human,NR,NR,NR,pain-related state,NR,concurrent or study-defined; exact timing NR,ECG; PPG/BVP/cardiorespiratory; face/video; movement/IMU,ECG; PPG/BVP/cardiorespiratory; face/video; movement/IMU,NR,NR,NR,NR,NR,transformer,multimodal,NR,NR,NR,NR,NR,yes,accuracy,NR,NR,NR,NR,NR,NR,NR,NR,NR,PubMed record and PMC full text,https://pmc.ncbi.nlm.nih.gov/articles/PMC11004333/,Single-pass extraction; author verification required
R0258,S-10.3390/s26103181,M055-01,55,45,10.3390/s26103181,42197989,2026,diagnostic_or_prognostic_model,acute healthy,acute healthy,NR,NR,NR,pain vs anticipation anxiety,reported in PubMed abstract/full text,concurrent or study-defined; exact timing NR,wearable multimodal,wearable multimodal,NR,NR,NR,NR,NR,NR,NA unimodal or NR,subject-level NR,subject-level NR,NR,no,yes,no,NR,NR,NR,NR,NR,Contextual negative class is a methodological strength,open article,NR,NR,NR,curated evidence map and available report,https://pmc.ncbi.nlm.nih.gov/articles/PMC13210486/,Multimodal Detection of Pain and Anticipation Anxiety from Ultra-Short Duration Wearable Sensors Measurements. Contextual negative class is a methodological strength
R0259,S-10.1016/j.dib.2025.111992,M015-01,15,15,10.1016/j.dib.2025.111992,40918059,2025,dataset_descriptor,mixed pain groups,mixed pain groups,93,NR,NR,self-report/pain group,NR,concurrent or study-defined; exact timing NR,"EDA, BVP, temperature, EEG-derived features","EDA, BVP, temperature, EEG-derived features",NR,NR,NR,NR,NR,NR,NA unimodal or NR,NA descriptor,NA descriptor,NR,NA,NR,no,NR,NR,NA,NA,NR,"PhysioPain; 99 recruited, 93 records after QC",open,NR,NR,NR,curated evidence map and available report,https://pmc.ncbi.nlm.nih.gov/articles/PMC12410463/,"PhysioPain; 99 recruited, 93 records after QC"
R0261,S-10.1016/j.dib.2021.106796,M116-01,NR,NR,10.1016/j.dib.2021.106796,33644268,2021,dataset_descriptor,clinical intensive care,clinical intensive care,58,NR,NR,pain-related state,observer or clinical scale,concurrent or study-defined; exact timing NR,PPG/BVP/cardiorespiratory; speech/audio,PPG/BVP/cardiorespiratory; speech/audio,NR,NR,NR,NR,NR,NR,multimodal,NR,NR,NR,NR,NR,yes,NR,NR,NR,NR,NR,NR,NR,NR,NR,NR,PubMed record and PMC full text,https://pmc.ncbi.nlm.nih.gov/articles/PMC7887380/,Single-pass extraction; author verification required
R0262,S-10.1002/pne2.12007,M117-01,NR,NR,10.1002/pne2.12007,35546868,2019,stimulus_recognition,clinical intensive care,clinical intensive care,109,NR,NR,experimental stimulus class,experimental or clinical stimulus/procedure,concurrent or study-defined; exact timing NR,PPG/BVP/cardiorespiratory; face/video,PPG/BVP/cardiorespiratory; face/video,NR,NR,NR,NR,NR,random forest,multimodal,NR,NR,NR,NR,NR,yes,accuracy,NR,NR,NR,NR,NR,NR,NR,NR,NR,PubMed record and PMC full text,https://pmc.ncbi.nlm.nih.gov/articles/PMC8974881/,Single-pass extraction; author verification required
R0263,S-10.2196/67969,M118-01,NR,NR,10.2196/67969,39869898,2025,diagnostic_or_prognostic_model,clinical postoperative,clinical postoperative,NR,NR,NR,reported or annotated pain intensity,participant self-report,concurrent or study-defined; exact timing NR,EDA/SP; ECG; EMG; face/video; movement/IMU,EDA/SP; ECG; EMG; face/video; movement/IMU,NR,NR,NR,NR,NR,SVM; random forest,multimodal,NR,NR,NR,NR,NR,yes,accuracy,NR,NR,NR,NR,NR,NR,NR,NR,NR,PubMed record and PMC full text,https://pmc.ncbi.nlm.nih.gov/articles/PMC11811662/,Single-pass extraction; author verification required
R0264,S-10.3389/fpain.2023.1150264,M119-01,NR,NR,10.3389/fpain.2023.1150264,37415829,2023,diagnostic_or_prognostic_model,experimental human,experimental human,22,NR,NR,pain-related state,participant self-report,concurrent or study-defined; exact timing NR,EDA/SP; PPG/BVP/cardiorespiratory,EDA/SP; PPG/BVP/cardiorespiratory,NR,NR,NR,NR,NR,SVM,multimodal,NR,NR,NR,NR,NR,no,NR,NR,NR,NR,NR,NR,NR,NR,NR,NR,PubMed record and PMC full text,https://pmc.ncbi.nlm.nih.gov/articles/PMC10321707/,Single-pass extraction; author verification required
R0266,S-10.1016/j.compbiomed.2020.104150,M150-01,NR,NR,10.1016/j.compbiomed.2020.104150,33348218,2021,diagnostic_or_prognostic_model,clinical neonatal/infant,clinical neonatal/infant,NR,NR,NR,pain-related state,NR,concurrent or study-defined; exact timing NR,speech/audio; movement/IMU,speech/audio; movement/IMU,NR,NR,NR,NR,NR,deep neural network,multimodal,NR,NR,NR,NR,NR,yes,accuracy; AUC,NR,NR,NR,NR,NR,NR,NR,NR,NR,PubMed record and PMC full text,https://pmc.ncbi.nlm.nih.gov/articles/PMC7856028/,Single-pass extraction; author verification required
R0271,S-10.1136/rapm-2024-105370,M120-01,NR,NR,10.1136/rapm-2024-105370,38490687,2025,scs_technical_control,SCS chronic pain,SCS chronic pain,41,NR,NR,ECAP/recruitment,recorded evoked neural response,concurrent or study-defined; exact timing NR,ECAP,ECAP,NR,NR,NR,NR,NR,NR,NA unimodal or NR,NR,NR,NR,NR,NR,yes,accuracy,NR,NR,NR,NR,NR,NR,NR,NR,NR,PubMed record and PMC full text,https://pmc.ncbi.nlm.nih.gov/articles/PMC12322467/,Single-pass extraction; author verification required
R0278,S-10.2196/23920,M121-01,NR,NR,10.2196/23920,33533723,2021,stimulus_recognition,clinical postoperative,clinical postoperative,100,NR,NR,nociceptive event or stimulus,NR,concurrent or study-defined; exact timing NR,PPG/BVP/cardiorespiratory,PPG/BVP/cardiorespiratory,NR,NR,NR,NR,NR,CNN; deep neural network,NA unimodal or NR,NR,NR,NR,NR,NR,yes,accuracy; AUC; sensitivity; specificity,reported,NR,NR,NR,NR,NR,NR,NR,NR,PubMed record and PMC full text,https://pmc.ncbi.nlm.nih.gov/articles/PMC7889419/,Single-pass extraction; author verification required
R0280,S-10.1002/pne2.70001,M122-01,NR,NR,10.1002/pne2.70001,40066435,2025,diagnostic_or_prognostic_model,clinical neonatal/infant,clinical neonatal/infant,20,NR,NR,pain-related state,experimental or clinical stimulus/procedure,concurrent or study-defined; exact timing NR,EEG,EEG,NR,NR,NR,NR,NR,gradient boosting,NA unimodal or NR,LOSO/LOPO,LOSO/LOPO,NR,no,yes,yes,AUC; specificity,NR,NR,NR,NR,NR,NR,NR,NR,NR,PubMed record and PMC full text,https://pmc.ncbi.nlm.nih.gov/articles/PMC11891568/,Single-pass extraction; author verification required
R0282,S-10.3390/biology14020210,M123-01,NR,NR,10.3390/biology14020210,40001978,2025,diagnostic_or_prognostic_model,clinical human,clinical human,NR,NR,NR,pain-related state,NR,concurrent or study-defined; exact timing NR,EEG; face/video,EEG; face/video,NR,NR,NR,NR,NR,CNN; RNN/LSTM; SVM; random forest; deep neural network,multimodal,NR,NR,NR,NR,NR,yes,accuracy,NR,NR,NR,NR,NR,NR,NR,NR,NR,PubMed record and PMC full text,https://pmc.ncbi.nlm.nih.gov/articles/PMC11851851/,Single-pass extraction; author verification required
R0284,S-10.1038/s41746-023-00892-x,M035-01,35,38,10.1038/s41746-023-00892-x,37582839,2023,scs_prediction_or_longitudinal,SCS chronic pain,SCS chronic pain,15,NR,NR,longitudinal self-reported pain,participant self-report,concurrent or study-defined; exact timing NR,wearable activity + NRS/PRO,wearable activity + NRS/PRO,NR,NR,NR,NR,NR,NR,NA unimodal or NR,subject-level NR,subject-level NR,NR,no,yes,yes,NR,NR,NR,NR,NR,"20 recruited, 15 modeled; separation unclear",closed,NR,NR,NR,curated evidence map and available report,https://pmc.ncbi.nlm.nih.gov/articles/PMC10427619/,"20 recruited, 15 modeled; separation unclear"
R0286,S-10.3390/s24196298,M124-01,NR,NR,10.3390/s24196298,39409338,2024,diagnostic_or_prognostic_model,clinical dementia,clinical dementia,18,NR,NR,pain-related state,NR,concurrent or study-defined; exact timing NR,EDA/SP,EDA/SP,NR,NR,NR,NR,NR,NR,NA unimodal or NR,NR,NR,NR,NR,NR,yes,NR,NR,NR,NR,NR,NR,NR,NR,NR,NR,PubMed record and PMC full text,https://pmc.ncbi.nlm.nih.gov/articles/PMC11478472/,Single-pass extraction; author verification required
R0288,S-10.2196/25258,M125-01,NR,NR,10.2196/25258,33949957,2021,diagnostic_or_prognostic_model,clinical postoperative,clinical postoperative,25,NR,NR,reported or annotated pain intensity,participant self-report,concurrent or study-defined; exact timing NR,EDA/SP; movement/IMU,EDA/SP; movement/IMU,NR,NR,NR,NR,NR,random forest,multimodal,NR,NR,NR,NR,NR,yes,accuracy,NR,NR,NR,NR,NR,NR,NR,NR,NR,PubMed record and PMC full text,https://pmc.ncbi.nlm.nih.gov/articles/PMC8135033/,Single-pass extraction; author verification required
R0291,S-10.1371/journal.pone.0232412,M126-01,NR,NR,10.1371/journal.pone.0232412,32822348,2020,diagnostic_or_prognostic_model,human population NR,human population NR,NR,NR,NR,reported or annotated pain intensity,NR,concurrent or study-defined; exact timing NR,face/video,face/video,NR,NR,NR,NR,NR,CNN; deep neural network,NA unimodal or NR,NR,NR,NR,NR,NR,no,NR,NR,NR,NR,NR,NR,open or publicly downloadable,NR,NR,NR,PubMed record and PMC full text,https://pmc.ncbi.nlm.nih.gov/articles/PMC7444520/,Single-pass extraction; author verification required
R0292,S-10.1371/journal.pone.0140330,M024-01,24,24,10.1371/journal.pone.0140330,26474183,2015,stimulus_recognition,acute healthy,acute healthy,90,NR,NR,stimulus-derived pain intensity,participant self-report,concurrent or study-defined; exact timing NR,biopotential features,biopotential features,NR,NR,NR,NR,NR,SVM,NA unimodal or NR,window-level,window-level,NR,no,no,no,NR,NR,no,no,NR,Window-level leakage risk,features open,NR,NR,NR,curated evidence map and available report,https://pmc.ncbi.nlm.nih.gov/articles/PMC4608770/,Window-level leakage risk
R0293,S-10.3390/diagnostics15182362,M127-01,NR,NR,10.3390/diagnostics15182362,41008735,2025,diagnostic_or_prognostic_model,clinical human,clinical human,NR,NR,NR,reported or annotated pain intensity,participant self-report,concurrent or study-defined; exact timing NR,speech/audio,speech/audio,NR,NR,NR,NR,NR,deep neural network,NA unimodal or NR,NR,NR,NR,NR,NR,yes,accuracy,NR,NR,NR,NR,NR,NR,NR,NR,NR,PubMed record and PMC full text,https://pmc.ncbi.nlm.nih.gov/articles/PMC12468818/,Single-pass extraction; author verification required
R0295,S-10.2196/25079,M128-01,NR,NR,10.2196/25079,34047710,2021,diagnostic_or_prognostic_model,clinical postoperative,clinical postoperative,25,NR,NR,reported or annotated pain intensity,participant self-report,concurrent or study-defined; exact timing NR,ECG; PPG/BVP/cardiorespiratory,ECG; PPG/BVP/cardiorespiratory,NR,NR,NR,NR,NR,SVM,multimodal,NR,NR,NR,NR,NR,yes,accuracy,NR,NR,NR,NR,NR,NR,NR,NR,NR,PubMed record and PMC full text,https://pmc.ncbi.nlm.nih.gov/articles/PMC8196363/,Single-pass extraction; author verification required
R0296,S-10.1109/fg.2011.5771462,M018-01,18,18,10.1109/fg.2011.5771462,NR,2011,dataset_descriptor,clinical shoulder pain,clinical shoulder pain,25,NR,NR,FACS/PSPI,NR,concurrent or study-defined; exact timing NR,face video,face video,NR,NR,NR,NR,NR,NR,NA unimodal or NR,NA descriptor,NA descriptor,NR,NA,NR,yes,NR,NR,NA,NA,NR,UNBC; 200 sequences,request/EULA,NR,NR,NR,curated evidence map and available report,https://doi.org/10.1109/fg.2011.5771462,UNBC; 200 sequences
R0298,S-10.1371/journal.pdig.0001442,M129-01,NR,NR,10.1371/journal.pdig.0001442,42189831,2026,diagnostic_or_prognostic_model,clinical intensive care,clinical intensive care,2847,NR,NR,pain-related state,participant self-report,concurrent or study-defined; exact timing NR,NR,NR,NR,NR,NR,NR,NR,CNN; transformer; deep neural network,NA unimodal or NR,independent cohort or cross-dataset evaluation,independent cohort or cross-dataset evaluation,NR,yes,yes,yes,accuracy; agreement/ICC,NR,NR,NR,NR,NR,open or publicly downloadable,open,NR,NR,PubMed record and PMC full text,https://pmc.ncbi.nlm.nih.gov/articles/PMC13210372/,Single-pass extraction; author verification required
R0302,S-10.1371/journal.pone.0354510,M130-01,NR,NR,10.1371/journal.pone.0354510,42636251,2026,diagnostic_or_prognostic_model,clinical human,clinical human,51,NR,NR,pain-related state,NR,concurrent or study-defined; exact timing NR,EEG; movement/IMU,EEG; movement/IMU,NR,NR,NR,NR,NR,gradient boosting,multimodal,NR,NR,NR,NR,NR,yes,accuracy,NR,NR,NR,NR,NR,NR,NR,NR,NR,PubMed record and PMC full text,https://pmc.ncbi.nlm.nih.gov/articles/PMC13502692/,Single-pass extraction; author verification required
R0303,S-10.3390/s22218087,M131-01,NR,NR,10.3390/s22218087,36365785,2022,diagnostic_or_prognostic_model,human population NR,human population NR,29,NR,NR,reported or annotated pain intensity,NR,concurrent or study-defined; exact timing NR,EDA/SP,EDA/SP,NR,NR,NR,NR,NR,RNN/LSTM; gradient boosting; deep neural network,NA unimodal or NR,NR,NR,NR,NR,NR,no,AUC; F1,NR,NR,NR,NR,NR,NR,NR,NR,NR,PubMed record and PMC full text,https://pmc.ncbi.nlm.nih.gov/articles/PMC9654781/,Single-pass extraction; author verification required
R0304,S-10.3390/s25072086,M132-01,NR,NR,10.3390/s25072086,40218599,2025,diagnostic_or_prognostic_model,clinical chronic pain,clinical chronic pain,NR,NR,NR,reported or annotated pain intensity,participant self-report,concurrent or study-defined; exact timing NR,PPG/BVP/cardiorespiratory; EMG,PPG/BVP/cardiorespiratory; EMG,NR,NR,NR,NR,NR,NR,multimodal,NR,NR,NR,NR,NR,yes,sensitivity,NR,NR,NR,NR,NR,NR,NR,NR,NR,PubMed record and PMC full text,https://pmc.ncbi.nlm.nih.gov/articles/PMC11991361/,Single-pass extraction; author verification required
R0309,S-10.1002/ejp.70313,M133-01,NR,NR,10.1002/ejp.70313,42377977,2026,diagnostic_or_prognostic_model,experimental human,experimental human,36,NR,NR,reported or annotated pain intensity,experimental or clinical stimulus/procedure,concurrent or study-defined; exact timing NR,EEG,EEG,NR,NR,NR,NR,NR,NR,NA unimodal or NR,NR,NR,NR,NR,NR,no,accuracy,NR,NR,NR,NR,NR,NR,NR,NR,NR,PubMed record and PMC full text,https://pmc.ncbi.nlm.nih.gov/articles/PMC13317760/,Single-pass extraction; author verification required
R0313,S-10.1186/s12911-025-03305-z,M134-01,NR,NR,10.1186/s12911-025-03305-z,41398270,2025,diagnostic_or_prognostic_model,"24,211 postoperative patients in two hospital cohorts",clinical postoperative pain,24211,NR,NR,pain-related state,NR,concurrent or study-defined; exact timing NR,ECG; PPG/BVP/cardiorespiratory,ECG; PPG/BVP/cardiorespiratory,NR,NR,NR,NR,NR,SVM; random forest; gradient boosting; logistic regression,multimodal,external cohort/dataset,external cohort/dataset,NR,yes,yes,yes,accuracy; AUC,NR,NR,NR,NR,NR,NR,NR,NR,NR,PubMed record and PMC full text,https://pmc.ncbi.nlm.nih.gov/articles/PMC12822141/,"Total N is 21,855 development-centre patients plus 2,356 external-centre patients"
R0318,S-10.1109/tbme.2017.2756870,M151-01,NR,NR,10.1109/tbme.2017.2756870,28952933,2017,diagnostic_or_prognostic_model,clinical chronic pain,clinical chronic pain,NR,NR,NR,pain-related state,participant self-report,concurrent or study-defined; exact timing NR,EEG,EEG,NR,NR,NR,NR,NR,random forest,NA unimodal or NR,NR,NR,NR,NR,NR,yes,accuracy,NR,NR,NR,NR,NR,NR,NR,NR,NR,PubMed record and PMC full text,https://pmc.ncbi.nlm.nih.gov/articles/PMC5718188/,Single-pass extraction; author verification required
R0319,S-10.1038/ncomms14211,M045-01,45,33,10.1038/ncomms14211,28195170,2017,diagnostic_or_prognostic_model,acute healthy,acute healthy,NR,NR,NR,pain beyond nociception,NR,concurrent or study-defined; exact timing NR,fMRI,fMRI,NR,NR,NR,NR,NR,NR,NA unimodal or NR,independent cohorts,independent cohorts,NR,yes,yes,no,NR,NR,no,no,NR,Cerebral contribution beyond nociception,controlled access,NR,NR,NR,curated evidence map and available report,https://pmc.ncbi.nlm.nih.gov/articles/PMC5316889/,Cerebral contribution beyond nociception
R0321,S-10.1016/j.dib.2026.112842,M136-01,NR,NR,10.1016/j.dib.2026.112842,42205768,2026,dataset_descriptor,clinical chronic pain,clinical chronic pain,127,NR,NR,pain-related state,experimental or clinical stimulus/procedure,concurrent or study-defined; exact timing NR,NR,NR,NR,NR,NR,NR,NR,NR,NA unimodal or NR,NR,NR,NR,NR,NR,yes,sensitivity,NR,NR,NR,NR,NR,NR,NR,NR,NR,PubMed record and PMC full text,https://pmc.ncbi.nlm.nih.gov/articles/PMC13208079/,Single-pass extraction; author verification required
R0323,S-10.3390/s26103020,M056-01,56,46,10.3390/s26103020,42197829,2026,diagnostic_or_prognostic_model,acute healthy,acute healthy,NR,NR,NR,pain state,reported in PubMed abstract/full text,concurrent or study-defined; exact timing NR,EDA,EDA,NR,NR,NR,NR,NR,deep neural network,NA unimodal or NR,subject-level NR,subject-level NR,NR,no,yes,no,accuracy,NR,NR,NR,NR,EDA remains nonspecific,open article,NR,NR,NR,curated evidence map and available report,https://pmc.ncbi.nlm.nih.gov/articles/PMC13211154/,Real-Time Pain Assessment from Electrodermal Activity Using Deep Learning. EDA remains nonspecific
R0326,S-10.1109/tbme.2009.2039214,M152-01,NR,NR,10.1109/tbme.2009.2039214,20172803,2010,diagnostic_or_prognostic_model,clinical neonatal/infant,clinical neonatal/infant,NR,NR,NR,reported or annotated pain intensity,NR,concurrent or study-defined; exact timing NR,face/video,face/video,NR,NR,NR,NR,NR,SVM,NA unimodal or NR,NR,NR,NR,NR,NR,yes,NR,NR,NR,NR,NR,NR,NR,NR,NR,NR,PubMed record and PMC full text,https://pmc.ncbi.nlm.nih.gov/articles/PMC3103750/,Single-pass extraction; author verification required
R0339,S-10.1093/neuros/nyaa003,M137-01,NR,NR,10.1093/neuros/nyaa003,32023344,2020,scs_technical_control,SCS chronic pain,SCS chronic pain,NR,NR,NR,ECAP/recruitment,recorded evoked neural response,concurrent or study-defined; exact timing NR,ECAP,ECAP,NR,NR,NR,NR,NR,NR,NA unimodal or NR,NR,NR,NR,NR,NR,yes,NR,NR,NR,NR,NR,NR,NR,NR,NR,NR,PubMed record and PMC full text,https://pmc.ncbi.nlm.nih.gov/articles/PMC8184296/,Single-pass extraction; author verification required
R0341,S-10.1038/s41597-025-04733-2,M017-01,17,17,10.1038/s41597-025-04733-2,40210645,2025,dataset_descriptor,acute healthy,acute healthy,51,NR,NR,self-report 1-10,NR,concurrent or study-defined; exact timing NR,speech/audio,speech/audio,NR,NR,NR,NR,NR,NR,NA unimodal or NR,NA descriptor,NA descriptor,NR,NA,NR,no,NR,NR,NA,NA,NR,"TAME; 7039 utterances, lexical leakage must be controlled",restricted DUA,NR,NR,NR,curated evidence map and available report,https://pmc.ncbi.nlm.nih.gov/articles/PMC11985987/,"TAME; 7039 utterances, lexical leakage must be controlled"
R0346,S-10.1109/taffc.2015.2462830,M019-01,19,19,10.1109/taffc.2015.2462830,30906508,2016,dataset_descriptor,chronic low-back pain + controls,chronic low-back pain + controls,30,NR,NR,protective behavior,NR,concurrent or study-defined; exact timing NR,"IMU, EMG, video","IMU, EMG, video",NR,NR,NR,NR,NR,NR,NA unimodal or NR,NA descriptor,NA descriptor,NR,NA,NR,no,NR,NR,NA,NA,NR,EmoPain movement subset,request,NR,NR,NR,curated evidence map and available report,https://pmc.ncbi.nlm.nih.gov/articles/PMC6430129/,EmoPain movement subset
R0347,S-10.1109/cybconf.2013.6617456,M013-01,13,13,10.1109/cybconf.2013.6617456,NR,2013,dataset_descriptor,acute healthy,acute healthy,87,NR,NR,stimulus class,NR,concurrent or study-defined; exact timing NR,"EDA, ECG, EMG, video","EDA, ECG, EMG, video",NR,NR,NR,NR,NR,NR,NA unimodal or NR,NA descriptor,NA descriptor,NR,NA,NR,no,NR,NR,NA,NA,NR,BioVid Part A; extracted features report 85 subjects,features open; raw request,NR,NR,NR,curated evidence map and available report,https://doi.org/10.1109/cybconf.2013.6617456,BioVid Part A; extracted features report 85 subjects
R0348,S-10.2196/41992,M138-01,NR,NR,10.2196/41992,36780223,2023,diagnostic_or_prognostic_model,clinical neonatal/infant,clinical neonatal/infant,NR,NR,NR,pain-related state,participant self-report,concurrent or study-defined; exact timing NR,face/video,face/video,NR,NR,NR,NR,NR,NR,NA unimodal or NR,NR,NR,NR,NR,NR,yes,accuracy; AUC,NR,NR,NR,NR,NR,NR,NR,NR,NR,PubMed record and PMC full text,https://pmc.ncbi.nlm.nih.gov/articles/PMC9972204/,Single-pass extraction; author verification required
R0351,S-10.1109/taffc.2024.3390837,M020-01,20,20,10.1109/taffc.2024.3390837,NR,2025,dataset_descriptor,chronic pain + controls,chronic pain + controls,18,NR,NR,pain/worry/confidence and activity,NR,concurrent or study-defined; exact timing NR,IMU,IMU,NR,NR,NR,NR,NR,NR,NA unimodal or NR,NA descriptor,NA descriptor,NR,NA,NR,no,NR,NR,NA,NA,NR,EmoPain@Home; 9+9 participants,request,NR,NR,NR,curated evidence map and available report,https://doi.org/10.1109/taffc.2024.3390837,EmoPain@Home; 9+9 participants
R0352,S-10.3389/fnins.2021.673998,M047-01,47,39,10.3389/fnins.2021.673998,34335157,2021,scs_technical_control,SCS chronic pain,SCS chronic pain,14,NR,NR,perception/discomfort threshold,NR,concurrent or study-defined; exact timing NR,ECAP,ECAP,NR,NR,NR,NR,NR,NR,NA unimodal or NR,patient-level association,patient-level association,NR,no,yes,yes,NR,NR,NA,NA,NR,Perception is not analgesia,closed,NR,NR,NR,curated evidence map and available report,https://pmc.ncbi.nlm.nih.gov/articles/PMC8320888/,Perception is not analgesia
R0363,S-10.3390/diagnostics16091346,M139-01,NR,NR,10.3390/diagnostics16091346,42122048,2026,diagnostic_or_prognostic_model,clinical human,clinical human,NR,NR,NR,reported or annotated pain intensity,NR,concurrent or study-defined; exact timing NR,face/video,face/video,NR,NR,NR,NR,NR,deep neural network,NA unimodal or NR,NR,NR,NR,NR,NR,yes,accuracy; sensitivity; specificity; F1,NR,NR,NR,NR,NR,NR,NR,NR,NR,PubMed record and PMC full text,https://pmc.ncbi.nlm.nih.gov/articles/PMC13163485/,Single-pass extraction; author verification required
R0368,S-10.3389/fphys.2023.1294577,M043-01,43,30,10.3389/fphys.2023.1294577,38124717,2023,stimulus_recognition,acute healthy,acute healthy,87,NR,NR,stimulus class,participant self-report,concurrent or study-defined; exact timing NR,physiological signals,physiological signals,NR,NR,NR,NR,NR,transformer; deep neural network,NA unimodal or NR,subject-level NR,subject-level NR,NR,no,yes,no,NR,NR,no,no,NR,Transformer baseline on BioVid,request,NR,NR,NR,curated evidence map and available report,https://pmc.ncbi.nlm.nih.gov/articles/PMC10730685/,Transformer baseline on BioVid
R0370,S-10.3390/s20030839,M140-01,NR,NR,10.3390/s20030839,32033240,2020,diagnostic_or_prognostic_model,human population NR,human population NR,NR,NR,NR,pain-related state,NR,concurrent or study-defined; exact timing NR,face/video; movement/IMU,face/video; movement/IMU,NR,NR,NR,NR,NR,CNN; RNN/LSTM; deep neural network,multimodal,NR,NR,NR,NR,NR,no,NR,NR,NR,NR,NR,NR,NR,NR,NR,NR,PubMed record and PMC full text,https://pmc.ncbi.nlm.nih.gov/articles/PMC7038688/,Single-pass extraction; author verification required
R0371,S-10.1371/journal.pone.0307970,M029-01,29,29,10.1371/journal.pone.0307970,39088473,2024,diagnostic_or_prognostic_model,acute healthy,acute healthy,87,NR,NR,pain intensity,NR,concurrent or study-defined; exact timing NR,physiological signals,physiological signals,NR,NR,NR,NR,NR,deep neural network,NA unimodal or NR,subject-level NR,subject-level NR,NR,no,yes,no,NR,NR,no,yes,NR,Prediction intervals on BioVid,request,NR,NR,NR,curated evidence map and available report,https://pmc.ncbi.nlm.nih.gov/articles/PMC11293669/,Prediction intervals on BioVid
R0373,S-10.2196/13671,M141-01,NR,NR,10.2196/13671,31789599,2019,diagnostic_or_prognostic_model,clinical chronic pain,clinical chronic pain,NR,NR,NR,reported or annotated pain intensity,participant self-report,concurrent or study-defined; exact timing NR,PPG/BVP/cardiorespiratory,PPG/BVP/cardiorespiratory,NR,NR,NR,NR,NR,SVM,NA unimodal or NR,NR,NR,NR,NR,NR,yes,RMSE; correlation,NR,NR,NR,NR,NR,NR,NR,NR,NR,PubMed record and PMC full text,https://pmc.ncbi.nlm.nih.gov/articles/PMC6915456/,Single-pass extraction; author verification required
R0378,S-10.3390/s23031443,M142-01,NR,NR,10.3390/s23031443,36772482,2023,diagnostic_or_prognostic_model,clinical human,clinical human,NR,NR,NR,pain-related state,NR,concurrent or study-defined; exact timing NR,ECG; movement/IMU,ECG; movement/IMU,NR,NR,NR,NR,NR,random forest,multimodal,NR,NR,NR,NR,NR,yes,accuracy,NR,NR,NR,NR,NR,NR,NR,NR,NR,PubMed record and PMC full text,https://pmc.ncbi.nlm.nih.gov/articles/PMC9919606/,Single-pass extraction; author verification required
R0379,S-10.3390/diagnostics13162661,M143-01,NR,NR,10.3390/diagnostics13162661,37627921,2023,descriptive_validation,clinical intensive care,clinical intensive care,598,NR,NR,pain-related state,observer or clinical scale,concurrent or study-defined; exact timing NR,face/video,face/video,NR,NR,NR,NR,NR,NR,NA unimodal or NR,NR,NR,NR,NR,NR,yes,accuracy; correlation; agreement/ICC,NR,NR,NR,NR,NR,NR,NR,NR,NR,PubMed record and PMC full text,https://pmc.ncbi.nlm.nih.gov/articles/PMC10453072/,Single-pass extraction; author verification required
R0381,S-10.1016/j.dib.2026.113131,M016-01,16,16,10.1016/j.dib.2026.113131,42621863,2026,dataset_descriptor,pediatric rheumatology,pediatric rheumatology,42,NR,NR,Wong-Baker score,NR,concurrent or study-defined; exact timing NR,"EDA, BVP, temperature, activity","EDA, BVP, temperature, activity",NR,NR,NR,NR,NR,NR,NA unimodal or NR,NA descriptor,NA descriptor,NR,NA,NR,yes,NR,NR,NA,NA,NR,RheumaPain; activity is a major confounder,open,NR,NR,NR,curated evidence map and available report,https://pmc.ncbi.nlm.nih.gov/articles/PMC13487592/,RheumaPain; activity is a major confounder
