study_id,model_id,ref_no,doi,pmid,year,population,pain_type,n_unique_subjects,n_sessions,n_windows,target_name,target_source,target_timing,modality,sensor,sampling_rate,missingness,preprocessing,segmentation,features,architecture,fusion,split_unit,outer_validation,inner_tuning,external_validation,metrics,confidence_intervals,calibration,uncertainty,subgroup_analysis,confounders,data_access,code_access,funding,conflicts,risk_of_bias,reviewer_notes
S-10.1038/s41597-024-03878-w,M012-01,12,10.1038/s41597-024-03878-w,,,acute healthy + chronic clinical,acute healthy + chronic clinical,52,NR,NR,self-report/CoVAS and NRS,see full text,see full text,"EDA, ECG, BVP, EMG, respiration, temperature","EDA, ECG, BVP, EMG, respiration, temperature",NR,NR,see full text,NR,see full text,see full text,NR,NA descriptor,NA descriptor,NR,NA,see full text,NR,NA,NA,NR,PainMonit descriptor; PMCD usable N not reported,open/restricted terms,NR,see full text,see full text,NA descriptor,PainMonit descriptor; PMCD usable N not reported
S-10.1109/cybconf.2013.6617456,M013-01,13,10.1109/cybconf.2013.6617456,,,acute healthy,acute healthy,87,NR,NR,stimulus class,see full text,see full text,"EDA, ECG, EMG, video","EDA, ECG, EMG, video",NR,NR,see full text,NR,see full text,see full text,NR,NA descriptor,NA descriptor,NR,NA,see full text,NR,NA,NA,NR,BioVid Part A; extracted features report 85 subjects,features open; raw request,NR,see full text,see full text,NA descriptor,BioVid Part A; extracted features report 85 subjects
S-10.3791/59057,M014-01,14,10.3791/59057,,,acute healthy,acute healthy,134,NR,NR,thermal/electrical stimulus,see full text,see full text,"RGB, depth, thermal, audio, EDA, ECG, EMG","RGB, depth, thermal, audio, EDA, ECG, EMG",NR,NR,see full text,NR,see full text,see full text,NR,NA descriptor,NA descriptor,NR,NA,see full text,NR,NA,NA,NR,X-ITE,request,NR,see full text,see full text,NA descriptor,X-ITE
S-10.1016/j.dib.2025.111992,M015-01,15,10.1016/j.dib.2025.111992,,,mixed pain groups,mixed pain groups,93,NR,NR,self-report/pain group,see full text,see full text,"EDA, BVP, temperature, EEG-derived features","EDA, BVP, temperature, EEG-derived features",NR,NR,see full text,NR,see full text,see full text,NR,NA descriptor,NA descriptor,NR,NA,see full text,NR,NA,NA,NR,"PhysioPain; 99 recruited, 93 records after QC",open,NR,see full text,see full text,NA descriptor,"PhysioPain; 99 recruited, 93 records after QC"
S-10.1016/j.dib.2026.113131,M016-01,16,10.1016/j.dib.2026.113131,,,pediatric rheumatology,pediatric rheumatology,42,NR,NR,Wong-Baker score,see full text,see full text,"EDA, BVP, temperature, activity","EDA, BVP, temperature, activity",NR,NR,see full text,NR,see full text,see full text,NR,NA descriptor,NA descriptor,NR,NA,see full text,NR,NA,NA,NR,RheumaPain; activity is a major confounder,open,NR,see full text,see full text,NA descriptor,RheumaPain; activity is a major confounder
S-10.1038/s41597-025-04733-2,M017-01,17,10.1038/s41597-025-04733-2,,,acute healthy,acute healthy,51,NR,NR,self-report 1-10,see full text,see full text,speech/audio,speech/audio,NR,NR,see full text,NR,see full text,see full text,NR,NA descriptor,NA descriptor,NR,NA,see full text,NR,NA,NA,NR,"TAME; 7039 utterances, lexical leakage must be controlled",restricted DUA,NR,see full text,see full text,NA descriptor,"TAME; 7039 utterances, lexical leakage must be controlled"
S-10.1109/fg.2011.5771462,M018-01,18,10.1109/fg.2011.5771462,,,clinical shoulder pain,clinical shoulder pain,25,NR,NR,FACS/PSPI,see full text,see full text,face video,face video,NR,NR,see full text,NR,see full text,see full text,NR,NA descriptor,NA descriptor,NR,NA,see full text,NR,NA,NA,NR,UNBC; 200 sequences,request/EULA,NR,see full text,see full text,NA descriptor,UNBC; 200 sequences
S-10.1109/taffc.2015.2462830,M019-01,19,10.1109/taffc.2015.2462830,,,chronic low-back pain + controls,chronic low-back pain + controls,30,NR,NR,protective behavior,see full text,see full text,"IMU, EMG, video","IMU, EMG, video",NR,NR,see full text,NR,see full text,see full text,NR,NA descriptor,NA descriptor,NR,NA,see full text,NR,NA,NA,NR,EmoPain movement subset,request,NR,see full text,see full text,NA descriptor,EmoPain movement subset
S-10.1109/taffc.2024.3390837,M020-01,20,10.1109/taffc.2024.3390837,,,chronic pain + controls,chronic pain + controls,18,NR,NR,pain/worry/confidence and activity,see full text,see full text,IMU,IMU,NR,NR,see full text,NR,see full text,see full text,NR,NA descriptor,NA descriptor,NR,NA,see full text,NR,NA,NA,NR,EmoPain@Home; 9+9 participants,request,NR,see full text,see full text,NA descriptor,EmoPain@Home; 9+9 participants
S-10.1109/fg.2018.00044,M021-01,21,10.1109/fg.2018.00044,,,acute healthy,acute healthy,20,NR,NR,electrical stimulus class,see full text,see full text,"RGB, depth, thermal","RGB, depth, thermal",NR,NR,see full text,NR,see full text,see full text,NR,NA descriptor,NA descriptor,NR,NA,see full text,NR,NA,NA,NR,MIntPAIN,request/EULA,NR,see full text,see full text,NA descriptor,MIntPAIN
S-10.1038/s41597-025-05982-x,M022-01,22,10.1038/s41597-025-05982-x,,,acute healthy,acute healthy,39,NR,NR,NRS intensity/unpleasantness,see full text,see full text,"brain-spinal fMRI, pulse, respiration","brain-spinal fMRI, pulse, respiration",NR,NR,see full text,NR,see full text,see full text,NR,NA descriptor,NA descriptor,NR,NA,see full text,NR,NA,NA,NR,CoSpine pain cohort; motor cohort is separate,open,NR,see full text,see full text,NA descriptor,CoSpine pain cohort; motor cohort is separate
S-10.1073/pnas.2319316121,M023-01,23,10.1073/pnas.2319316121,,,surgery under anesthesia,surgery under anesthesia,101,NR,NR,nociceptive event,see full text,see full text,"ECG, EDA, drugs","ECG, EDA, drugs",NR,NR,see full text,NR,see full text,see full text,NR,NA descriptor,NA descriptor,NR,NA,see full text,NR,NA,NA,NR,18582 min and 49878 annotated stimuli,restricted DUA,NR,see full text,see full text,NA descriptor,18582 min and 49878 annotated stimuli
S-10.1371/journal.pone.0140330,M024-01,24,10.1371/journal.pone.0140330,,,acute healthy,acute healthy,90,NR,NR,stimulus-derived pain intensity,see full text,see full text,biopotential features,biopotential features,NR,NR,see full text,NR,see full text,see full text,NR,window-level,window-level,NR,no,see full text,NR,no,no,NR,Window-level leakage risk,features open,NR,see full text,see full text,high,Window-level leakage risk
S-10.1109/jstsp.2016.2535962,M025-01,25,10.1109/jstsp.2016.2535962,,,acute healthy,acute healthy,NR,NR,NR,continuous pain intensity,see full text,see full text,biophysiological channels,biophysiological channels,NR,NR,see full text,NR,see full text,see full text,NR,personal calibration,personal calibration,NR,no,see full text,NR,NR,no,NR,"Personal transform is calibration, not zero-shot",request,NR,see full text,see full text,unclear,"Personal transform is calibration, not zero-shot"
S-10.1109/embc.2018.8513575,M026-01,26,10.1109/embc.2018.8513575,,,acute healthy,acute healthy,87,NR,NR,continuous pain intensity,see full text,see full text,autonomic signals,autonomic signals,NR,NR,see full text,NR,see full text,see full text,NR,subject held-out NR,subject held-out NR,NR,no,see full text,NR,no,no,NR,Conference study,request,NR,see full text,see full text,unclear,Conference study
S-10.1371/journal.pone.0254108,M027-01,27,10.1371/journal.pone.0254108,,,acute healthy,acute healthy,85,NR,NR,pain intensity,see full text,see full text,physiological signals,physiological signals,NR,NR,see full text,NR,see full text,see full text,NR,LOPO,LOPO,NR,no,see full text,NR,NR,no,NR,Normalization of held-out subject may be transductive,features open,NR,see full text,see full text,some concerns,Normalization of held-out subject may be transductive
S-10.3390/s21123956,M028-01,28,10.3390/s21123956,,,acute healthy,acute healthy,NR,NR,NR,high-level acute pain,see full text,see full text,wrist EDA,wrist EDA,NR,NR,see full text,NR,see full text,see full text,NR,subject-level NR,subject-level NR,NR,no,see full text,NR,no,no,NR,Wearable laboratory study; arousal is nonspecific,NR,NR,see full text,see full text,some concerns,Wearable laboratory study; arousal is nonspecific
S-10.1371/journal.pone.0307970,M029-01,29,10.1371/journal.pone.0307970,,,acute healthy,acute healthy,87,NR,NR,pain intensity,see full text,see full text,physiological signals,physiological signals,NR,NR,see full text,NR,see full text,see full text,NR,subject-level NR,subject-level NR,NR,no,see full text,NR,no,yes,NR,Prediction intervals on BioVid,request,NR,see full text,see full text,some concerns,Prediction intervals on BioVid
S-10.1056/nejmoa1204471,M030-01,30,10.1056/nejmoa1204471,,,acute healthy,acute healthy,114,NR,NR,evoked pain,see full text,see full text,fMRI,fMRI,NR,NR,see full text,NR,see full text,see full text,NR,independent cohorts,independent cohorts,NR,yes,see full text,NR,no,no,NR,Neurologic Pain Signature; not chronic-pain validation,controlled access,NR,see full text,see full text,some concerns,Neurologic Pain Signature; not chronic-pain validation
S-10.1038/s41593-023-01338-z,M031-01,31,10.1038/s41593-023-01338-z,,,chronic pain,chronic pain,4,NR,NR,within-person pain state,see full text,see full text,intracranial LFP,intracranial LFP,NR,NR,see full text,NR,see full text,see full text,NR,within-person temporal,within-person temporal,NR,no,see full text,NR,NR,NR,NR,First-in-human; no population-level generalization,controlled access,NR,see full text,see full text,high applicability risk,First-in-human; no population-level generalization
S-10.1016/j.pain.2011.11.023,M032-01,32,10.1016/j.pain.2011.11.023,,,SCS chronic pain,SCS chronic pain,NR,NR,NR,ECAP/recruitment,see full text,see full text,spinal ECAP,spinal ECAP,NR,NR,see full text,NR,see full text,see full text,NR,NA physiology,NA physiology,NR,no,see full text,NR,NA,NA,NR,"ECAP is recruitment, not pain intensity",NR,NR,see full text,see full text,some concerns,"ECAP is recruitment, not pain intensity"
S-10.1016/s1474-4422(19)30414-4,M033-01,33,10.1016/s1474-4422(19)30414-4,,,SCS chronic back/leg pain,SCS chronic back/leg pain,134,NR,NR,responder outcome,see full text,see full text,ECAP-controlled SCS + PROM,ECAP-controlled SCS + PROM,NR,NR,see full text,NR,see full text,see full text,NR,randomized trial,randomized trial,NR,no,see full text,NR,NA,NA,NR,EVOKE; industry funded,controlled,NR,see full text,see full text,some concerns,EVOKE; industry funded
S-10.1227/neu.0000000000001855,M034-01,34,10.1227/neu.0000000000001855,,,SCS chronic pain,SCS chronic pain,151,NR,NR,treatment response,see full text,see full text,clinical variables,clinical variables,NR,NR,see full text,NR,see full text,see full text,NR,nested CV,nested CV,NR,no,see full text,NR,no,no,NR,No independent external validation,closed,NR,see full text,see full text,high,No independent external validation
S-10.1038/s41746-023-00892-x,M035-01,35,10.1038/s41746-023-00892-x,,,SCS chronic pain,SCS chronic pain,15,NR,NR,longitudinal self-reported pain,see full text,see full text,wearable activity + NRS/PRO,wearable activity + NRS/PRO,NR,NR,see full text,NR,see full text,see full text,NR,subject-level NR,subject-level NR,NR,no,see full text,NR,NR,NR,NR,"20 recruited, 15 modeled; separation unclear",closed,NR,see full text,see full text,high,"20 recruited, 15 modeled; separation unclear"
S-10.3389/fphys.2023.1294577,M043-01,43,10.3389/fphys.2023.1294577,,,acute healthy,acute healthy,87,NR,NR,stimulus class,see full text,see full text,physiological signals,physiological signals,NR,NR,see full text,NR,see full text,see full text,NR,subject-level NR,subject-level NR,NR,no,see full text,NR,no,no,NR,Transformer baseline on BioVid,request,NR,see full text,see full text,some concerns,Transformer baseline on BioVid
S-10.1145/3449068,M044-01,44,10.1145/3449068,,,chronic low-back pain,chronic low-back pain,30,NR,NR,protective behavior,see full text,see full text,"IMU, EMG","IMU, EMG",NR,NR,see full text,NR,see full text,see full text,NR,LOSO,LOSO,NR,no,see full text,NR,no,no,NR,Behavior is not subjective intensity,request,NR,see full text,see full text,some concerns,Behavior is not subjective intensity
S-10.1038/ncomms14211,M045-01,45,10.1038/ncomms14211,,,acute healthy,acute healthy,NR,NR,NR,pain beyond nociception,see full text,see full text,fMRI,fMRI,NR,NR,see full text,NR,see full text,see full text,NR,independent cohorts,independent cohorts,NR,yes,see full text,NR,no,no,NR,Cerebral contribution beyond nociception,controlled access,NR,see full text,see full text,some concerns,Cerebral contribution beyond nociception
S-10.3389/fnins.2021.673998,M047-01,47,10.3389/fnins.2021.673998,,,SCS chronic pain,SCS chronic pain,14,NR,NR,perception/discomfort threshold,see full text,see full text,ECAP,ECAP,NR,NR,see full text,NR,see full text,see full text,NR,patient-level association,patient-level association,NR,no,see full text,NR,NA,NA,NR,Perception is not analgesia,closed,NR,see full text,see full text,high applicability risk,Perception is not analgesia
S-10.1088/1741-2552/aceca4,M048-01,48,10.1088/1741-2552/aceca4,,,SCS chronic pain,SCS chronic pain,56,NR,NR,ECAP features/recruitment,see full text,see full text,"ECAP, posture","ECAP, posture",NR,NR,see full text,NR,see full text,see full text,NR,patient library,patient library,NR,no,see full text,NR,NA,NA,NR,Posture and pulse width alter ECAP,closed,NR,see full text,see full text,some concerns,Posture and pulse width alter ECAP
S-10.1136/rapm-2024-105346,M051-01,51,10.1136/rapm-2024-105346,,,SCS chronic pain,SCS chronic pain,>600,NR,NR,pain reduction association,see full text,see full text,ECAP-derived dose + PROM,ECAP-derived dose + PROM,NR,NR,see full text,NR,see full text,see full text,NR,pooled observational,pooled observational,NR,no,see full text,NR,no,no,NR,Association does not prove pain sensing,closed,NR,see full text,see full text,high,Association does not prove pain sensing
S-10.1038/s41598-025-92111-8,M052-01,52,10.1038/s41598-025-92111-8,,,SCS chronic pain,SCS chronic pain,17,NR,NR,surgery outcome,see full text,see full text,intraoperative EEG,intraoperative EEG,NR,NR,see full text,NR,see full text,see full text,NR,LOOCV,LOOCV,NR,no,see full text,NR,no,no,NR,Very small modeled sample,closed,NR,see full text,see full text,high,Very small modeled sample
S-10.1371/journal.pone.0337726,M053-01,53,10.1371/journal.pone.0337726,,,SCS + chronic pain + controls,SCS + chronic pain + controls,75,NR,NR,group/SCS response,see full text,see full text,MEG,MEG,NR,NR,see full text,NR,see full text,see full text,NR,patient-level CV,patient-level CV,NR,no,see full text,NR,no,no,NR,Weak association with NRS in SCS group,closed,NR,see full text,see full text,high,Weak association with NRS in SCS group
S-10.1016/j.jpain.2026.106416,M054-01,54,10.1016/j.jpain.2026.106416,42600964,2026,external validation,external validation,NR,NR,NR,continuous pain,reported in PubMed abstract/full text,see full text,EEG,EEG,NR,NR,see full text,NR,see full text,see full text,NR,external,external,NR,yes,see full text,NR,NR,NR,NR,Recent external-validation study,NR,NR,see full text,see full text,some concerns,External Validation of EEG-Based Machine Learning Models for Continuous Pain Prediction. Recent external-validation study
S-10.3390/s26103181,M055-01,55,10.3390/s26103181,42197989,2026,acute healthy,acute healthy,NR,NR,NR,pain vs anticipation anxiety,reported in PubMed abstract/full text,see full text,wearable multimodal,wearable multimodal,NR,NR,see full text,NR,see full text,see full text,NR,subject-level NR,subject-level NR,NR,no,see full text,NR,NR,NR,NR,Contextual negative class is a methodological strength,open article,NR,see full text,see full text,some concerns,Multimodal Detection of Pain and Anticipation Anxiety from Ultra-Short Duration Wearable Sensors Measurements. Contextual negative class is a methodological strength
S-10.3390/s26103020,M056-01,56,10.3390/s26103020,42197829,2026,acute healthy,acute healthy,NR,NR,NR,pain state,reported in PubMed abstract/full text,see full text,EDA,EDA,NR,NR,see full text,NR,see full text,see full text,NR,subject-level NR,subject-level NR,NR,no,see full text,NR,NR,NR,NR,EDA remains nonspecific,open article,NR,see full text,see full text,some concerns,Real-Time Pain Assessment from Electrodermal Activity Using Deep Learning. EDA remains nonspecific
S-10.3390/s26102947,M057-01,57,10.3390/s26102947,42197756,2026,acute healthy,acute healthy,65,NR,NR,three pain levels,reported in PubMed abstract/full text,see full text,fNIRS,fNIRS,NR,NR,see full text,NR,see full text,see full text,NR,LOSO,LOSO,NR,no,see full text,NR,no,no,NR,High-pain recall about 50 percent despite 69.6 percent accuracy,open article,NR,see full text,see full text,some concerns,Connectivity-Based Pain Recognition from fNIRS: Parsimonious Subject-Independent Classification. High-pain recall about 50 percent despite 69.6 percent accuracy
S-10.1155/prm/5131891,M058-01,58,10.1155/prm/5131891,42029549,2026,acute healthy,acute healthy,NR,NR,NR,CoVAS zero/nonzero and intensity,reported in PubMed abstract/full text,see full text,ECG/HRV,ECG/HRV,NR,NR,see full text,NR,see full text,see full text,NR,subject-level NR,subject-level NR,NR,no,see full text,NR,NR,no,NR,Uses objective wording; external validation not reported in abstract,open article,NR,see full text,see full text,high claim risk,Machine Learning and ECG-Derived Biomarkers for Objective Pain Assessment. Uses objective wording; external validation not reported in abstract
S-10.1111/nicc.70478,M059-01,59,10.1111/nicc.70478,41983382,2026,clinical ICU,clinical ICU,120,NR,NR,expert-annotated facial pain severity,reported in PubMed abstract/full text,see full text,facial images,facial images,NR,NR,see full text,NR,see full text,see full text,NR,split unit NR,split unit NR,NR,no,see full text,NR,no,no,NR,636 images; inter-rater kappa 0.16,article,NR,see full text,see full text,high,Assessment of Pain Intensity Using Deep Learning Models in Non-Communicative Intensive Care Patients. 636 images; inter-rater kappa 0.16
S-10.1088/2057-1976/ae34b4,M060-01,60,10.1088/2057-1976/ae34b4,41499809,2026,acute healthy,acute healthy,50,NR,NR,low/high stimulus pain,reported in PubMed abstract/full text,see full text,EEG,EEG,NR,NR,see full text,NR,see full text,see full text,NR,LOSO,LOSO,NR,no,see full text,NR,no,no,NR,Subject-independent but single dataset,article,NR,see full text,see full text,some concerns,Explainable AI for Pain Perception: Subject-Independent EEG Decoding. Subject-independent but single dataset
