requested_doi,doi,pmid,pmcid,status,checked_at
10.1001/jamaneurol.2021.4998,10.1001/jamaneurol.2021.4998,34998276,PMC8742908,resolved,2026-09-12
10.1002/brb3.71713,10.1002/brb3.71713,42670051,PMC13527223,resolved,2026-09-12
10.1002/ejp.70313,10.1002/ejp.70313,42377977,PMC13317760,resolved,2026-09-12
10.1002/ibra.70010,10.1002/ibra.70010,42023252,PMC13097579,resolved,2026-09-12
10.1002/jsp2.1230,10.1002/jsp2.1230,36994457,PMC10041392,resolved,2026-09-12
10.1002/pne2.12007,10.1002/pne2.12007,35546868,PMC8974881,resolved,2026-09-12
10.1002/pne2.12060,10.1002/pne2.12060,35547946,PMC8975206,resolved,2026-09-12
10.1002/pne2.70001,10.1002/pne2.70001,40066435,PMC11891568,resolved,2026-09-12
10.1007/978-3-031-16437-8_72,10.1007/978-3-031-16437-8_72,36939418,PMC10018439,resolved,2026-09-12
10.1007/978-3-031-64892-2_31,10.1007/978-3-031-64892-2_31,39523286,PMC11841932,resolved,2026-09-12
10.1007/s00482-020-00468-8,10.1007/s00482-020-00468-8,,,error,2026-09-12
10.1007/s00482-020-00473-x,10.1007/s00482-020-00473-x,,,error,2026-09-12
10.1007/s00482-026-00951-8,10.1007/s00482-026-00951-8,,,error,2026-09-12
10.1007/s00702-019-02092-y,10.1007/s00702-019-02092-y,,,error,2026-09-12
10.1007/s10143-020-01299-y,10.1007/s10143-020-01299-y,,,error,2026-09-12
10.1007/s10143-025-03769-7,10.1007/s10143-025-03769-7,40982036,PMC12454492,resolved,2026-09-12
10.1007/s10278-025-01534-2,10.1007/s10278-025-01534-2,40355693,PMC13103195,resolved,2026-09-12
10.1007/s10916-025-02148-5,10.1007/s10916-025-02148-5,,,error,2026-09-12
10.1007/s11227-022-04439-x,10.1007/s11227-022-04439-x,35382385,PMC8972989,resolved,2026-09-12
10.1007/s11571-026-10517-0,10.1007/s11571-026-10517-0,42488365,PMC13388622,resolved,2026-09-12
10.1007/s11916-025-01374-3,10.1007/s11916-025-01374-3,,,error,2026-09-12
10.1007/s11916-025-01400-4,10.1007/s11916-025-01400-4,,,error,2026-09-12
10.1007/s11916-026-01517-0,10.1007/s11916-026-01517-0,,,error,2026-09-12
10.1007/s11916-026-01539-8,10.1007/s11916-026-01539-8,,,error,2026-09-12
10.1007/s13246-026-01720-8,10.1007/s13246-026-01720-8,,,error,2026-09-12
10.1007/s13311-014-0280-3,10.1007/s13311-014-0280-3,24850309,PMC4121459,resolved,2026-09-12
10.1007/s40122-023-00526-w,10.1007/s40122-023-00526-w,37284926,PMC10290021,resolved,2026-09-12
10.1007/s40122-024-00584-8,10.1007/s40122-024-00584-8,38430433,PMC11111436,resolved,2026-09-12
10.1016/j.artmed.2023.102724,10.1016/j.artmed.2023.102724,,,error,2026-09-12
10.1016/j.artmed.2026.103455,10.1016/j.artmed.2026.103455,,,error,2026-09-12
10.1016/j.clinph.2024.05.007,10.1016/j.clinph.2024.05.007,38852434,PMC11418354,resolved,2026-09-12
10.1016/j.cmpb.2023.107365,10.1016/j.cmpb.2023.107365,,,error,2026-09-12
10.1016/j.compbiomed.2020.104150,10.1016/j.compbiomed.2020.104150,33348218,PMC7856028,resolved,2026-09-12
10.1016/j.compbiomed.2023.107462,10.1016/j.compbiomed.2023.107462,,,error,2026-09-12
10.1016/j.compbiomed.2025.109908,10.1016/j.compbiomed.2025.109908,,,error,2026-09-12
10.1016/j.dib.2021.106796,10.1016/j.dib.2021.106796,33644268,PMC7887380,resolved,2026-09-12
10.1016/j.dib.2022.108802,10.1016/j.dib.2022.108802,36561927,PMC9764200,resolved,2026-09-12
10.1016/j.dib.2025.111992,10.1016/j.dib.2025.111992,40918059,PMC12410463,resolved,2026-09-12
10.1016/j.dib.2026.112842,10.1016/j.dib.2026.112842,42205768,PMC13208079,resolved,2026-09-12
10.1016/j.dib.2026.113131,10.1016/j.dib.2026.113131,42621863,PMC13487592,resolved,2026-09-12
10.1016/j.dib.2026.113141,10.1016/j.dib.2026.113141,42662082,PMC13519607,resolved,2026-09-12
10.1016/j.expneurol.2022.114178,10.1016/j.expneurol.2022.114178,,,error,2026-09-12
10.1016/j.heliyon.2024.e41558,10.1016/j.heliyon.2024.e41558,39845012,PMC11750553,resolved,2026-09-12
10.1016/j.ijmedinf.2023.105337,10.1016/j.ijmedinf.2023.105337,,,error,2026-09-12
10.1016/j.jclinane.2025.111898,10.1016/j.jclinane.2025.111898,,,error,2026-09-12
10.1016/j.jmig.2020.06.011,10.1016/j.jmig.2020.06.011,,,error,2026-09-12
10.1016/j.jpain.2021.07.011,10.1016/j.jpain.2021.07.011,,,error,2026-09-12
10.1016/j.jpain.2024.104646,10.1016/j.jpain.2024.104646,,,error,2026-09-12
10.1016/j.jpain.2025.105645,10.1016/j.jpain.2025.105645,,,error,2026-09-12
10.1016/j.jpain.2026.106416,10.1016/j.jpain.2026.106416,,,error,2026-09-12
10.1016/j.jped.2023.05.005,10.1016/j.jped.2023.05.005,37331703,PMC10594024,resolved,2026-09-12
10.1016/j.nec.2022.02.006,10.1016/j.nec.2022.02.006,,,error,2026-09-12
10.1016/j.neuroimage.2020.117506,10.1016/j.neuroimage.2020.117506,,,error,2026-09-12
10.1016/j.neuroimage.2026.122002,10.1016/j.neuroimage.2026.122002,42134463,PMC13276974,resolved,2026-09-12
10.1016/j.neurom.2021.11.014,10.1016/j.neurom.2021.11.014,,,error,2026-09-12
10.1016/j.neurom.2022.04.037,10.1016/j.neurom.2022.04.037,,,error,2026-09-12
10.1016/j.neurom.2022.04.039,10.1016/j.neurom.2022.04.039,,,error,2026-09-12
10.1016/j.neurom.2022.06.006,10.1016/j.neurom.2022.06.006,,,error,2026-09-12
10.1016/j.neurom.2022.10.050,10.1016/j.neurom.2022.10.050,,,error,2026-09-12
10.1016/j.neurom.2022.11.002,10.1016/j.neurom.2022.11.002,,,error,2026-09-12
10.1016/j.neurom.2023.05.003,10.1016/j.neurom.2023.05.003,,,error,2026-09-12
10.1016/j.neurom.2023.10.188,10.1016/j.neurom.2023.10.188,,,error,2026-09-12
10.1016/j.neurom.2024.04.006,10.1016/j.neurom.2024.04.006,,,error,2026-09-12
10.1016/j.neurom.2024.07.003,10.1016/j.neurom.2024.07.003,,,error,2026-09-12
10.1016/j.neurom.2024.08.005,10.1016/j.neurom.2024.08.005,,,error,2026-09-12
10.1016/j.neurom.2025.11.011,10.1016/j.neurom.2025.11.011,,,error,2026-09-12
10.1016/j.neurom.2025.12.002,10.1016/j.neurom.2025.12.002,,,error,2026-09-12
10.1016/j.neuron.2023.10.021,10.1016/j.neuron.2023.10.021,,,error,2026-09-12
10.1016/j.neuron.2024.02.012,10.1016/j.neuron.2024.02.012,,,error,2026-09-12
10.1016/j.ostima.2025.100381,10.1016/j.ostima.2025.100381,,,error,2026-09-12
10.1016/j.pain.2004.09.012,10.1016/j.pain.2004.09.012,,,error,2026-09-12
10.1016/j.pain.2011.11.023,10.1016/j.pain.2011.11.023,,,error,2026-09-12
10.1016/j.pain.2013.04.044,10.1016/j.pain.2013.04.044,,,error,2026-09-12
10.1016/j.pedn.2023.03.008,10.1016/j.pedn.2023.03.008,,,error,2026-09-12
10.1016/j.pmn.2025.10.003,10.1016/j.pmn.2025.10.003,,,error,2026-09-12
10.1016/j.ridd.2025.105058,10.1016/j.ridd.2025.105058,,,error,2026-09-12
10.1016/j.sleep.2025.106664,10.1016/j.sleep.2025.106664,,,error,2026-09-12
10.1016/j.smhl.2018.01.002,10.1016/j.smhl.2018.01.002,30906841,PMC6428053,resolved,2026-09-12
10.1016/j.toxicon.2026.109073,10.1016/j.toxicon.2026.109073,,,error,2026-09-12
10.1016/j.tvir.2024.100990,10.1016/j.tvir.2024.100990,,,error,2026-09-12
10.1016/j.ynpai.2024.100164,10.1016/j.ynpai.2024.100164,39286765,PMC11404079,resolved,2026-09-12
10.1016/s0304-3959(01)00349-9,10.1016/s0304-3959(01)00349-9,,,error,2026-09-12
10.1016/s1474-4422(19)30414-4,10.1016/s1474-4422(19)30414-4,,,error,2026-09-12
10.1021/acs.jnatprod.4c00439,10.1021/acs.jnatprod.4c00439,39470012,PMC11724649,resolved,2026-09-12
10.1038/ncomms14211,10.1038/ncomms14211,28195170,PMC5316889,resolved,2026-09-12
10.1038/s41390-025-04669-8,10.1038/s41390-025-04669-8,,,error,2026-09-12
10.1038/s41393-025-01133-6,10.1038/s41393-025-01133-6,,,error,2026-09-12
10.1038/s41551-023-01153-8,10.1038/s41551-023-01153-8,38097809,PMC11404213,resolved,2026-09-12
10.1038/s41593-023-01338-z,10.1038/s41593-023-01338-z,37217725,PMC10330878,resolved,2026-09-12
10.1038/s41597-024-03878-w,10.1038/s41597-024-03878-w,39333541,PMC11436824,resolved,2026-09-12
10.1038/s41597-025-04733-2,10.1038/s41597-025-04733-2,40210645,PMC11985987,resolved,2026-09-12
10.1038/s41597-025-05982-x,10.1038/s41597-025-05982-x,41145516,PMC12559740,resolved,2026-09-12
10.1038/s41598-022-13348-1,10.1038/s41598-022-13348-1,35688852,PMC9187730,resolved,2026-09-12
10.1038/s41598-022-21264-7,10.1038/s41598-022-21264-7,36220864,PMC9553970,resolved,2026-09-12
10.1038/s41598-023-35846-6,10.1038/s41598-023-35846-6,37268666,PMC10238514,resolved,2026-09-12
10.1038/s41598-023-41774-2,10.1038/s41598-023-41774-2,37674052,PMC10482887,resolved,2026-09-12
10.1038/s41598-023-49031-2,10.1038/s41598-023-49031-2,38062194,PMC10703818,resolved,2026-09-12
10.1038/s41598-024-71278-6,10.1038/s41598-024-71278-6,39223215,PMC11369161,resolved,2026-09-12
10.1038/s41598-024-78406-2,10.1038/s41598-024-78406-2,39543343,PMC11564822,resolved,2026-09-12
10.1038/s41598-024-78494-0,10.1038/s41598-024-78494-0,39511381,PMC11543859,resolved,2026-09-12
10.1038/s41598-024-82631-0,10.1038/s41598-024-82631-0,39732802,PMC11682341,resolved,2026-09-12
10.1038/s41598-024-83950-y,10.1038/s41598-024-83950-y,39754012,PMC11698723,resolved,2026-09-12
10.1038/s41598-025-02247-w,10.1038/s41598-025-02247-w,40382393,PMC12085662,resolved,2026-09-12
10.1038/s41598-025-04552-w,10.1038/s41598-025-04552-w,40461564,PMC12134349,resolved,2026-09-12
10.1038/s41598-025-09046-3,10.1038/s41598-025-09046-3,40595349,PMC12218136,resolved,2026-09-12
10.1038/s41598-025-12476-8,10.1038/s41598-025-12476-8,40731063,PMC12307811,resolved,2026-09-12
10.1038/s41598-025-13433-1,10.1038/s41598-025-13433-1,40745441,PMC12314105,resolved,2026-09-12
10.1038/s41598-025-14238-y,10.1038/s41598-025-14238-y,40796769,PMC12344049,resolved,2026-09-12
10.1038/s41598-025-21987-3,10.1038/s41598-025-21987-3,41173924,PMC12578783,resolved,2026-09-12
10.1038/s41598-025-27404-z,10.1038/s41598-025-27404-z,41366265,PMC12689790,resolved,2026-09-12
10.1038/s41598-025-92111-8,10.1038/s41598-025-92111-8,40102462,PMC11920397,resolved,2026-09-12
10.1038/s41598-025-97885-5,10.1038/s41598-025-97885-5,40251301,PMC12008390,resolved,2026-09-12
10.1038/s41598-026-39604-2,10.1038/s41598-026-39604-2,41851189,PMC13000268,resolved,2026-09-12
10.1038/s41598-026-54248-y,10.1038/s41598-026-54248-y,42533023,PMC13424116,resolved,2026-09-12
10.1038/s41598-026-57148-3,10.1038/s41598-026-57148-3,42288571,PMC13522443,resolved,2026-09-12
10.1038/s41598-026-58562-3,10.1038/s41598-026-58562-3,,,error,2026-09-12
10.1038/s41746-023-00810-1,10.1038/s41746-023-00810-1,37100924,PMC10133304,resolved,2026-09-12
10.1038/s41746-023-00892-x,10.1038/s41746-023-00892-x,37582839,PMC10427619,resolved,2026-09-12
10.1038/s41746-025-02241-6,10.1038/s41746-025-02241-6,41540230,PMC12824274,resolved,2026-09-12
10.1056/nejmoa1204471,10.1056/nejmoa1204471,23574118,PMC3691100,resolved,2026-09-12
10.1073/pnas.2319316121,10.1073/pnas.2319316121,39316050,PMC11459174,resolved,2026-09-12
10.1080/00325481.2020.1769393,10.1080/00325481.2020.1769393,,,error,2026-09-12
10.1080/14737175.2026.2632285,10.1080/14737175.2026.2632285,,,error,2026-09-12
10.1080/17434440.2019.1567325,10.1080/17434440.2019.1567325,,,error,2026-09-12
10.1080/17434440.2023.2255520,10.1080/17434440.2023.2255520,,,error,2026-09-12
10.1088/1741-2552/aceca4,10.1088/1741-2552/aceca4,,,error,2026-09-12
10.1088/1741-2552/ad7f8b,10.1088/1741-2552/ad7f8b,,,error,2026-09-12
10.1088/1741-2552/adbfbe,10.1088/1741-2552/adbfbe,,,error,2026-09-12
10.1088/2057-1976/ae34b4,10.1088/2057-1976/ae34b4,,,error,2026-09-12
10.1093/ageing/afaf027,10.1093/ageing/afaf027,39967417,PMC11836425,resolved,2026-09-12
10.1093/biomethods/bpaf093,10.1093/biomethods/bpaf093,41536646,PMC12798540,resolved,2026-09-12
10.1093/cercor/bhad504,10.1093/cercor/bhad504,,,error,2026-09-12
10.1093/jamia/ocac231,10.1093/jamia/ocac231,36458955,PMC9933069,resolved,2026-09-12
10.1093/neuros/nyaa003,10.1093/neuros/nyaa003,32023344,PMC8184296,resolved,2026-09-12
10.1093/pm/pnaf058,10.1093/pm/pnaf058,40378232,PMC12585107,resolved,2026-09-12
10.1093/pm/pnag039,10.1093/pm/pnag039,42268376,PMC13250572,resolved,2026-09-12
10.1093/pm/pnag040,10.1093/pm/pnag040,42268377,PMC13250577,resolved,2026-09-12
10.1093/pnasnexus/pgaf352,10.1093/pnasnexus/pgaf352,41245089,PMC12617409,resolved,2026-09-12
10.1097/aco.0000000000001508,10.1097/aco.0000000000001508,40271647,PMC12353991,resolved,2026-09-12
10.1097/ajp.0000000000001146,10.1097/ajp.0000000000001146,37440335,PMC10498882,resolved,2026-09-12
10.1097/ajp.0000000000001223,10.1097/ajp.0000000000001223,38751011,PMC11309338,resolved,2026-09-12
10.1097/anc.0000000000001145,10.1097/anc.0000000000001145,,,error,2026-09-12
10.1097/anc.0000000000001205,10.1097/anc.0000000000001205,,,error,2026-09-12
10.1097/brs.0000000000005445,10.1097/brs.0000000000005445,40590186,PMC12594148,resolved,2026-09-12
10.1097/cin.0000000000001302,10.1097/cin.0000000000001302,,,error,2026-09-12
10.1097/ea9.0000000000000111,10.1097/ea9.0000000000000111,42244836,PMC13232929,resolved,2026-09-12
10.1097/j.pain.0000000000001135,10.1097/j.pain.0000000000001135,,,error,2026-09-12
10.1097/j.pain.0000000000001417,10.1097/j.pain.0000000000001417,30540621,PMC6377310,resolved,2026-09-12
10.1097/j.pain.0000000000001939,10.1097/j.pain.0000000000001939,32694387,PMC7680716,resolved,2026-09-12
10.1097/j.pain.0000000000002035,10.1097/j.pain.0000000000002035,,,error,2026-09-12
10.1097/j.pain.0000000000002825,10.1097/j.pain.0000000000002825,36409624,PMC10184564,resolved,2026-09-12
10.1097/j.pain.0000000000002900,10.1097/j.pain.0000000000002900,37146182,PMC10436358,resolved,2026-09-12
10.1097/md.0000000000013421,10.1097/md.0000000000013421,30544420,PMC6310598,resolved,2026-09-12
10.1097/pr9.0000000000001332,10.1097/pr9.0000000000001332,40969592,PMC12443153,resolved,2026-09-12
10.1097/spc.0000000000000767,10.1097/spc.0000000000000767,,,error,2026-09-12
10.1097/wco.0000000000001431,10.1097/wco.0000000000001431,41069191,PMC13142174,resolved,2026-09-12
10.1097/wco.0000000000001433,10.1097/wco.0000000000001433,41076564,PMC13020546,resolved,2026-09-12
10.1101/2024.09.18.24313903,10.1101/2024.09.18.24313903,39371148,PMC11451669,resolved,2026-09-12
10.1101/2025.07.29.667254,10.1101/2025.07.29.667254,40766435,PMC12324369,resolved,2026-09-12
10.1109/bibm47256.2019.8983282,10.1109/bibm47256.2019.8983282,32793402,PMC7423325,resolved,2026-09-12
10.1109/cybconf.2013.6617456,10.1109/cybconf.2013.6617456,,,error,2026-09-12
10.1109/embc.2018.8512389,10.1109/embc.2018.8512389,30440413,PMC6436808,resolved,2026-09-12
10.1109/embc.2018.8513575,10.1109/embc.2018.8513575,,,error,2026-09-12
10.1109/embc40787.2023.10340199,10.1109/embc40787.2023.10340199,,,error,2026-09-12
10.1109/embc40787.2023.10340960,10.1109/embc40787.2023.10340960,,,error,2026-09-12
10.1109/embc40787.2023.10341072,10.1109/embc40787.2023.10341072,,,error,2026-09-12
10.1109/embc44109.2020.9175247,10.1109/embc44109.2020.9175247,,,error,2026-09-12
10.1109/embc44109.2020.9176644,10.1109/embc44109.2020.9176644,,,error,2026-09-12
10.1109/embc46164.2021.9630002,10.1109/embc46164.2021.9630002,,,error,2026-09-12
10.1109/embc48229.2022.9871228,10.1109/embc48229.2022.9871228,,,error,2026-09-12
10.1109/embc48229.2022.9871536,10.1109/embc48229.2022.9871536,,,error,2026-09-12
10.1109/embc48229.2022.9871770,10.1109/embc48229.2022.9871770,,,error,2026-09-12
10.1109/embc48229.2022.9871990,10.1109/embc48229.2022.9871990,,,error,2026-09-12
10.1109/embc53108.2024.10781536,10.1109/embc53108.2024.10781536,,,error,2026-09-12
10.1109/embc53108.2024.10781616,10.1109/embc53108.2024.10781616,,,error,2026-09-12
10.1109/embc58623.2025.11253087,10.1109/embc58623.2025.11253087,,,error,2026-09-12
10.1109/embc58623.2025.11253317,10.1109/embc58623.2025.11253317,,,error,2026-09-12
10.1109/fg.2011.5771462,10.1109/fg.2011.5771462,,,error,2026-09-12
10.1109/fg.2018.00044,10.1109/fg.2018.00044,,,error,2026-09-12
10.1109/jbhi.2020.3045743,10.1109/jbhi.2020.3045743,,,error,2026-09-12
10.1109/jbhi.2023.3291955,10.1109/jbhi.2023.3291955,,,error,2026-09-12
10.1109/jbhi.2024.3443651,10.1109/jbhi.2024.3443651,,,error,2026-09-12
10.1109/jstsp.2016.2535962,10.1109/jstsp.2016.2535962,,,error,2026-09-12
10.1109/taffc.2015.2462830,10.1109/taffc.2015.2462830,30906508,PMC6430129,resolved,2026-09-12
10.1109/taffc.2019.2946774,10.1109/taffc.2019.2946774,,,error,2026-09-12
10.1109/taffc.2024.3390837,10.1109/taffc.2024.3390837,,,error,2026-09-12
10.1109/tbme.2009.2039214,10.1109/tbme.2009.2039214,20172803,PMC3103750,resolved,2026-09-12
10.1109/tbme.2017.2756870,10.1109/tbme.2017.2756870,28952933,PMC5718188,resolved,2026-09-12
10.1109/tbme.2021.3096137,10.1109/tbme.2021.3096137,,,error,2026-09-12
10.1109/tbme.2024.3355215,10.1109/tbme.2024.3355215,,,error,2026-09-12
10.1109/tcyb.2017.2662199,10.1109/tcyb.2017.2662199,,,error,2026-09-12
10.1109/tnsre.2023.3335100,10.1109/tnsre.2023.3335100,,,error,2026-09-12
10.1109/tnsre.2026.3658636,10.1109/tnsre.2026.3658636,,,error,2026-09-12
10.1109/tpami.2019.2958341,10.1109/tpami.2019.2958341,,,error,2026-09-12
10.1111/jan.16063,10.1111/jan.16063,,,error,2026-09-12
10.1111/joor.70108,10.1111/joor.70108,,,error,2026-09-12
10.1111/ner.12170,10.1111/ner.12170,,,error,2026-09-12
10.1111/ner.12319,10.1111/ner.12319,,,error,2026-09-12
10.1111/ner.12377,10.1111/ner.12377,,,error,2026-09-12
10.1111/ner.12684,10.1111/ner.12684,,,error,2026-09-12
10.1111/ner.12719,10.1111/ner.12719,,,error,2026-09-12
10.1111/ner.12932,10.1111/ner.12932,,,error,2026-09-12
10.1111/ner.12965,10.1111/ner.12965,31215720,PMC6920600,resolved,2026-09-12
10.1111/ner.12968,10.1111/ner.12968,,,error,2026-09-12
10.1111/ner.13091,10.1111/ner.13091,,,error,2026-09-12
10.1111/ner.13138,10.1111/ner.13138,,,error,2026-09-12
10.1111/ner.13252,10.1111/ner.13252,,,error,2026-09-12
10.1111/ner.13267,10.1111/ner.13267,,,error,2026-09-12
10.1111/ner.13510,10.1111/ner.13510,,,error,2026-09-12
10.1111/nicc.70478,10.1111/nicc.70478,41983382,PMC13080763,resolved,2026-09-12
10.1111/papr.13008,10.1111/papr.13008,33768664,PMC8359972,resolved,2026-09-12
10.1111/papr.13290,10.1111/papr.13290,,,error,2026-09-12
10.1111/papr.70010,10.1111/papr.70010,,,error,2026-09-12
10.1111/papr.70058,10.1111/papr.70058,,,error,2026-09-12
10.1111/papr.70166,10.1111/papr.70166,,,error,2026-09-12
10.1111/psyp.70276,10.1111/psyp.70276,,,error,2026-09-12
10.1117/1.jbo.22.10.106013,10.1117/1.jbo.22.10.106013,,,error,2026-09-12
10.1136/bmj-2022-073538,10.1136/bmj-2022-073538,37137496,PMC10155050,resolved,2026-09-12
10.1136/bmj-2024-082505,10.1136/bmj-2024-082505,40127903,PMC11931409,resolved,2026-09-12
10.1136/bmj.n71,10.1136/bmj.n71,33782057,PMC8005924,resolved,2026-09-12
10.1136/bmjhci-2024-101283,10.1136/bmjhci-2024-101283,41274668,PMC12658508,resolved,2026-09-12
10.1136/bmjopen-2019-030482,10.1136/bmjopen-2019-030482,31831532,PMC6924806,resolved,2026-09-12
10.1136/bmjopen-2020-039292,10.1136/bmjopen-2020-039292,33408199,PMC7789448,resolved,2026-09-12
10.1136/bmjopen-2023-073534,10.1136/bmjopen-2023-073534,37993169,PMC10668325,resolved,2026-09-12
10.1136/rapm-2023-104639,10.1136/rapm-2023-104639,37491149,PMC11041592,resolved,2026-09-12
10.1136/rapm-2023-104751,10.1136/rapm-2023-104751,37640452,PMC11103285,resolved,2026-09-12
10.1136/rapm-2024-105346,10.1136/rapm-2024-105346,38508591,PMC12015077,resolved,2026-09-12
10.1136/rapm-2024-105370,10.1136/rapm-2024-105370,38490687,PMC12322467,resolved,2026-09-12
10.1145/3449068,10.1145/3449068,,,error,2026-09-12
10.1145/3737281,10.1145/3737281,,,error,2026-09-12
10.1155/2021/7344102,10.1155/2021/7344102,34876922,PMC8645396,resolved,2026-09-12
10.1155/2023/6018736,10.1155/2023/6018736,37416623,PMC10322534,resolved,2026-09-12
10.1155/prm/5131891,10.1155/prm/5131891,42029549,PMC13108428,resolved,2026-09-12
10.1159/000541986,10.1159/000541986,,,error,2026-09-12
10.1159/000552993,10.1159/000552993,,,error,2026-09-12
10.1177/1744806918763658,10.1177/1744806918763658,29546805,PMC5858615,resolved,2026-09-12
10.1177/17531934241307515,10.1177/17531934241307515,,,error,2026-09-12
10.1177/20552076241259664,10.1177/20552076241259664,38846372,PMC11155325,resolved,2026-09-12
10.11817/j.issn.1672-7347.2026.250554,10.11817/j.issn.1672-7347.2026.250554,42032954,PMC13071591,resolved,2026-09-12
10.1186/s12904-024-01526-z,10.1186/s12904-024-01526-z,39097739,PMC11297625,resolved,2026-09-12
10.1186/s12911-025-03305-z,10.1186/s12911-025-03305-z,41398270,PMC12822141,resolved,2026-09-12
10.1186/s12911-026-03571-5,10.1186/s12911-026-03571-5,42243763,PMC13455303,resolved,2026-09-12
10.1186/s12916-025-04057-3,10.1186/s12916-025-04057-3,40247335,PMC12004839,resolved,2026-09-12
10.1186/s13018-024-05134-8,10.1186/s13018-024-05134-8,39380108,PMC11463084,resolved,2026-09-12
10.1186/s13030-026-00357-z,10.1186/s13030-026-00357-z,41963979,PMC13067708,resolved,2026-09-12
10.1186/s13054-016-1208-6,10.1186/s13054-016-1208-6,27885969,PMC5493079,resolved,2026-09-12
10.1186/s13643-020-01542-z,10.1186/s13643-020-01542-z,33499930,PMC7839230,resolved,2026-09-12
10.1186/s40035-020-00191-5,10.1186/s40035-020-00191-5,32322387,PMC7161193,resolved,2026-09-12
10.1186/s44158-025-00249-8,10.1186/s44158-025-00249-8,40457422,PMC12131339,resolved,2026-09-12
10.1227/neu.0000000000001855,10.1227/neu.0000000000001855,35179133,PMC9514733,resolved,2026-09-12
10.1227/neu.0000000000001969,10.1227/neu.0000000000001969,35384918,PMC12245366,resolved,2026-09-12
10.1227/neu.0000000000001989,10.1227/neu.0000000000001989,,,error,2026-09-12
10.1227/neu.0000000000002017,10.1227/neu.0000000000002017,,,error,2026-09-12
10.1227/neu.0000000000002047,10.1227/neu.0000000000002047,35603938,PMC9514737,resolved,2026-09-12
10.1227/neu.0000000000002474,10.1227/neu.0000000000002474,,,error,2026-09-12
10.1227/neu.0000000000003715,10.1227/neu.0000000000003715,,,error,2026-09-12
10.1227/ons.0000000000000774,10.1227/ons.0000000000000774,37219574,PMC10586864,resolved,2026-09-12
10.12688/f1000research.20441.1,10.12688/f1000research.20441.1,32047606,PMC6979466,resolved,2026-09-12
10.12998/wjcc.v12.i4.681,10.12998/wjcc.v12.i4.681,38322690,PMC10841123,resolved,2026-09-12
10.1371/journal.pdig.0001301,10.1371/journal.pdig.0001301,41894538,PMC13029810,resolved,2026-09-12
10.1371/journal.pdig.0001442,10.1371/journal.pdig.0001442,42189831,PMC13210372,resolved,2026-09-12
10.1371/journal.pone.0140330,10.1371/journal.pone.0140330,26474183,PMC4608770,resolved,2026-09-12
10.1371/journal.pone.0232412,10.1371/journal.pone.0232412,32822348,PMC7444520,resolved,2026-09-12
10.1371/journal.pone.0235545,10.1371/journal.pone.0235545,32645045,PMC7347182,resolved,2026-09-12
10.1371/journal.pone.0241532,10.1371/journal.pone.0241532,34086704,PMC8177539,resolved,2026-09-12
10.1371/journal.pone.0254108,10.1371/journal.pone.0254108,34242325,PMC8270203,resolved,2026-09-12
10.1371/journal.pone.0258672,10.1371/journal.pone.0258672,34665834,PMC8525760,resolved,2026-09-12
10.1371/journal.pone.0307970,10.1371/journal.pone.0307970,39088473,PMC11293669,resolved,2026-09-12
10.1371/journal.pone.0315343,10.1371/journal.pone.0315343,40100883,PMC11957733,resolved,2026-09-12
10.1371/journal.pone.0337726,10.1371/journal.pone.0337726,41348694,PMC12680202,resolved,2026-09-12
10.1371/journal.pone.0345287,10.1371/journal.pone.0345287,41926484,PMC13046245,resolved,2026-09-12
10.1371/journal.pone.0354510,10.1371/journal.pone.0354510,42636251,PMC13502692,resolved,2026-09-12
10.1515/sjpain-2023-0011,10.1515/sjpain-2023-0011,,,error,2026-09-12
10.1515/sjpain-2026-0015,10.1515/sjpain-2026-0015,,,error,2026-09-12
10.1542/peds.2015-0029,10.1542/peds.2015-0029,26034245,PMC4485009,resolved,2026-09-12
10.1701/4460.44555,10.1701/4460.44555,,,error,2026-09-12
10.17116/jnevro201911909123,10.17116/jnevro201911909123,,,error,2026-09-12
10.21037/apm-20-642,10.21037/apm-20-642,,,error,2026-09-12
10.21203/rs.3.pex-2191/v1,10.21203/rs.3.pex-2191/v1,37205356,PMC10187402,resolved,2026-09-12
10.2147/jmdh.s531709,10.2147/jmdh.s531709,40970148,PMC12442815,resolved,2026-09-12
10.2147/jpr.s491574,10.2147/jpr.s491574,39540033,PMC11559421,resolved,2026-09-12
10.2147/jpr.s578721,10.2147/jpr.s578721,41924082,PMC13037636,resolved,2026-09-12
10.2147/jpr.s617733,10.2147/jpr.s617733,42454002,PMC13367641,resolved,2026-09-12
10.2196/13671,10.2196/13671,31789599,PMC6915456,resolved,2026-09-12
10.2196/17783,10.2196/17783,32609091,PMC7367536,resolved,2026-09-12
10.2196/18659,10.2196/18659,33108311,PMC7704279,resolved,2026-09-12
10.2196/23920,10.2196/23920,33533723,PMC7889419,resolved,2026-09-12
10.2196/25079,10.2196/25079,34047710,PMC8196363,resolved,2026-09-12
10.2196/25258,10.2196/25258,33949957,PMC8135033,resolved,2026-09-12
10.2196/36998,10.2196/36998,35737453,PMC9264122,resolved,2026-09-12
10.2196/41992,10.2196/41992,36780223,PMC9972204,resolved,2026-09-12
10.2196/51250,10.2196/51250,38607660,PMC11053395,resolved,2026-09-12
10.2196/53026,10.2196/53026,39993299,PMC11894359,resolved,2026-09-12
10.2196/67969,10.2196/67969,39869898,PMC11811662,resolved,2026-09-12
10.2196/75671,10.2196/75671,41313209,PMC12661616,resolved,2026-09-12
10.2196/77345,10.2196/77345,41248315,PMC12622856,resolved,2026-09-12
10.2196/97777,10.2196/97777,41996452,PMC13089622,resolved,2026-09-12
10.2217/pmt-2018-0028,10.2217/pmt-2018-0028,,,error,2026-09-12
10.22514/jofph.2024.008,10.22514/jofph.2024.008,39788578,PMC11774282,resolved,2026-09-12
10.2340/jrm.v58.45747,10.2340/jrm.v58.45747,42478905,PMC13397339,resolved,2026-09-12
10.2460/javma.26.04.0301,10.2460/javma.26.04.0301,,,error,2026-09-12
10.30802/aalas-jaalas-23-000056,10.30802/aalas-jaalas-23-000056,38428929,PMC11270042,resolved,2026-09-12
10.3389/fmed.2020.566278,10.3389/fmed.2020.566278,33409286,PMC7779395,resolved,2026-09-12
10.3389/fmed.2022.851690,10.3389/fmed.2022.851690,35372435,PMC8968070,resolved,2026-09-12
10.3389/fmed.2024.1309720,10.3389/fmed.2024.1309720,38994344,PMC11236545,resolved,2026-09-12
10.3389/fnagi.2018.00117,10.3389/fnagi.2018.00117,29946251,PMC6006917,resolved,2026-09-12
10.3389/fncom.2016.00032,10.3389/fncom.2016.00032,27148029,PMC4830829,resolved,2026-09-12
10.3389/fneur.2023.1195923,10.3389/fneur.2023.1195923,37333009,PMC10273207,resolved,2026-09-12
10.3389/fnins.2019.00437,10.3389/fnins.2019.00437,31133782,PMC6513974,resolved,2026-09-12
10.3389/fnins.2021.673998,10.3389/fnins.2021.673998,34335157,PMC8320888,resolved,2026-09-12
10.3389/fnins.2022.831627,10.3389/fnins.2022.831627,35221908,PMC8874020,resolved,2026-09-12
10.3389/fpain.2021.788606,10.3389/fpain.2021.788606,35174358,PMC8846566,resolved,2026-09-12
10.3389/fpain.2022.827551,10.3389/fpain.2022.827551,35295796,PMC8915628,resolved,2026-09-12
10.3389/fpain.2023.1150264,10.3389/fpain.2023.1150264,37415829,PMC10321707,resolved,2026-09-12
10.3389/fpain.2024.1372814,10.3389/fpain.2024.1372814,38601923,PMC11004333,resolved,2026-09-12
10.3389/fpain.2026.1752958,10.3389/fpain.2026.1752958,41930234,PMC13039019,resolved,2026-09-12
10.3389/fpain.2026.1820044,10.3389/fpain.2026.1820044,42534983,PMC13422498,resolved,2026-09-12
10.3389/fped.2026.1784197,10.3389/fped.2026.1784197,42558820,PMC13438283,resolved,2026-09-12
10.3389/fphys.2021.720464,10.3389/fphys.2021.720464,34539444,PMC8440852,resolved,2026-09-12
10.3389/fphys.2023.1294577,10.3389/fphys.2023.1294577,38124717,PMC10730685,resolved,2026-09-12
10.3389/frai.2022.942248,10.3389/frai.2022.942248,36277167,PMC9582446,resolved,2026-09-12
10.3389/frhs.2026.1829082,10.3389/frhs.2026.1829082,42422598,PMC13342171,resolved,2026-09-12
10.3389/fvets.2024.1436795,10.3389/fvets.2024.1436795,39086767,PMC11288915,resolved,2026-09-12
10.3389/fvets.2024.1442634,10.3389/fvets.2024.1442634,39717789,PMC11663861,resolved,2026-09-12
10.3389/fvets.2025.1619794,10.3389/fvets.2025.1619794,41142570,PMC12551228,resolved,2026-09-12
10.3390/ani10122258,10.3390/ani10122258,33266297,PMC7760072,resolved,2026-09-12
10.3390/ani11061643,10.3390/ani11061643,34206077,PMC8229776,resolved,2026-09-12
10.3390/bioengineering10040500,10.3390/bioengineering10040500,37106687,PMC10135816,resolved,2026-09-12
10.3390/bioengineering10050548,10.3390/bioengineering10050548,37237618,PMC10215219,resolved,2026-09-12
10.3390/bioengineering13020141,10.3390/bioengineering13020141,41749681,PMC12938521,resolved,2026-09-12
10.3390/bioengineering9120804,10.3390/bioengineering9120804,36551010,PMC9774603,resolved,2026-09-12
10.3390/biology14020210,10.3390/biology14020210,40001978,PMC11851851,resolved,2026-09-12
10.3390/biomimetics11010051,10.3390/biomimetics11010051,41589968,PMC12838980,resolved,2026-09-12
10.3390/diagnostics13162661,10.3390/diagnostics13162661,37627921,PMC10453072,resolved,2026-09-12
10.3390/diagnostics15030300,10.3390/diagnostics15030300,39941230,PMC11816796,resolved,2026-09-12
10.3390/diagnostics15182362,10.3390/diagnostics15182362,41008735,PMC12468818,resolved,2026-09-12
10.3390/diagnostics15202661,10.3390/diagnostics15202661,41153333,PMC12564096,resolved,2026-09-12
10.3390/diagnostics16091346,10.3390/diagnostics16091346,42122048,PMC13163485,resolved,2026-09-12
10.3390/healthcare14020149,10.3390/healthcare14020149,41595284,PMC12841086,resolved,2026-09-12
10.3390/ijms27167373,10.3390/ijms27167373,42653377,PMC13512981,resolved,2026-09-12
10.3390/jpm12060851,10.3390/jpm12060851,35743636,PMC9225619,resolved,2026-09-12
10.3390/jpm14090983,10.3390/jpm14090983,39338237,PMC11432921,resolved,2026-09-12
10.3390/life16071185,10.3390/life16071185,42514252,PMC13412368,resolved,2026-09-12
10.3390/s19204503,10.3390/s19204503,31627305,PMC6833075,resolved,2026-09-12
10.3390/s20030839,10.3390/s20030839,32033240,PMC7038688,resolved,2026-09-12
10.3390/s21093273,10.3390/s21093273,34068462,PMC8125973,resolved,2026-09-12
10.3390/s21123956,10.3390/s21123956,34201268,PMC8227650,resolved,2026-09-12
10.3390/s21144838,10.3390/s21144838,34300578,PMC8309734,resolved,2026-09-12
10.3390/s22218087,10.3390/s22218087,36365785,PMC9654781,resolved,2026-09-12
10.3390/s23031443,10.3390/s23031443,36772482,PMC9919606,resolved,2026-09-12
10.3390/s23041959,10.3390/s23041959,36850556,PMC9960387,resolved,2026-09-12
10.3390/s23083980,10.3390/s23083980,37112321,PMC10143826,resolved,2026-09-12
10.3390/s23249675,10.3390/s23249675,38139521,PMC10747670,resolved,2026-09-12
10.3390/s24020458,10.3390/s24020458,38257551,PMC11154386,resolved,2026-09-12
10.3390/s24020634,10.3390/s24020634,38276326,PMC10818383,resolved,2026-09-12
10.3390/s24196298,10.3390/s24196298,39409338,PMC11478472,resolved,2026-09-12
10.3390/s25041223,10.3390/s25041223,40006452,PMC11860027,resolved,2026-09-12
10.3390/s25051436,10.3390/s25051436,40096220,PMC11902865,resolved,2026-09-12
10.3390/s25072086,10.3390/s25072086,40218599,PMC11991361,resolved,2026-09-12
10.3390/s26082447,10.3390/s26082447,42076555,PMC13120223,resolved,2026-09-12
10.3390/s26102947,10.3390/s26102947,42197756,PMC13210414,resolved,2026-09-12
10.3390/s26103020,10.3390/s26103020,42197829,PMC13211154,resolved,2026-09-12
10.3390/s26103181,10.3390/s26103181,42197989,PMC13210486,resolved,2026-09-12
10.3390/vetsci10040283,10.3390/vetsci10040283,37104439,PMC10141195,resolved,2026-09-12
10.3791/59057,10.3791/59057,,,error,2026-09-12
10.3897/folmed.68.e177992,10.3897/folmed.68.e177992,,,error,2026-09-12
10.4097/kja.23583,10.4097/kja.23583,38176698,PMC10982524,resolved,2026-09-12
10.4103/0028-3886.302465,10.4103/0028-3886.302465,,,error,2026-09-12
10.4103/neurol-india.neurol-india-d-25-00281,10.4103/neurol-india.neurol-india-d-25-00281,,,error,2026-09-12
10.7326/m18-0850,10.7326/m18-0850,,,error,2026-09-12
10.7717/peerj-cs.3158,10.7717/peerj-cs.3158,40989383,PMC12453799,resolved,2026-09-12
10.7759/cureus.107883,10.7759/cureus.107883,42220843,PMC13218711,resolved,2026-09-12
10.7759/cureus.72562,10.7759/cureus.72562,39610577,PMC11602419,resolved,2026-09-12
10.7759/cureus.77074,10.7759/cureus.77074,39917118,PMC11801105,resolved,2026-09-12
