record_id,study_id,evidence_map_ref_no,article_ref_no,doi,pmid,year,title,url
R0003,S-10.3390/s23249675,,,10.3390/s23249675,38139521,2023,A Comprehensive Study on Pain Assessment from Multimodal Sensor Data.,https://pubmed.ncbi.nlm.nih.gov/38139521/
R0005,S-10.1038/s41598-025-14238-y,,,10.1038/s41598-025-14238-y,40796769,2025,A CrossMod-Transformer deep learning framework for multi-modal pain detection through EDA and ECG fusion.,https://pubmed.ncbi.nlm.nih.gov/40796769/
R0012,S-10.3390/diagnostics15202661,,,10.3390/diagnostics15202661,41153333,2025,A Public Health Approach to Automated Pain Intensity Recognition in Chest Pain Patients via Facial Expression Analysis for Emergency Care Prioritization.,https://pubmed.ncbi.nlm.nih.gov/41153333/
R0026,S-10.1186/s12904-024-01526-z,,,10.1186/s12904-024-01526-z,39097739,2024,Advancing the integration of biosignal-based automated pain assessment methods into a comprehensive model for addressing cancer pain.,https://pubmed.ncbi.nlm.nih.gov/39097739/
R0029,S-10.3389/fped.2026.1784197,,,10.3389/fped.2026.1784197,42558820,2026,AI-Driven vision large language framework for pediatric pain assessment.,https://pubmed.ncbi.nlm.nih.gov/42558820/
R0031,S-10.1016/j.heliyon.2024.e41558,,,10.1016/j.heliyon.2024.e41558,39845012,2025,An AI recognition method for children's clinical operative pain by skin potential (SP) signal.,https://pubmed.ncbi.nlm.nih.gov/39845012/
R0033,S-10.1038/s41597-024-03878-w,12,12,10.1038/s41597-024-03878-w,39333541,2024,An Experimental and Clinical Physiological Signal Dataset for Automated Pain Recognition.,https://pubmed.ncbi.nlm.nih.gov/39333541/
R0034,S-10.1056/nejmoa1204471,30,32,10.1056/nejmoa1204471,23574118,2013,"An fMRI-Based Neurologic Signature of Physical Pain / T. D. Wager, L. Y. Atlas, M. A. Lindquist [et al.]",https://pubmed.ncbi.nlm.nih.gov/23574118/
R0043,S-10.11817/j.issn.1672-7347.2026.250554,,,10.11817/j.issn.1672-7347.2026.250554,42032954,2026,[Application of support vector machine in identifying neuromodulation states in patients with zoster-associated pain].,https://pubmed.ncbi.nlm.nih.gov/42032954/
R0050,S-10.1111/nicc.70478,,49,10.1111/nicc.70478,41983382,2026,Assessment of Pain Intensity Using Deep Learning Models in Non-Communicative Intensive Care Patients.,https://pubmed.ncbi.nlm.nih.gov/41983382/
R0055,S-10.1007/978-3-031-16437-8_72,,,10.1007/978-3-031-16437-8_72,36939418,2022,Attentional Generative Multimodal Network for Neonatal Postoperative Pain Estimation.,https://pubmed.ncbi.nlm.nih.gov/36939418/
R0059,S-10.3390/biomimetics11010051,,,10.3390/biomimetics11010051,41589968,2026,Automated Facial Pain Assessment Using Dual-Attention CNN with Clinically Calibrated High-Reliability and Reproducibility Framework.,https://pubmed.ncbi.nlm.nih.gov/41589968/
R0060,S-10.1177/20552076241259664,,,10.1177/20552076241259664,38846372,2024,Automated facial recognition system using deep learning for pain assessment in adults with cerebral palsy.,https://pubmed.ncbi.nlm.nih.gov/38846372/
R0064,S-10.1109/embc.2018.8512389,,,10.1109/embc.2018.8512389,30440413,2018,Automated Pain Assessment using Electrodermal Activity Data and Machine Learning.,https://pubmed.ncbi.nlm.nih.gov/30440413/
R0065,S-PMID-30713485,,,NR,30713485,2018,Automated Pain Detection in Facial Videos of Children using Human-Assisted Transfer Learning.,https://pubmed.ncbi.nlm.nih.gov/30713485/
R0066,S-10.1038/s41598-025-97885-5,,,10.1038/s41598-025-97885-5,40251301,2025,Automated pain detection using facial expression in adult patients with a customized spatial temporal attention long short-term memory (STA-LSTM) network.,https://pubmed.ncbi.nlm.nih.gov/40251301/
R0072,S-10.1038/s41598-026-57148-3,,,10.1038/s41598-026-57148-3,42288571,2026,Automatic pain assessment from facial action units in ICU patients via various machine learning models.,https://pubmed.ncbi.nlm.nih.gov/42288571/
R0074,S-10.1038/s41598-025-09046-3,,,10.1038/s41598-025-09046-3,40595349,2025,Automatic pain classification in older patients with hip fracture based on multimodal information fusion.,https://pubmed.ncbi.nlm.nih.gov/40595349/
R0077,S-10.3390/s21093273,,,10.3390/s21093273,34068462,2021,Automatic vs. Human Recognition of Pain Intensity from Facial Expression on the X-ITE Pain Database.,https://pubmed.ncbi.nlm.nih.gov/34068462/
R0079,S-10.1371/journal.pdig.0001301,,,10.1371/journal.pdig.0001301,41894538,2026,AVPENet: Pain estimation from audio-visual fusion of non-speech sounds.,https://pubmed.ncbi.nlm.nih.gov/41894538/
R0083,S-10.3389/fmed.2024.1309720,,,10.3389/fmed.2024.1309720,38994344,2024,Calibration trial of an innovative medical device (NEVVA© ) for the evaluation of pain in non-communicating patients in the intensive care unit.,https://pubmed.ncbi.nlm.nih.gov/38994344/
R0084,S-10.3390/bioengineering13020141,,,10.3390/bioengineering13020141,41749681,2026,Can Machines Identify Pain Effects? A Machine Learning Proof of Concept to Identify EMG Pain Signature.,https://pubmed.ncbi.nlm.nih.gov/41749681/
R0088,S-10.1145/3449068,44,31,10.1145/3449068,,2021,"Chronic Pain Protective Behavior Detection with Deep Learning / C. Wang, T. A. Olugbade, A. Mathur [et al.]",https://doi.org/10.1145/3449068
R0089,S-10.1038/s41598-025-13433-1,,,10.1038/s41598-025-13433-1,40745441,2025,Classification accuracy of pain intensity induced by leg blood flow restriction during walking using machine learning based on electroencephalography.,https://pubmed.ncbi.nlm.nih.gov/40745441/
R0090,S-10.1371/journal.pone.0337726,53,43,10.1371/journal.pone.0337726,41348694,2025,Classification of chronic pain and spinal cord stimulation response using machine learning in magnetoencephalography data.,https://pubmed.ncbi.nlm.nih.gov/41348694/
R0091,S-10.3389/frai.2022.942248,,,10.3389/frai.2022.942248,36277167,2022,Classification of elderly pain severity from automated video clip facial action unit analysis: A study from a Thai data repository.,https://pubmed.ncbi.nlm.nih.gov/36277167/
R0092,S-10.1038/s41598-025-12476-8,,,10.1038/s41598-025-12476-8,40731063,2025,Classifying social and physical pain from multimodal physiological signals using machine learning.,https://pubmed.ncbi.nlm.nih.gov/40731063/
R0102,S-10.1038/s41598-024-71278-6,,,10.1038/s41598-024-71278-6,39223215,2024,Comparative analysis of artificial intelligence and expert assessments in detecting neonatal procedural pain.,https://pubmed.ncbi.nlm.nih.gov/39223215/
R0106,S-10.3390/s21144838,,,10.3390/s21144838,34300578,2021,Comparison of Feature Extraction Methods for Physiological Signals for Heat-Based Pain Recognition.,https://pubmed.ncbi.nlm.nih.gov/34300578/
R0108,S-10.1016/j.pain.2011.11.023,32,35,10.1016/j.pain.2011.11.023,,2012,"Compound action potentials recorded in the human spinal cord during neurostimulation for pain relief / J. L. Parker, D. M. Karantonis, P. S. Single [et al.]",https://pubmed.ncbi.nlm.nih.gov/22188868/
R0110,S-10.3390/s26102947,,47,10.3390/s26102947,42197756,2026,Connectivity-Based Pain Recognition from fNIRS: Parsimonious Subject-Independent Classification,https://pubmed.ncbi.nlm.nih.gov/42197756/
R0111,S-10.1038/s41598-025-02247-w,,,10.1038/s41598-025-02247-w,40382393,2025,Construction and validation of a pain facial expressions dataset for critically ill children.,https://pubmed.ncbi.nlm.nih.gov/40382393/
R0113,S-10.1109/bibm47256.2019.8983282,,,10.1109/bibm47256.2019.8983282,32793402,2019,Continuous Pain Assessment Using Ensemble Feature Selection from Wearable Sensor Data.,https://pubmed.ncbi.nlm.nih.gov/32793402/
R0114,S-10.1136/bmjhci-2024-101283,,,10.1136/bmjhci-2024-101283,41274668,2025,Continuous wireless sensor monitoring with applied diagnostics: Clinical Sensor Pain Scale and Automated Sensor Pain Scale in the NICU.,https://pubmed.ncbi.nlm.nih.gov/41274668/
R0118,S-10.1038/s41597-025-05982-x,22,22,10.1038/s41597-025-05982-x,41145516,2025,"CoSpine Open Access Simultaneous Cortico-Spinal fMRI Database of Thermal Pain and Motor Tasks / Z. Wei, X. Lin, L. Zhang [et al.]",https://doi.org/10.1038/s41597-025-05982-x
R0123,S-10.1038/s41598-024-82631-0,,,10.1038/s41598-024-82631-0,39732802,2024,Decoding of pain during heel lancing in human neonates with EEG signal and machine learning approach.,https://pubmed.ncbi.nlm.nih.gov/39732802/
R0125,S-10.3389/fncom.2016.00032,,,10.3389/fncom.2016.00032,27148029,2016,Decoding Subjective Intensity of Nociceptive Pain from Pre-stimulus and Post-stimulus Brain Activities.,https://pubmed.ncbi.nlm.nih.gov/27148029/
R0128,S-10.3389/fmed.2022.851690,,,10.3389/fmed.2022.851690,35372435,2022,Deep Learning-Based Pain Classifier Based on the Facial Expression in Critically Ill Patients.,https://pubmed.ncbi.nlm.nih.gov/35372435/
R0131,S-10.1097/j.pain.0000000000002900,,,10.1097/j.pain.0000000000002900,37146182,2023,Deep learning-guided postoperative pain assessment in children.,https://pubmed.ncbi.nlm.nih.gov/37146182/
R0132,S-10.1109/fg.2018.00044,21,21,10.1109/fg.2018.00044,,2018,"Deep Multimodal Pain Recognition: A Database and Comparison of Spatio-Temporal Visual Modalities / M. A. Haque, R. B. Bautista, F. Noroozi [et al.]",https://doi.org/10.1109/FG.2018.00044
R0137,S-10.3389/fneur.2023.1195923,,,10.3389/fneur.2023.1195923,37333009,2023,Detection of brain regions responsible for chronic pain in osteoarthritis: an fMRI-based neuroimaging study using deep learning.,https://pubmed.ncbi.nlm.nih.gov/37333009/
R0138,S-10.1371/journal.pone.0235545,,,10.1371/journal.pone.0235545,32645045,2020,Developing a pain intensity prediction model using facial expression: A feasibility study with electromyography.,https://pubmed.ncbi.nlm.nih.gov/32645045/
R0146,S-10.1227/neu.0000000000001855,34,37,10.1227/neu.0000000000001855,35179133,2022,Development of Machine Learning-Based Models to Predict Treatment Response to Spinal Cord Stimulation.,https://pubmed.ncbi.nlm.nih.gov/35179133/
R0153,S-10.7717/peerj-cs.3158,,,10.7717/peerj-cs.3158,40989383,2025,Dual-stream transformer approach for pain assessment using visual-physiological data modeling.,https://pubmed.ncbi.nlm.nih.gov/40989383/
R0155,S-10.1136/rapm-2023-104639,,,10.1136/rapm-2023-104639,37491149,2024,Durable multimodal and holistic response for physiologic closed-loop spinal cord stimulation supported by objective evidence from the EVOKE double-blind randomized controlled trial.,https://pubmed.ncbi.nlm.nih.gov/37491149/
R0158,S-10.1093/pm/pnaf058,,,10.1093/pm/pnaf058,40378232,2025,Early outcomes with a flexible ECAP based closed loop using multiplexed spinal cord stimulation waveforms-single-arm study with in-clinic randomized crossover testing.,https://pubmed.ncbi.nlm.nih.gov/40378232/
R0159,S-10.1111/papr.13008,,,10.1111/papr.13008,33768664,2021,"ECAP-Controlled Closed-Loop Spinal Cord Stimulation Efficacy and Opioid Reduction Over 24-Months: Final Results of the Prospective, Multicenter, Open-Label Avalon Study.",https://pubmed.ncbi.nlm.nih.gov/33768664/
R0160,S-10.1097/brs.0000000000005445,,,10.1097/brs.0000000000005445,40590186,2025,ECAP-Controlled Closed-Loop Spinal Cord Stimulation for Chronic Nonsurgical Refractory Back Pain: Subgroup Analysis From Two Prospective Multicenter Clinical Trials.,https://pubmed.ncbi.nlm.nih.gov/40590186/
R0161,S-10.1136/rapm-2023-104751,,,10.1136/rapm-2023-104751,37640452,2024,ECAP-controlled closed-loop versus open-loop SCS for the treatment of chronic pain: 36-month results of the EVOKE blinded randomized clinical trial.,https://pubmed.ncbi.nlm.nih.gov/37640452/
R0162,S-10.1016/j.neuroimage.2026.122002,,,10.1016/j.neuroimage.2026.122002,42134463,2026,EEG-based clustering shows distinct separation of chronic pain patients before spinal cord stimulation surgery.,https://pubmed.ncbi.nlm.nih.gov/42134463/
R0173,S-10.2147/jpr.s491574,,,10.2147/jpr.s491574,39540033,2024,Employing the Artificial Intelligence Object Detection Tool YOLOv8 for Real-Time Pain Detection: A Feasibility Study.,https://pubmed.ncbi.nlm.nih.gov/39540033/
R0174,S-10.1038/s41598-025-04552-w,,,10.1038/s41598-025-04552-w,40461564,2025,Enhanced residual attention-based subject-specific network (ErAS-Net): facial expression-based pain classification with multiple attention mechanisms.,https://pubmed.ncbi.nlm.nih.gov/40461564/
R0177,S-10.1093/ageing/afaf027,,,10.1093/ageing/afaf027,39967417,2025,Evaluation of the psychometric properties of PainChek in older general hospital patients with dementia.,https://pubmed.ncbi.nlm.nih.gov/39967417/
R0178,S-10.1088/1741-2552/aceca4,48,40,10.1088/1741-2552/aceca4,37531954,2023,Evoked compound action potentials during spinal cord stimulation: effects of posture and pulse width on signal features and neural activation within the spinal cord.,https://pubmed.ncbi.nlm.nih.gov/37531954/
R0181,S-10.3390/s23083980,,,10.3390/s23083980,37112321,2023,Experimental Exploration of Multilevel Human Pain Assessment Using Blood Volume Pulse (BVP) Signals.,https://pubmed.ncbi.nlm.nih.gov/37112321/
R0182,S-10.3389/fnins.2022.831627,,,10.3389/fnins.2022.831627,35221908,2022,Experimental Exploration of Objective Human Pain Assessment Using Multimodal Sensing Signals.,https://pubmed.ncbi.nlm.nih.gov/35221908/
R0184,S-10.1088/2057-1976/ae34b4,,50,10.1088/2057-1976/ae34b4,41499809,2026,Explainable AI for Pain Perception: Subject-Independent EEG Decoding,https://pubmed.ncbi.nlm.nih.gov/41499809/
R0185,S-10.3390/s23041959,,,10.3390/s23041959,36850556,2023,Explainable Artificial Intelligence (XAI) in Pain Research: Understanding the Role of Electrodermal Activity for Automated Pain Recognition.,https://pubmed.ncbi.nlm.nih.gov/36850556/
R0187,S-10.1371/journal.pone.0254108,27,27,10.1371/journal.pone.0254108,34242325,2021,"Exploration of physiological sensors, features, and machine learning models for pain intensity estimation.",https://pubmed.ncbi.nlm.nih.gov/34242325/
R0188,S-10.3390/s19204503,,,10.3390/s19204503,31627305,2019,Exploring Deep Physiological Models for Nociceptive Pain Recognition.,https://pubmed.ncbi.nlm.nih.gov/31627305/
R0189,S-10.1016/j.jpain.2026.106416,,44,10.1016/j.jpain.2026.106416,42600964,2026,External Validation of EEG-Based Machine Learning Models for Continuous Pain Prediction.,https://pubmed.ncbi.nlm.nih.gov/42600964/
R0191,S-10.3389/fpain.2022.827551,,,10.3389/fpain.2022.827551,35295796,2022,Faces of Pain in Dementia: Learnings From a Real-World Study Using a Technology-Enabled Pain Assessment Tool.,https://pubmed.ncbi.nlm.nih.gov/35295796/
R0195,S-10.2147/jmdh.s531709,,,10.2147/jmdh.s531709,40970148,2025,Feasibility and Effectiveness of a Low-Code AI Platform for Developing a Neonatal Multimodal Pain Classification Model.,https://pubmed.ncbi.nlm.nih.gov/40970148/
R0198,S-10.3389/fnins.2019.00437,,,10.3389/fnins.2019.00437,31133782,2019,Feature Extraction and Selection for Pain Recognition Using Peripheral Physiological Signals.,https://pubmed.ncbi.nlm.nih.gov/31133782/
R0200,S-10.1136/rapm-2024-105346,51,41,10.1136/rapm-2024-105346,38508591,2025,First evidence of a biomarker-based dose-response relationship in chronic pain using physiological closed-loop spinal cord stimulation.,https://pubmed.ncbi.nlm.nih.gov/38508591/
R0201,S-10.1038/s41593-023-01338-z,31,34,10.1038/s41593-023-01338-z,37217725,2023,"First-in-human prediction of chronic pain state using intracranial neural biomarkers / P. Shirvalkar, J. Prosky, G. Chin [et al.]",https://pubmed.ncbi.nlm.nih.gov/37217725/
R0217,S-10.3390/bioengineering9120804,,,10.3390/bioengineering9120804,36551010,2022,Image-Based Pain Intensity Estimation Using Parallel CNNs with Regional Attention.,https://pubmed.ncbi.nlm.nih.gov/36551010/
R0220,S-10.2196/36998,,,10.2196/36998,35737453,2022,Improving Pain Assessment Using Vital Signs and Pain Medication for Patients With Sickle Cell Disease: Retrospective Study.,https://pubmed.ncbi.nlm.nih.gov/35737453/
R0221,S-10.1016/j.smhl.2018.01.002,,,10.1016/j.smhl.2018.01.002,30906841,2018,Improving Pain Management in Patients with Sickle Cell Disease from Physiological Measures Using Machine Learning Techniques.,https://pubmed.ncbi.nlm.nih.gov/30906841/
R0224,S-10.1016/j.dib.2026.113141,,,10.1016/j.dib.2026.113141,42662082,2026,Integrated quantitative sensory testing and psychological phenotyping dataset for capsaicin-induced neuropathic pain susceptibility.,https://pubmed.ncbi.nlm.nih.gov/42662082/
R0228,S-10.3390/s21123956,28,28,10.3390/s21123956,34201268,2021,"Kong Y., Posada-Quintero H. F., Chon K. H. Real-Time High-Level Acute Pain Detection Using a Smartphone and a Wrist-Worn Electrodermal Activity Sensor",https://doi.org/10.3390/s21123956
R0230,S-10.1016/s1474-4422(19)30414-4,33,36,10.1016/s1474-4422(19)30414-4,31870766,2020,"Long-term safety and efficacy of closed-loop spinal cord stimulation to treat chronic back and leg pain (Evoke): a double-blind, randomised, controlled trial.",https://pubmed.ncbi.nlm.nih.gov/31870766/
R0231,S-10.1109/embc.2018.8513575,26,26,10.1109/embc.2018.8513575,,2018,"Lopez-Martinez D., Picard R. Continuous Pain Intensity Estimation from Autonomic Signals with Recurrent Neural Networks",https://pubmed.ncbi.nlm.nih.gov/30441611/
R0232,S-10.1155/prm/5131891,,48,10.1155/prm/5131891,42029549,2026,Machine Learning and ECG-Derived Biomarkers for Objective Pain Assessment: An Explainable AI Approach Toward Precision Pain Management.,https://pubmed.ncbi.nlm.nih.gov/42029549/
R0233,S-10.1097/j.pain.0000000000001417,,,10.1097/j.pain.0000000000001417,30540621,2019,Machine learning-based prediction of clinical pain using multimodal neuroimaging and autonomic metrics.,https://pubmed.ncbi.nlm.nih.gov/30540621/
R0234,S-10.1097/pr9.0000000000001332,,,10.1097/pr9.0000000000001332,40969592,2025,Machine learning classification of EEG responses to pain-related vs non-pain-related stimulus in preterm infants.,https://pubmed.ncbi.nlm.nih.gov/40969592/
R0238,S-10.1038/s41598-025-21987-3,,,10.1038/s41598-025-21987-3,41173924,2025,Machine learning methods on BioVid heat pain database for pain intensity estimation.,https://pubmed.ncbi.nlm.nih.gov/41173924/
R0239,S-10.4097/kja.23583,,,10.4097/kja.23583,38176698,2024,Machine learning model of facial expression outperforms models using analgesia nociception index and vital signs to predict postoperative pain intensity: a pilot study.,https://pubmed.ncbi.nlm.nih.gov/38176698/
R0240,S-10.1038/s41598-025-92111-8,52,42,10.1038/s41598-025-92111-8,40102462,2025,Machine learning predicts spinal cord stimulation surgery outcomes and reveals novel neural markers for chronic pain.,https://pubmed.ncbi.nlm.nih.gov/40102462/
R0245,S-10.1109/jstsp.2016.2535962,25,25,10.1109/jstsp.2016.2535962,,2016,"Methods for Person-Centered Continuous Pain Intensity Assessment From Bio-Physiological Channels / M. Kächele, P. Thiam, M. Amirian [et al.]",https://ieeexplore.ieee.org/document/7421991/
R0249,S-10.1073/pnas.2319316121,23,23,10.1073/pnas.2319316121,39316050,2024,"Monitoring Surgical Nociception Using Multisensor Physiological Models / S. Subramanian, B. Tseng, M. del Carmen [et al.]",https://doi.org/10.1073/pnas.2319316121
R0250,S-10.1038/s41598-026-54248-y,,,10.1038/s41598-026-54248-y,42533023,2026,MSAFNet: A multi-scale attention fusion network for automated neonatal pain facial expression recognition with clinical validation.,https://pubmed.ncbi.nlm.nih.gov/42533023/
R0253,S-10.3791/59057,14,14,10.3791/59057,,2019,"Multi-Modal Signals for Analyzing Pain Responses to Thermal and Electrical Stimuli / S. Gruss, M. Geiger, P. Werner [et al.]",https://doi.org/10.3791/59057
R0255,S-10.3390/s24020458,,,10.3390/s24020458,38257551,2024,Multilevel Pain Assessment with Functional Near-Infrared Spectroscopy: Evaluating ΔHBO2 and ΔHHB Measures for Comprehensive Analysis.,https://pubmed.ncbi.nlm.nih.gov/38257551/
R0256,S-10.3389/fpain.2024.1372814,,,10.3389/fpain.2024.1372814,38601923,2024,Multimodal automatic assessment of acute pain through facial videos and heart rate signals utilizing transformer-based architectures.,https://pubmed.ncbi.nlm.nih.gov/38601923/
R0258,S-10.3390/s26103181,,45,10.3390/s26103181,42197989,2026,Multimodal Detection of Pain and Anticipation Anxiety from Ultra-Short Duration Wearable Sensors Measurements,https://pubmed.ncbi.nlm.nih.gov/42197989/
R0259,S-10.1016/j.dib.2025.111992,15,15,10.1016/j.dib.2025.111992,40918059,2025,"Multimodal Insights into Diverse Pain Experiences: PhysioPain Dataset / B. Toktay, İ. I. Orhan, E. Yıldırım [et al.]",https://doi.org/10.1016/j.dib.2025.111992
R0261,S-10.1016/j.dib.2021.106796,,,10.1016/j.dib.2021.106796,33644268,2021,Multimodal neonatal procedural and postoperative pain assessment dataset.,https://pubmed.ncbi.nlm.nih.gov/33644268/
R0262,S-10.1002/pne2.12007,,,10.1002/pne2.12007,35546868,2019,Multimodal pain assessment improves discrimination between noxious and non-noxious stimuli in infants.,https://pubmed.ncbi.nlm.nih.gov/35546868/
R0263,S-10.2196/67969,,,10.2196/67969,39869898,2025,Multimodal Pain Recognition in Postoperative Patients: Machine Learning Approach.,https://pubmed.ncbi.nlm.nih.gov/39869898/
R0264,S-10.3389/fpain.2023.1150264,,,10.3389/fpain.2023.1150264,37415829,2023,Multimodal physiological sensing for the assessment of acute pain.,https://pubmed.ncbi.nlm.nih.gov/37415829/
R0266,S-10.1016/j.compbiomed.2020.104150,,,10.1016/j.compbiomed.2020.104150,33348218,2021,Multimodal spatio-temporal deep learning approach for neonatal postoperative pain assessment.,https://pubmed.ncbi.nlm.nih.gov/33348218/
R0271,S-10.1136/rapm-2024-105370,,,10.1136/rapm-2024-105370,38490687,2025,Neurophysiological outcomes that sustained clinically significant improvements over 3 years of physiologic ECAP-controlled closed-loop spinal cord stimulation for the treatment of chronic pain.,https://pubmed.ncbi.nlm.nih.gov/38490687/
R0278,S-10.2196/23920,,,10.2196/23920,33533723,2021,Novel Analgesic Index for Postoperative Pain Assessment Based on a Photoplethysmographic Spectrogram and Convolutional Neural Network: Observational Study.,https://pubmed.ncbi.nlm.nih.gov/33533723/
R0280,S-10.1002/pne2.70001,,,10.1002/pne2.70001,40066435,2025,Objective Detection of Newborn Infant Acute Procedural Pain Using EEG and Machine Learning Algorithms.,https://pubmed.ncbi.nlm.nih.gov/40066435/
R0282,S-10.3390/biology14020210,,,10.3390/biology14020210,40001978,2025,Objective Pain Assessment Using Deep Learning Through EEG-Based Brain-Computer Interfaces.,https://pubmed.ncbi.nlm.nih.gov/40001978/
R0284,S-10.1038/s41746-023-00892-x,35,38,10.1038/s41746-023-00892-x,37582839,2023,"Objective wearable measures correlate with self-reported chronic pain levels in people with spinal cord stimulation systems / D. G. Patterson, D. Wilson, M. A. Fishman [et al.]",https://pubmed.ncbi.nlm.nih.gov/37582839/
R0286,S-10.3390/s24196298,,,10.3390/s24196298,39409338,2024,Pain Assessment for Patients with Dementia and Communication Impairment: Feasibility Study of the Usage of Artificial Intelligence-Enabled Wearables.,https://pubmed.ncbi.nlm.nih.gov/39409338/
R0288,S-10.2196/25258,,,10.2196/25258,33949957,2021,Pain Assessment Tool With Electrodermal Activity for Postoperative Patients: Method Validation Study.,https://pubmed.ncbi.nlm.nih.gov/33949957/
R0291,S-10.1371/journal.pone.0232412,,,10.1371/journal.pone.0232412,32822348,2020,Pain intensity estimation based on a spatial transformation and attention CNN.,https://pubmed.ncbi.nlm.nih.gov/32822348/
R0292,S-10.1371/journal.pone.0140330,24,24,10.1371/journal.pone.0140330,26474183,2015,Pain Intensity Recognition Rates via Biopotential Feature Patterns with Support Vector Machines.,https://pubmed.ncbi.nlm.nih.gov/26474183/
R0293,S-10.3390/diagnostics15182362,,,10.3390/diagnostics15182362,41008735,2025,Pain Level Classification from Speech Using GRU-Mixer Architecture with Log-Mel Spectrogram Features.,https://pubmed.ncbi.nlm.nih.gov/41008735/
R0295,S-10.2196/25079,,,10.2196/25079,34047710,2021,Pain Recognition With Electrocardiographic Features in Postoperative Patients: Method Validation Study.,https://pubmed.ncbi.nlm.nih.gov/34047710/
R0296,S-10.1109/fg.2011.5771462,18,18,10.1109/fg.2011.5771462,,2011,"PAINFUL DATA: The UNBC-McMaster Shoulder Pain Expression Archive Database / P. Lucey, J. F. Cohn, K. M. Prkachin [et al.]",https://doi.org/10.1109/FG.2011.5771462
R0298,S-10.1371/journal.pdig.0001442,,,10.1371/journal.pdig.0001442,42189831,2026,PANDIA: Personalized neuro-symbolic multimodal fusion for interpretable neonatal pain assessment.,https://pubmed.ncbi.nlm.nih.gov/42189831/
R0302,S-10.1371/journal.pone.0354510,,,10.1371/journal.pone.0354510,42636251,2026,Personalized adaptive virtual reality experience driven by electroencephalography-based pain recognition.,https://pubmed.ncbi.nlm.nih.gov/42636251/
R0303,S-10.3390/s22218087,,,10.3390/s22218087,36365785,2022,Personalized Deep Bi-LSTM RNN Based Model for Pain Intensity Classification Using EDA Signal.,https://pubmed.ncbi.nlm.nih.gov/36365785/
R0304,S-10.3390/s25072086,,,10.3390/s25072086,40218599,2025,Physiological Sensor Modality Sensitivity Test for Pain Intensity Classification in Quantitative Sensory Testing.,https://pubmed.ncbi.nlm.nih.gov/40218599/
R0309,S-10.1002/ejp.70313,,,10.1002/ejp.70313,42377977,2026,Predicting Pain: Electroencephalography Signatures of Neural Integration During Experimental Tonic Thermal Pain.,https://pubmed.ncbi.nlm.nih.gov/42377977/
R0313,S-10.1186/s12911-025-03305-z,,,10.1186/s12911-025-03305-z,41398270,2025,Predictive machine learning for postoperative pain using biosignals: a retrospective observational study.,https://pubmed.ncbi.nlm.nih.gov/41398270/
R0318,S-10.1109/tbme.2017.2756870,,,10.1109/tbme.2017.2756870,28952933,2017,Quantifying and Characterizing Tonic Thermal Pain Across Subjects From EEG Data Using Random Forest Models.,https://pubmed.ncbi.nlm.nih.gov/28952933/
R0319,S-10.1038/ncomms14211,45,33,10.1038/ncomms14211,28195170,2017,"Quantifying cerebral contributions to pain beyond nociception / C.-W. Woo, L. Schmidt, A. Krishnan [et al.]",https://doi.org/10.1038/ncomms14211
R0321,S-10.1016/j.dib.2026.112842,,,10.1016/j.dib.2026.112842,42205768,2026,Quantitative sensory testing and classical pain model dataset in 127 healthy volunteers.,https://pubmed.ncbi.nlm.nih.gov/42205768/
R0323,S-10.3390/s26103020,,46,10.3390/s26103020,42197829,2026,Real-Time Pain Assessment from Electrodermal Activity Using Deep Learning.,https://pubmed.ncbi.nlm.nih.gov/42197829/
R0326,S-10.1109/tbme.2009.2039214,,,10.1109/tbme.2009.2039214,20172803,2010,Relevance vector machine learning for neonate pain intensity assessment using digital imaging.,https://pubmed.ncbi.nlm.nih.gov/20172803/
R0339,S-10.1093/neuros/nyaa003,,,10.1093/neuros/nyaa003,32023344,2020,"Sustained Long-Term Outcomes With Closed-Loop Spinal Cord Stimulation: 12-Month Results of the Prospective, Multicenter, Open-Label Avalon Study.",https://pubmed.ncbi.nlm.nih.gov/32023344/
R0341,S-10.1038/s41597-025-04733-2,17,17,10.1038/s41597-025-04733-2,40210645,2025,"TAME Pain Data Release: Using Audio Signals to Characterize Pain / T.-Q. Dao, E. Schneiders, J. Williams [et al.]",https://doi.org/10.1038/s41597-025-04733-2
R0346,S-10.1109/taffc.2015.2462830,19,19,10.1109/taffc.2015.2462830,30906508,2016,"The Automatic Detection of Chronic Pain-Related Expression: Requirements, Challenges and the Multimodal EmoPain Dataset / M. S. H. Aung, S. Kaltwang, B. Romera-Paredes [et al.]",https://doi.org/10.1109/TAFFC.2015.2462830
R0347,S-10.1109/cybconf.2013.6617456,13,13,10.1109/cybconf.2013.6617456,,2013,"The BioVid Heat Pain Database: Data for the Advancement and Systematic Validation of an Automated Pain Recognition System / S. Walter, S. Gruss, H. Ehleiter [et al.]",https://doi.org/10.1109/CYBConf.2013.6617456
R0348,S-10.2196/41992,,,10.2196/41992,36780223,2023,The Clinical Suitability of an Artificial Intelligence-Enabled Pain Assessment Tool for Use in Infants: Feasibility and Usability Evaluation Study.,https://pubmed.ncbi.nlm.nih.gov/36780223/
R0351,S-10.1109/taffc.2024.3390837,20,20,10.1109/taffc.2024.3390837,,2025,"The EmoPain@Home Dataset: Capturing Pain Level and Activity Recognition for People with Chronic Pain in Their Homes / T. Olugbade, R. A. Buono, K. Potapov [et al.]",https://doi.org/10.1109/TAFFC.2024.3390837
R0352,S-10.3389/fnins.2021.673998,47,39,10.3389/fnins.2021.673998,34335157,2021,"The Evoked Compound Action Potential as a Predictor for Perception in Chronic Pain Patients: Tools for Automatic Spinal Cord Stimulator Programming and Control / J. G. Pilitsis, K. V. Chakravarthy, A. J. Will [et al.]",https://doi.org/10.3389/fnins.2021.673998
R0363,S-10.3390/diagnostics16091346,,,10.3390/diagnostics16091346,42122048,2026,Toward Intelligent Emergency Triage: A Feasibility Study of Real-Time Facial Expression-Based Chest Pain Intensity Assessment.,https://pubmed.ncbi.nlm.nih.gov/42122048/
R0368,S-10.3389/fphys.2023.1294577,43,30,10.3389/fphys.2023.1294577,38124717,2023,Transformer encoder with multiscale deep learning for pain classification using physiological signals.,https://pubmed.ncbi.nlm.nih.gov/38124717/
R0370,S-10.3390/s20030839,,,10.3390/s20030839,32033240,2020,Two-Stream Attention Network for Pain Recognition from Video Sequences.,https://pubmed.ncbi.nlm.nih.gov/32033240/
R0371,S-10.1371/journal.pone.0307970,29,29,10.1371/journal.pone.0307970,39088473,2024,Uncertainty quantification in neural-network based pain intensity estimation.,https://pubmed.ncbi.nlm.nih.gov/39088473/
R0373,S-10.2196/13671,,,10.2196/13671,31789599,2019,Use of Mobile Health Apps and Wearable Technology to Assess Changes and Predict Pain During Treatment of Acute Pain in Sickle Cell Disease: Feasibility Study.,https://pubmed.ncbi.nlm.nih.gov/31789599/
R0378,S-10.3390/s23031443,,,10.3390/s23031443,36772482,2023,Using the Electrocardiogram for Pain Classification under Emotional Contexts.,https://pubmed.ncbi.nlm.nih.gov/36772482/
R0379,S-10.3390/diagnostics13162661,,,10.3390/diagnostics13162661,37627921,2023,Video-Based versus On-Site Neonatal Pain Assessment in Neonatal Intensive Care Units: The Impact of Video-Based Neonatal Pain Assessment in Real-World Scenario on Pain Diagnosis and Its Artificial Intelligence Application.,https://pubmed.ncbi.nlm.nih.gov/37627921/
R0381,S-10.1016/j.dib.2026.113131,16,16,10.1016/j.dib.2026.113131,42621863,2026,"Yıldırım E., Patlar Akbulut F. RheumaPain: a multimodal biosignal dataset for objective pain assessment in pediatric rheumatic diseases",https://doi.org/10.1016/j.dib.2026.113131
